guide	guide_title	category	step	image	file	source	author	guide_url
5029	Nintendo 3DS Teardown	Nintendo 3DS	1	1	Nintendo_3DS/5029_Nintendo_3DS_Teardown/step01_1.jpg	https://guide-images.cdn.ifixit.com/igi/kIdasThA5Uc3dKEZ.full	Walter Galan	https://www.ifixit.com/Teardown/Nintendo+3DS+Teardown/5029
5029	Nintendo 3DS Teardown	Nintendo 3DS	1	2	Nintendo_3DS/5029_Nintendo_3DS_Teardown/step01_2.jpg	https://guide-images.cdn.ifixit.com/igi/IT5fmQpIhs2TcEs1.full	Walter Galan	https://www.ifixit.com/Teardown/Nintendo+3DS+Teardown/5029
5029	Nintendo 3DS Teardown	Nintendo 3DS	2	1	Nintendo_3DS/5029_Nintendo_3DS_Teardown/step02_1.jpg	https://guide-images.cdn.ifixit.com/igi/RACIKUTqHLSDi6tn.full	Walter Galan	https://www.ifixit.com/Teardown/Nintendo+3DS+Teardown/5029
5029	Nintendo 3DS Teardown	Nintendo 3DS	3	1	Nintendo_3DS/5029_Nintendo_3DS_Teardown/step03_1.jpg	https://guide-images.cdn.ifixit.com/igi/eFByWckqSmYdcnm3.full	Walter Galan	https://www.ifixit.com/Teardown/Nintendo+3DS+Teardown/5029
5029	Nintendo 3DS Teardown	Nintendo 3DS	4	1	Nintendo_3DS/5029_Nintendo_3DS_Teardown/step04_1.jpg	https://guide-images.cdn.ifixit.com/igi/IoKvdLAkHsuDMXxL.full	Walter Galan	https://www.ifixit.com/Teardown/Nintendo+3DS+Teardown/5029
5029	Nintendo 3DS Teardown	Nintendo 3DS	4	2	Nintendo_3DS/5029_Nintendo_3DS_Teardown/step04_2.jpg	https://guide-images.cdn.ifixit.com/igi/pnGYr6PWWBKXhGYK.full	Walter Galan	https://www.ifixit.com/Teardown/Nintendo+3DS+Teardown/5029
5029	Nintendo 3DS Teardown	Nintendo 3DS	4	3	Nintendo_3DS/5029_Nintendo_3DS_Teardown/step04_3.jpg	https://guide-images.cdn.ifixit.com/igi/hXJMBGsqPULThOul.full	Walter Galan	https://www.ifixit.com/Teardown/Nintendo+3DS+Teardown/5029
5029	Nintendo 3DS Teardown	Nintendo 3DS	5	1	Nintendo_3DS/5029_Nintendo_3DS_Teardown/step05_1.jpg	https://guide-images.cdn.ifixit.com/igi/RFH4US3X66fXYKCY.full	Walter Galan	https://www.ifixit.com/Teardown/Nintendo+3DS+Teardown/5029
5029	Nintendo 3DS Teardown	Nintendo 3DS	5	2	Nintendo_3DS/5029_Nintendo_3DS_Teardown/step05_2.jpg	https://guide-images.cdn.ifixit.com/igi/OrjGYvYotn3wCULi.full	Walter Galan	https://www.ifixit.com/Teardown/Nintendo+3DS+Teardown/5029
5029	Nintendo 3DS Teardown	Nintendo 3DS	6	1	Nintendo_3DS/5029_Nintendo_3DS_Teardown/step06_1.jpg	https://guide-images.cdn.ifixit.com/igi/l31DElbHEobKBQpD.full	Walter Galan	https://www.ifixit.com/Teardown/Nintendo+3DS+Teardown/5029
5029	Nintendo 3DS Teardown	Nintendo 3DS	7	1	Nintendo_3DS/5029_Nintendo_3DS_Teardown/step07_1.jpg	https://guide-images.cdn.ifixit.com/igi/E2xSKjqUVqUOLaDY.full	Walter Galan	https://www.ifixit.com/Teardown/Nintendo+3DS+Teardown/5029
5029	Nintendo 3DS Teardown	Nintendo 3DS	7	2	Nintendo_3DS/5029_Nintendo_3DS_Teardown/step07_2.jpg	https://guide-images.cdn.ifixit.com/igi/6MLkEKNK12PONaZr.full	Walter Galan	https://www.ifixit.com/Teardown/Nintendo+3DS+Teardown/5029
5029	Nintendo 3DS Teardown	Nintendo 3DS	8	1	Nintendo_3DS/5029_Nintendo_3DS_Teardown/step08_1.jpg	https://guide-images.cdn.ifixit.com/igi/EnGbwxdvbXWvwmdi.full	Walter Galan	https://www.ifixit.com/Teardown/Nintendo+3DS+Teardown/5029
5029	Nintendo 3DS Teardown	Nintendo 3DS	8	2	Nintendo_3DS/5029_Nintendo_3DS_Teardown/step08_2.jpg	https://guide-images.cdn.ifixit.com/igi/E1PmuMLM2uYnku5P.full	Walter Galan	https://www.ifixit.com/Teardown/Nintendo+3DS+Teardown/5029
5029	Nintendo 3DS Teardown	Nintendo 3DS	8	3	Nintendo_3DS/5029_Nintendo_3DS_Teardown/step08_3.jpg	https://guide-images.cdn.ifixit.com/igi/vyeXeG2SZJjZwpxC.full	Walter Galan	https://www.ifixit.com/Teardown/Nintendo+3DS+Teardown/5029
5029	Nintendo 3DS Teardown	Nintendo 3DS	9	1	Nintendo_3DS/5029_Nintendo_3DS_Teardown/step09_1.jpg	https://guide-images.cdn.ifixit.com/igi/SnDgIacVLJv5kkNE.full	Walter Galan	https://www.ifixit.com/Teardown/Nintendo+3DS+Teardown/5029
5029	Nintendo 3DS Teardown	Nintendo 3DS	9	2	Nintendo_3DS/5029_Nintendo_3DS_Teardown/step09_2.jpg	https://guide-images.cdn.ifixit.com/igi/IkjXAUHUgmdZch6A.full	Walter Galan	https://www.ifixit.com/Teardown/Nintendo+3DS+Teardown/5029
5029	Nintendo 3DS Teardown	Nintendo 3DS	10	1	Nintendo_3DS/5029_Nintendo_3DS_Teardown/step10_1.jpg	https://guide-images.cdn.ifixit.com/igi/2lmCAgEK6rydGfPb.full	Walter Galan	https://www.ifixit.com/Teardown/Nintendo+3DS+Teardown/5029
5029	Nintendo 3DS Teardown	Nintendo 3DS	10	2	Nintendo_3DS/5029_Nintendo_3DS_Teardown/step10_2.jpg	https://guide-images.cdn.ifixit.com/igi/ErOT5MRuuBXISQRW.full	Walter Galan	https://www.ifixit.com/Teardown/Nintendo+3DS+Teardown/5029
5029	Nintendo 3DS Teardown	Nintendo 3DS	10	3	Nintendo_3DS/5029_Nintendo_3DS_Teardown/step10_3.jpg	https://guide-images.cdn.ifixit.com/igi/WOssAmilZH1RKQcm.full	Walter Galan	https://www.ifixit.com/Teardown/Nintendo+3DS+Teardown/5029
5029	Nintendo 3DS Teardown	Nintendo 3DS	11	1	Nintendo_3DS/5029_Nintendo_3DS_Teardown/step11_1.jpg	https://guide-images.cdn.ifixit.com/igi/RRZgnVoDCrIujZKu.full	Walter Galan	https://www.ifixit.com/Teardown/Nintendo+3DS+Teardown/5029
5029	Nintendo 3DS Teardown	Nintendo 3DS	11	2	Nintendo_3DS/5029_Nintendo_3DS_Teardown/step11_2.jpg	https://guide-images.cdn.ifixit.com/igi/PvE1aYykjWsRBApn.full	Walter Galan	https://www.ifixit.com/Teardown/Nintendo+3DS+Teardown/5029
5029	Nintendo 3DS Teardown	Nintendo 3DS	12	1	Nintendo_3DS/5029_Nintendo_3DS_Teardown/step12_1.jpg	https://guide-images.cdn.ifixit.com/igi/lkGtpyCuwkMCeNS4.full	Walter Galan	https://www.ifixit.com/Teardown/Nintendo+3DS+Teardown/5029
5029	Nintendo 3DS Teardown	Nintendo 3DS	12	2	Nintendo_3DS/5029_Nintendo_3DS_Teardown/step12_2.jpg	https://guide-images.cdn.ifixit.com/igi/U3yGUisxlAMDabDn.full	Walter Galan	https://www.ifixit.com/Teardown/Nintendo+3DS+Teardown/5029
5029	Nintendo 3DS Teardown	Nintendo 3DS	12	3	Nintendo_3DS/5029_Nintendo_3DS_Teardown/step12_3.jpg	https://guide-images.cdn.ifixit.com/igi/kNC3kHgJAxOFXYXi.full	Walter Galan	https://www.ifixit.com/Teardown/Nintendo+3DS+Teardown/5029
5029	Nintendo 3DS Teardown	Nintendo 3DS	13	1	Nintendo_3DS/5029_Nintendo_3DS_Teardown/step13_1.jpg	https://guide-images.cdn.ifixit.com/igi/CMyvFq3H6EJWqGHZ.full	Walter Galan	https://www.ifixit.com/Teardown/Nintendo+3DS+Teardown/5029
5029	Nintendo 3DS Teardown	Nintendo 3DS	13	2	Nintendo_3DS/5029_Nintendo_3DS_Teardown/step13_2.jpg	https://guide-images.cdn.ifixit.com/igi/BUSghgRLYJyRNZab.full	Walter Galan	https://www.ifixit.com/Teardown/Nintendo+3DS+Teardown/5029
5029	Nintendo 3DS Teardown	Nintendo 3DS	14	1	Nintendo_3DS/5029_Nintendo_3DS_Teardown/step14_1.jpg	https://guide-images.cdn.ifixit.com/igi/ZNLWCfUYPgGCdpbA.full	Walter Galan	https://www.ifixit.com/Teardown/Nintendo+3DS+Teardown/5029
5029	Nintendo 3DS Teardown	Nintendo 3DS	15	1	Nintendo_3DS/5029_Nintendo_3DS_Teardown/step15_1.jpg	https://guide-images.cdn.ifixit.com/igi/n1CKAdbPrHyNPNuW.full	Walter Galan	https://www.ifixit.com/Teardown/Nintendo+3DS+Teardown/5029
5029	Nintendo 3DS Teardown	Nintendo 3DS	16	1	Nintendo_3DS/5029_Nintendo_3DS_Teardown/step16_1.jpg	https://guide-images.cdn.ifixit.com/igi/NTAjH1fPWq5TUdgS.full	Walter Galan	https://www.ifixit.com/Teardown/Nintendo+3DS+Teardown/5029
5029	Nintendo 3DS Teardown	Nintendo 3DS	16	2	Nintendo_3DS/5029_Nintendo_3DS_Teardown/step16_2.jpg	https://guide-images.cdn.ifixit.com/igi/gBvSNRjQtMBTRHAV.full	Walter Galan	https://www.ifixit.com/Teardown/Nintendo+3DS+Teardown/5029
5029	Nintendo 3DS Teardown	Nintendo 3DS	16	3	Nintendo_3DS/5029_Nintendo_3DS_Teardown/step16_3.jpg	https://guide-images.cdn.ifixit.com/igi/gYOThjT6MNSqVsm6.full	Walter Galan	https://www.ifixit.com/Teardown/Nintendo+3DS+Teardown/5029
5029	Nintendo 3DS Teardown	Nintendo 3DS	17	1	Nintendo_3DS/5029_Nintendo_3DS_Teardown/step17_1.jpg	https://guide-images.cdn.ifixit.com/igi/4gfZYgGog2eHHBiX.full	Walter Galan	https://www.ifixit.com/Teardown/Nintendo+3DS+Teardown/5029
5029	Nintendo 3DS Teardown	Nintendo 3DS	17	2	Nintendo_3DS/5029_Nintendo_3DS_Teardown/step17_2.jpg	https://guide-images.cdn.ifixit.com/igi/ZYbHdeFTFmqqxIvQ.full	Walter Galan	https://www.ifixit.com/Teardown/Nintendo+3DS+Teardown/5029
5029	Nintendo 3DS Teardown	Nintendo 3DS	18	1	Nintendo_3DS/5029_Nintendo_3DS_Teardown/step18_1.jpg	https://guide-images.cdn.ifixit.com/igi/ONDBDBqwLJCmcJVR.full	Walter Galan	https://www.ifixit.com/Teardown/Nintendo+3DS+Teardown/5029
5029	Nintendo 3DS Teardown	Nintendo 3DS	18	2	Nintendo_3DS/5029_Nintendo_3DS_Teardown/step18_2.jpg	https://guide-images.cdn.ifixit.com/igi/YhXnxXcwOlRSkQvt.full	Walter Galan	https://www.ifixit.com/Teardown/Nintendo+3DS+Teardown/5029
5029	Nintendo 3DS Teardown	Nintendo 3DS	18	3	Nintendo_3DS/5029_Nintendo_3DS_Teardown/step18_3.jpg	https://guide-images.cdn.ifixit.com/igi/FuuSaBZmOypiFxwd.full	Walter Galan	https://www.ifixit.com/Teardown/Nintendo+3DS+Teardown/5029
5029	Nintendo 3DS Teardown	Nintendo 3DS	19	1	Nintendo_3DS/5029_Nintendo_3DS_Teardown/step19_1.jpg	https://guide-images.cdn.ifixit.com/igi/tF3EFNBICBFqlwCo.full	Walter Galan	https://www.ifixit.com/Teardown/Nintendo+3DS+Teardown/5029
5029	Nintendo 3DS Teardown	Nintendo 3DS	19	2	Nintendo_3DS/5029_Nintendo_3DS_Teardown/step19_2.jpg	https://guide-images.cdn.ifixit.com/igi/L2UbS1othjQxVjGp.full	Walter Galan	https://www.ifixit.com/Teardown/Nintendo+3DS+Teardown/5029
5029	Nintendo 3DS Teardown	Nintendo 3DS	20	1	Nintendo_3DS/5029_Nintendo_3DS_Teardown/step20_1.jpg	https://guide-images.cdn.ifixit.com/igi/sNIU6xxDNPEn2SjQ.full	Walter Galan	https://www.ifixit.com/Teardown/Nintendo+3DS+Teardown/5029
5029	Nintendo 3DS Teardown	Nintendo 3DS	21	1	Nintendo_3DS/5029_Nintendo_3DS_Teardown/step21_1.jpg	https://guide-images.cdn.ifixit.com/igi/BRGA4BYUDoYnR3DV.full	Walter Galan	https://www.ifixit.com/Teardown/Nintendo+3DS+Teardown/5029
5029	Nintendo 3DS Teardown	Nintendo 3DS	21	2	Nintendo_3DS/5029_Nintendo_3DS_Teardown/step21_2.jpg	https://guide-images.cdn.ifixit.com/igi/j25jUOI6Or4WG4gj.full	Walter Galan	https://www.ifixit.com/Teardown/Nintendo+3DS+Teardown/5029
5029	Nintendo 3DS Teardown	Nintendo 3DS	22	1	Nintendo_3DS/5029_Nintendo_3DS_Teardown/step22_1.jpg	https://guide-images.cdn.ifixit.com/igi/v1Ie3BkpBYkCOeaP.full	Walter Galan	https://www.ifixit.com/Teardown/Nintendo+3DS+Teardown/5029
5029	Nintendo 3DS Teardown	Nintendo 3DS	22	2	Nintendo_3DS/5029_Nintendo_3DS_Teardown/step22_2.jpg	https://guide-images.cdn.ifixit.com/igi/YCgFsmN1OX5ATYYw.full	Walter Galan	https://www.ifixit.com/Teardown/Nintendo+3DS+Teardown/5029
5557	Nintendo 3DS Back Cover Replacement	Nintendo 3DS	1	1	Nintendo_3DS/5557_Nintendo_3DS_Back_Cover_Replacement/step01_1.jpg	https://guide-images.cdn.ifixit.com/igi/ITwcDRVYSfefXdaR.large	David Hodson	https://www.ifixit.com/Guide/Nintendo+3DS+Back+Cover+Replacement/5557
5557	Nintendo 3DS Back Cover Replacement	Nintendo 3DS	2	1	Nintendo_3DS/5557_Nintendo_3DS_Back_Cover_Replacement/step02_1.jpg	https://guide-images.cdn.ifixit.com/igi/WujDe4xE4eI3tHJg.large	David Hodson	https://www.ifixit.com/Guide/Nintendo+3DS+Back+Cover+Replacement/5557
5557	Nintendo 3DS Back Cover Replacement	Nintendo 3DS	2	2	Nintendo_3DS/5557_Nintendo_3DS_Back_Cover_Replacement/step02_2.jpg	https://guide-images.cdn.ifixit.com/igi/jc1ysoaDZCIw2TEj.large	David Hodson	https://www.ifixit.com/Guide/Nintendo+3DS+Back+Cover+Replacement/5557
5558	Nintendo 3DS Battery Replacement	Nintendo 3DS	1	1	Nintendo_3DS/5558_Nintendo_3DS_Battery_Replacement/step01_1.jpg	https://guide-images.cdn.ifixit.com/igi/ITwcDRVYSfefXdaR.large	David Hodson	https://www.ifixit.com/Guide/Nintendo+3DS+Battery+Replacement/5558
5558	Nintendo 3DS Battery Replacement	Nintendo 3DS	2	1	Nintendo_3DS/5558_Nintendo_3DS_Battery_Replacement/step02_1.jpg	https://guide-images.cdn.ifixit.com/igi/WujDe4xE4eI3tHJg.large	David Hodson	https://www.ifixit.com/Guide/Nintendo+3DS+Battery+Replacement/5558
5558	Nintendo 3DS Battery Replacement	Nintendo 3DS	2	2	Nintendo_3DS/5558_Nintendo_3DS_Battery_Replacement/step02_2.jpg	https://guide-images.cdn.ifixit.com/igi/jc1ysoaDZCIw2TEj.large	David Hodson	https://www.ifixit.com/Guide/Nintendo+3DS+Battery+Replacement/5558
5558	Nintendo 3DS Battery Replacement	Nintendo 3DS	3	1	Nintendo_3DS/5558_Nintendo_3DS_Battery_Replacement/step03_1.jpg	https://guide-images.cdn.ifixit.com/igi/dpUdpUimvCFfqOw1.large	David Hodson	https://www.ifixit.com/Guide/Nintendo+3DS+Battery+Replacement/5558
5558	Nintendo 3DS Battery Replacement	Nintendo 3DS	3	2	Nintendo_3DS/5558_Nintendo_3DS_Battery_Replacement/step03_2.jpg	https://guide-images.cdn.ifixit.com/igi/lnBikT41fiBvcLcS.large	David Hodson	https://www.ifixit.com/Guide/Nintendo+3DS+Battery+Replacement/5558
5558	Nintendo 3DS Battery Replacement	Nintendo 3DS	3	3	Nintendo_3DS/5558_Nintendo_3DS_Battery_Replacement/step03_3.jpg	https://guide-images.cdn.ifixit.com/igi/veZLHretTgIkbLcI.large	David Hodson	https://www.ifixit.com/Guide/Nintendo+3DS+Battery+Replacement/5558
5559	Nintendo 3DS Lower Case Replacement	Nintendo 3DS	1	1	Nintendo_3DS/5559_Nintendo_3DS_Lower_Case_Replacement/step01_1.jpg	https://guide-images.cdn.ifixit.com/igi/ITwcDRVYSfefXdaR.large	David Hodson	https://www.ifixit.com/Guide/Nintendo+3DS+Lower+Case+Replacement/5559
5559	Nintendo 3DS Lower Case Replacement	Nintendo 3DS	2	1	Nintendo_3DS/5559_Nintendo_3DS_Lower_Case_Replacement/step02_1.jpg	https://guide-images.cdn.ifixit.com/igi/WujDe4xE4eI3tHJg.large	David Hodson	https://www.ifixit.com/Guide/Nintendo+3DS+Lower+Case+Replacement/5559
5559	Nintendo 3DS Lower Case Replacement	Nintendo 3DS	2	2	Nintendo_3DS/5559_Nintendo_3DS_Lower_Case_Replacement/step02_2.jpg	https://guide-images.cdn.ifixit.com/igi/jc1ysoaDZCIw2TEj.large	David Hodson	https://www.ifixit.com/Guide/Nintendo+3DS+Lower+Case+Replacement/5559
5559	Nintendo 3DS Lower Case Replacement	Nintendo 3DS	3	1	Nintendo_3DS/5559_Nintendo_3DS_Lower_Case_Replacement/step03_1.jpg	https://guide-images.cdn.ifixit.com/igi/dpUdpUimvCFfqOw1.large	David Hodson	https://www.ifixit.com/Guide/Nintendo+3DS+Lower+Case+Replacement/5559
5559	Nintendo 3DS Lower Case Replacement	Nintendo 3DS	3	2	Nintendo_3DS/5559_Nintendo_3DS_Lower_Case_Replacement/step03_2.jpg	https://guide-images.cdn.ifixit.com/igi/lnBikT41fiBvcLcS.large	David Hodson	https://www.ifixit.com/Guide/Nintendo+3DS+Lower+Case+Replacement/5559
5559	Nintendo 3DS Lower Case Replacement	Nintendo 3DS	3	3	Nintendo_3DS/5559_Nintendo_3DS_Lower_Case_Replacement/step03_3.jpg	https://guide-images.cdn.ifixit.com/igi/veZLHretTgIkbLcI.large	David Hodson	https://www.ifixit.com/Guide/Nintendo+3DS+Lower+Case+Replacement/5559
5559	Nintendo 3DS Lower Case Replacement	Nintendo 3DS	4	1	Nintendo_3DS/5559_Nintendo_3DS_Lower_Case_Replacement/step04_1.jpg	https://guide-images.cdn.ifixit.com/igi/BkJd3OSBpy1Rvikh.large	David Hodson	https://www.ifixit.com/Guide/Nintendo+3DS+Lower+Case+Replacement/5559
5559	Nintendo 3DS Lower Case Replacement	Nintendo 3DS	5	1	Nintendo_3DS/5559_Nintendo_3DS_Lower_Case_Replacement/step05_1.jpg	https://guide-images.cdn.ifixit.com/igi/S3qgP6SxRRPY5IxB.large	David Hodson	https://www.ifixit.com/Guide/Nintendo+3DS+Lower+Case+Replacement/5559
5559	Nintendo 3DS Lower Case Replacement	Nintendo 3DS	5	2	Nintendo_3DS/5559_Nintendo_3DS_Lower_Case_Replacement/step05_2.jpg	https://guide-images.cdn.ifixit.com/igi/HILuUcmesyZeEmtm.large	David Hodson	https://www.ifixit.com/Guide/Nintendo+3DS+Lower+Case+Replacement/5559
5559	Nintendo 3DS Lower Case Replacement	Nintendo 3DS	5	3	Nintendo_3DS/5559_Nintendo_3DS_Lower_Case_Replacement/step05_3.jpg	https://guide-images.cdn.ifixit.com/igi/jwM1ceschy1xdwE3.large	David Hodson	https://www.ifixit.com/Guide/Nintendo+3DS+Lower+Case+Replacement/5559
5560	Nintendo 3DS Stylus Housing Replacement	Nintendo 3DS	1	1	Nintendo_3DS/5560_Nintendo_3DS_Stylus_Housing_Replacement/step01_1.jpg	https://guide-images.cdn.ifixit.com/igi/ITwcDRVYSfefXdaR.large	David Hodson	https://www.ifixit.com/Guide/Nintendo+3DS+Stylus+Housing+Replacement/5560
5560	Nintendo 3DS Stylus Housing Replacement	Nintendo 3DS	2	1	Nintendo_3DS/5560_Nintendo_3DS_Stylus_Housing_Replacement/step02_1.jpg	https://guide-images.cdn.ifixit.com/igi/WujDe4xE4eI3tHJg.large	David Hodson	https://www.ifixit.com/Guide/Nintendo+3DS+Stylus+Housing+Replacement/5560
5560	Nintendo 3DS Stylus Housing Replacement	Nintendo 3DS	2	2	Nintendo_3DS/5560_Nintendo_3DS_Stylus_Housing_Replacement/step02_2.jpg	https://guide-images.cdn.ifixit.com/igi/jc1ysoaDZCIw2TEj.large	David Hodson	https://www.ifixit.com/Guide/Nintendo+3DS+Stylus+Housing+Replacement/5560
5560	Nintendo 3DS Stylus Housing Replacement	Nintendo 3DS	3	1	Nintendo_3DS/5560_Nintendo_3DS_Stylus_Housing_Replacement/step03_1.jpg	https://guide-images.cdn.ifixit.com/igi/dpUdpUimvCFfqOw1.large	David Hodson	https://www.ifixit.com/Guide/Nintendo+3DS+Stylus+Housing+Replacement/5560
5560	Nintendo 3DS Stylus Housing Replacement	Nintendo 3DS	3	2	Nintendo_3DS/5560_Nintendo_3DS_Stylus_Housing_Replacement/step03_2.jpg	https://guide-images.cdn.ifixit.com/igi/lnBikT41fiBvcLcS.large	David Hodson	https://www.ifixit.com/Guide/Nintendo+3DS+Stylus+Housing+Replacement/5560
5560	Nintendo 3DS Stylus Housing Replacement	Nintendo 3DS	3	3	Nintendo_3DS/5560_Nintendo_3DS_Stylus_Housing_Replacement/step03_3.jpg	https://guide-images.cdn.ifixit.com/igi/veZLHretTgIkbLcI.large	David Hodson	https://www.ifixit.com/Guide/Nintendo+3DS+Stylus+Housing+Replacement/5560
5560	Nintendo 3DS Stylus Housing Replacement	Nintendo 3DS	4	1	Nintendo_3DS/5560_Nintendo_3DS_Stylus_Housing_Replacement/step04_1.jpg	https://guide-images.cdn.ifixit.com/igi/BkJd3OSBpy1Rvikh.large	David Hodson	https://www.ifixit.com/Guide/Nintendo+3DS+Stylus+Housing+Replacement/5560
5560	Nintendo 3DS Stylus Housing Replacement	Nintendo 3DS	5	1	Nintendo_3DS/5560_Nintendo_3DS_Stylus_Housing_Replacement/step05_1.jpg	https://guide-images.cdn.ifixit.com/igi/S3qgP6SxRRPY5IxB.large	David Hodson	https://www.ifixit.com/Guide/Nintendo+3DS+Stylus+Housing+Replacement/5560
5560	Nintendo 3DS Stylus Housing Replacement	Nintendo 3DS	5	2	Nintendo_3DS/5560_Nintendo_3DS_Stylus_Housing_Replacement/step05_2.jpg	https://guide-images.cdn.ifixit.com/igi/HILuUcmesyZeEmtm.large	David Hodson	https://www.ifixit.com/Guide/Nintendo+3DS+Stylus+Housing+Replacement/5560
5560	Nintendo 3DS Stylus Housing Replacement	Nintendo 3DS	5	3	Nintendo_3DS/5560_Nintendo_3DS_Stylus_Housing_Replacement/step05_3.jpg	https://guide-images.cdn.ifixit.com/igi/jwM1ceschy1xdwE3.large	David Hodson	https://www.ifixit.com/Guide/Nintendo+3DS+Stylus+Housing+Replacement/5560
5560	Nintendo 3DS Stylus Housing Replacement	Nintendo 3DS	6	1	Nintendo_3DS/5560_Nintendo_3DS_Stylus_Housing_Replacement/step06_1.jpg	https://guide-images.cdn.ifixit.com/igi/14EdmHqwU53aZyGn.large	David Hodson	https://www.ifixit.com/Guide/Nintendo+3DS+Stylus+Housing+Replacement/5560
5560	Nintendo 3DS Stylus Housing Replacement	Nintendo 3DS	7	1	Nintendo_3DS/5560_Nintendo_3DS_Stylus_Housing_Replacement/step07_1.jpg	https://guide-images.cdn.ifixit.com/igi/aTEsuGDT3lu4JQVW.large	David Hodson	https://www.ifixit.com/Guide/Nintendo+3DS+Stylus+Housing+Replacement/5560
5560	Nintendo 3DS Stylus Housing Replacement	Nintendo 3DS	7	2	Nintendo_3DS/5560_Nintendo_3DS_Stylus_Housing_Replacement/step07_2.jpg	https://guide-images.cdn.ifixit.com/igi/YlhpWb1nICHNa5sK.large	David Hodson	https://www.ifixit.com/Guide/Nintendo+3DS+Stylus+Housing+Replacement/5560
5560	Nintendo 3DS Stylus Housing Replacement	Nintendo 3DS	7	3	Nintendo_3DS/5560_Nintendo_3DS_Stylus_Housing_Replacement/step07_3.jpg	https://guide-images.cdn.ifixit.com/igi/IHYAsgWgpgt5cAQh.large	David Hodson	https://www.ifixit.com/Guide/Nintendo+3DS+Stylus+Housing+Replacement/5560
5644	Nintendo 3DS Right Shoulder Button Replacement	Nintendo 3DS	1	1	Nintendo_3DS/5644_Nintendo_3DS_Right_Shoulder_Button_Replacement/step01_1.jpg	https://guide-images.cdn.ifixit.com/igi/ITwcDRVYSfefXdaR.large	David Hodson	https://www.ifixit.com/Guide/Nintendo+3DS+Right+Shoulder+Button+Replacement/5644
5644	Nintendo 3DS Right Shoulder Button Replacement	Nintendo 3DS	2	1	Nintendo_3DS/5644_Nintendo_3DS_Right_Shoulder_Button_Replacement/step02_1.jpg	https://guide-images.cdn.ifixit.com/igi/WujDe4xE4eI3tHJg.large	David Hodson	https://www.ifixit.com/Guide/Nintendo+3DS+Right+Shoulder+Button+Replacement/5644
5644	Nintendo 3DS Right Shoulder Button Replacement	Nintendo 3DS	2	2	Nintendo_3DS/5644_Nintendo_3DS_Right_Shoulder_Button_Replacement/step02_2.jpg	https://guide-images.cdn.ifixit.com/igi/jc1ysoaDZCIw2TEj.large	David Hodson	https://www.ifixit.com/Guide/Nintendo+3DS+Right+Shoulder+Button+Replacement/5644
5644	Nintendo 3DS Right Shoulder Button Replacement	Nintendo 3DS	3	1	Nintendo_3DS/5644_Nintendo_3DS_Right_Shoulder_Button_Replacement/step03_1.jpg	https://guide-images.cdn.ifixit.com/igi/dpUdpUimvCFfqOw1.large	David Hodson	https://www.ifixit.com/Guide/Nintendo+3DS+Right+Shoulder+Button+Replacement/5644
5644	Nintendo 3DS Right Shoulder Button Replacement	Nintendo 3DS	3	2	Nintendo_3DS/5644_Nintendo_3DS_Right_Shoulder_Button_Replacement/step03_2.jpg	https://guide-images.cdn.ifixit.com/igi/lnBikT41fiBvcLcS.large	David Hodson	https://www.ifixit.com/Guide/Nintendo+3DS+Right+Shoulder+Button+Replacement/5644
5644	Nintendo 3DS Right Shoulder Button Replacement	Nintendo 3DS	3	3	Nintendo_3DS/5644_Nintendo_3DS_Right_Shoulder_Button_Replacement/step03_3.jpg	https://guide-images.cdn.ifixit.com/igi/veZLHretTgIkbLcI.large	David Hodson	https://www.ifixit.com/Guide/Nintendo+3DS+Right+Shoulder+Button+Replacement/5644
5644	Nintendo 3DS Right Shoulder Button Replacement	Nintendo 3DS	4	1	Nintendo_3DS/5644_Nintendo_3DS_Right_Shoulder_Button_Replacement/step04_1.jpg	https://guide-images.cdn.ifixit.com/igi/BkJd3OSBpy1Rvikh.large	David Hodson	https://www.ifixit.com/Guide/Nintendo+3DS+Right+Shoulder+Button+Replacement/5644
5644	Nintendo 3DS Right Shoulder Button Replacement	Nintendo 3DS	5	1	Nintendo_3DS/5644_Nintendo_3DS_Right_Shoulder_Button_Replacement/step05_1.jpg	https://guide-images.cdn.ifixit.com/igi/S3qgP6SxRRPY5IxB.large	David Hodson	https://www.ifixit.com/Guide/Nintendo+3DS+Right+Shoulder+Button+Replacement/5644
5644	Nintendo 3DS Right Shoulder Button Replacement	Nintendo 3DS	5	2	Nintendo_3DS/5644_Nintendo_3DS_Right_Shoulder_Button_Replacement/step05_2.jpg	https://guide-images.cdn.ifixit.com/igi/HILuUcmesyZeEmtm.large	David Hodson	https://www.ifixit.com/Guide/Nintendo+3DS+Right+Shoulder+Button+Replacement/5644
5644	Nintendo 3DS Right Shoulder Button Replacement	Nintendo 3DS	5	3	Nintendo_3DS/5644_Nintendo_3DS_Right_Shoulder_Button_Replacement/step05_3.jpg	https://guide-images.cdn.ifixit.com/igi/jwM1ceschy1xdwE3.large	David Hodson	https://www.ifixit.com/Guide/Nintendo+3DS+Right+Shoulder+Button+Replacement/5644
5644	Nintendo 3DS Right Shoulder Button Replacement	Nintendo 3DS	6	1	Nintendo_3DS/5644_Nintendo_3DS_Right_Shoulder_Button_Replacement/step06_1.jpg	https://guide-images.cdn.ifixit.com/igi/TWbKoumP6Dnqx41K.large	David Hodson	https://www.ifixit.com/Guide/Nintendo+3DS+Right+Shoulder+Button+Replacement/5644
5644	Nintendo 3DS Right Shoulder Button Replacement	Nintendo 3DS	6	2	Nintendo_3DS/5644_Nintendo_3DS_Right_Shoulder_Button_Replacement/step06_2.jpg	https://guide-images.cdn.ifixit.com/igi/Ai5DKlgAdQEYn3JB.large	David Hodson	https://www.ifixit.com/Guide/Nintendo+3DS+Right+Shoulder+Button+Replacement/5644
5644	Nintendo 3DS Right Shoulder Button Replacement	Nintendo 3DS	6	3	Nintendo_3DS/5644_Nintendo_3DS_Right_Shoulder_Button_Replacement/step06_3.jpg	https://guide-images.cdn.ifixit.com/igi/gbYSygE13JGMFASX.large	David Hodson	https://www.ifixit.com/Guide/Nintendo+3DS+Right+Shoulder+Button+Replacement/5644
5644	Nintendo 3DS Right Shoulder Button Replacement	Nintendo 3DS	7	1	Nintendo_3DS/5644_Nintendo_3DS_Right_Shoulder_Button_Replacement/step07_1.jpg	https://guide-images.cdn.ifixit.com/igi/YkpX2VY2LriT2gM1.large	David Hodson	https://www.ifixit.com/Guide/Nintendo+3DS+Right+Shoulder+Button+Replacement/5644
5644	Nintendo 3DS Right Shoulder Button Replacement	Nintendo 3DS	8	1	Nintendo_3DS/5644_Nintendo_3DS_Right_Shoulder_Button_Replacement/step08_1.jpg	https://guide-images.cdn.ifixit.com/igi/MM3pvjs1aunKnhSq.large	David Hodson	https://www.ifixit.com/Guide/Nintendo+3DS+Right+Shoulder+Button+Replacement/5644
5644	Nintendo 3DS Right Shoulder Button Replacement	Nintendo 3DS	8	2	Nintendo_3DS/5644_Nintendo_3DS_Right_Shoulder_Button_Replacement/step08_2.jpg	https://guide-images.cdn.ifixit.com/igi/dWsimcwIAellqjKA.large	David Hodson	https://www.ifixit.com/Guide/Nintendo+3DS+Right+Shoulder+Button+Replacement/5644
5644	Nintendo 3DS Right Shoulder Button Replacement	Nintendo 3DS	8	3	Nintendo_3DS/5644_Nintendo_3DS_Right_Shoulder_Button_Replacement/step08_3.jpg	https://guide-images.cdn.ifixit.com/igi/m2JJWl1fVkMFSLDN.large	David Hodson	https://www.ifixit.com/Guide/Nintendo+3DS+Right+Shoulder+Button+Replacement/5644
5644	Nintendo 3DS Right Shoulder Button Replacement	Nintendo 3DS	9	1	Nintendo_3DS/5644_Nintendo_3DS_Right_Shoulder_Button_Replacement/step09_1.jpg	https://guide-images.cdn.ifixit.com/igi/ERCEHgMQT4KeHKpG.large	David Hodson	https://www.ifixit.com/Guide/Nintendo+3DS+Right+Shoulder+Button+Replacement/5644
5644	Nintendo 3DS Right Shoulder Button Replacement	Nintendo 3DS	9	2	Nintendo_3DS/5644_Nintendo_3DS_Right_Shoulder_Button_Replacement/step09_2.jpg	https://guide-images.cdn.ifixit.com/igi/dETcDZmoCfvIqTfH.large	David Hodson	https://www.ifixit.com/Guide/Nintendo+3DS+Right+Shoulder+Button+Replacement/5644
5644	Nintendo 3DS Right Shoulder Button Replacement	Nintendo 3DS	9	3	Nintendo_3DS/5644_Nintendo_3DS_Right_Shoulder_Button_Replacement/step09_3.jpg	https://guide-images.cdn.ifixit.com/igi/n3TCrsL4dTkfHlSj.large	David Hodson	https://www.ifixit.com/Guide/Nintendo+3DS+Right+Shoulder+Button+Replacement/5644
5849	Nintendo 3DS Left Shoulder Button Replacement	Nintendo 3DS	1	1	Nintendo_3DS/5849_Nintendo_3DS_Left_Shoulder_Button_Replacement/step01_1.jpg	https://guide-images.cdn.ifixit.com/igi/ITwcDRVYSfefXdaR.large	David Hodson	https://www.ifixit.com/Guide/Nintendo+3DS+Left+Shoulder+Button+Replacement/5849
5849	Nintendo 3DS Left Shoulder Button Replacement	Nintendo 3DS	2	1	Nintendo_3DS/5849_Nintendo_3DS_Left_Shoulder_Button_Replacement/step02_1.jpg	https://guide-images.cdn.ifixit.com/igi/WujDe4xE4eI3tHJg.large	David Hodson	https://www.ifixit.com/Guide/Nintendo+3DS+Left+Shoulder+Button+Replacement/5849
5849	Nintendo 3DS Left Shoulder Button Replacement	Nintendo 3DS	2	2	Nintendo_3DS/5849_Nintendo_3DS_Left_Shoulder_Button_Replacement/step02_2.jpg	https://guide-images.cdn.ifixit.com/igi/jc1ysoaDZCIw2TEj.large	David Hodson	https://www.ifixit.com/Guide/Nintendo+3DS+Left+Shoulder+Button+Replacement/5849
5849	Nintendo 3DS Left Shoulder Button Replacement	Nintendo 3DS	3	1	Nintendo_3DS/5849_Nintendo_3DS_Left_Shoulder_Button_Replacement/step03_1.jpg	https://guide-images.cdn.ifixit.com/igi/dpUdpUimvCFfqOw1.large	David Hodson	https://www.ifixit.com/Guide/Nintendo+3DS+Left+Shoulder+Button+Replacement/5849
5849	Nintendo 3DS Left Shoulder Button Replacement	Nintendo 3DS	3	2	Nintendo_3DS/5849_Nintendo_3DS_Left_Shoulder_Button_Replacement/step03_2.jpg	https://guide-images.cdn.ifixit.com/igi/lnBikT41fiBvcLcS.large	David Hodson	https://www.ifixit.com/Guide/Nintendo+3DS+Left+Shoulder+Button+Replacement/5849
5849	Nintendo 3DS Left Shoulder Button Replacement	Nintendo 3DS	3	3	Nintendo_3DS/5849_Nintendo_3DS_Left_Shoulder_Button_Replacement/step03_3.jpg	https://guide-images.cdn.ifixit.com/igi/veZLHretTgIkbLcI.large	David Hodson	https://www.ifixit.com/Guide/Nintendo+3DS+Left+Shoulder+Button+Replacement/5849
5849	Nintendo 3DS Left Shoulder Button Replacement	Nintendo 3DS	4	1	Nintendo_3DS/5849_Nintendo_3DS_Left_Shoulder_Button_Replacement/step04_1.jpg	https://guide-images.cdn.ifixit.com/igi/BkJd3OSBpy1Rvikh.large	David Hodson	https://www.ifixit.com/Guide/Nintendo+3DS+Left+Shoulder+Button+Replacement/5849
5849	Nintendo 3DS Left Shoulder Button Replacement	Nintendo 3DS	5	1	Nintendo_3DS/5849_Nintendo_3DS_Left_Shoulder_Button_Replacement/step05_1.jpg	https://guide-images.cdn.ifixit.com/igi/S3qgP6SxRRPY5IxB.large	David Hodson	https://www.ifixit.com/Guide/Nintendo+3DS+Left+Shoulder+Button+Replacement/5849
5849	Nintendo 3DS Left Shoulder Button Replacement	Nintendo 3DS	5	2	Nintendo_3DS/5849_Nintendo_3DS_Left_Shoulder_Button_Replacement/step05_2.jpg	https://guide-images.cdn.ifixit.com/igi/HILuUcmesyZeEmtm.large	David Hodson	https://www.ifixit.com/Guide/Nintendo+3DS+Left+Shoulder+Button+Replacement/5849
5849	Nintendo 3DS Left Shoulder Button Replacement	Nintendo 3DS	5	3	Nintendo_3DS/5849_Nintendo_3DS_Left_Shoulder_Button_Replacement/step05_3.jpg	https://guide-images.cdn.ifixit.com/igi/jwM1ceschy1xdwE3.large	David Hodson	https://www.ifixit.com/Guide/Nintendo+3DS+Left+Shoulder+Button+Replacement/5849
5849	Nintendo 3DS Left Shoulder Button Replacement	Nintendo 3DS	6	1	Nintendo_3DS/5849_Nintendo_3DS_Left_Shoulder_Button_Replacement/step06_1.jpg	https://guide-images.cdn.ifixit.com/igi/HrSOIsdfErPPOSqg.large	David Hodson	https://www.ifixit.com/Guide/Nintendo+3DS+Left+Shoulder+Button+Replacement/5849
5849	Nintendo 3DS Left Shoulder Button Replacement	Nintendo 3DS	7	1	Nintendo_3DS/5849_Nintendo_3DS_Left_Shoulder_Button_Replacement/step07_1.jpg	https://guide-images.cdn.ifixit.com/igi/qekXYZi6t4W32hBc.large	David Hodson	https://www.ifixit.com/Guide/Nintendo+3DS+Left+Shoulder+Button+Replacement/5849
5849	Nintendo 3DS Left Shoulder Button Replacement	Nintendo 3DS	7	2	Nintendo_3DS/5849_Nintendo_3DS_Left_Shoulder_Button_Replacement/step07_2.jpg	https://guide-images.cdn.ifixit.com/igi/gNsqArY1crIDDPVN.large	David Hodson	https://www.ifixit.com/Guide/Nintendo+3DS+Left+Shoulder+Button+Replacement/5849
5849	Nintendo 3DS Left Shoulder Button Replacement	Nintendo 3DS	7	3	Nintendo_3DS/5849_Nintendo_3DS_Left_Shoulder_Button_Replacement/step07_3.jpg	https://guide-images.cdn.ifixit.com/igi/4eNawPWvRKBCsveJ.large	David Hodson	https://www.ifixit.com/Guide/Nintendo+3DS+Left+Shoulder+Button+Replacement/5849
5849	Nintendo 3DS Left Shoulder Button Replacement	Nintendo 3DS	8	1	Nintendo_3DS/5849_Nintendo_3DS_Left_Shoulder_Button_Replacement/step08_1.jpg	https://guide-images.cdn.ifixit.com/igi/HGabx4NpbpA4PuiD.large	David Hodson	https://www.ifixit.com/Guide/Nintendo+3DS+Left+Shoulder+Button+Replacement/5849
5849	Nintendo 3DS Left Shoulder Button Replacement	Nintendo 3DS	8	2	Nintendo_3DS/5849_Nintendo_3DS_Left_Shoulder_Button_Replacement/step08_2.jpg	https://guide-images.cdn.ifixit.com/igi/mer6vfCimmOJSOUr.large	David Hodson	https://www.ifixit.com/Guide/Nintendo+3DS+Left+Shoulder+Button+Replacement/5849
5849	Nintendo 3DS Left Shoulder Button Replacement	Nintendo 3DS	8	3	Nintendo_3DS/5849_Nintendo_3DS_Left_Shoulder_Button_Replacement/step08_3.jpg	https://guide-images.cdn.ifixit.com/igi/nfTVmjPSryjFUQPO.large	David Hodson	https://www.ifixit.com/Guide/Nintendo+3DS+Left+Shoulder+Button+Replacement/5849
5850	Nintendo 3DS Circle Pad Joystick Replacement	Nintendo 3DS	1	1	Nintendo_3DS/5850_Nintendo_3DS_Circle_Pad_Joystick_Replacement/step01_1.jpg	https://guide-images.cdn.ifixit.com/igi/ITwcDRVYSfefXdaR.large	David Hodson	https://www.ifixit.com/Guide/Nintendo+3DS+Circle+Pad+Joystick+Replacement/5850
5850	Nintendo 3DS Circle Pad Joystick Replacement	Nintendo 3DS	2	1	Nintendo_3DS/5850_Nintendo_3DS_Circle_Pad_Joystick_Replacement/step02_1.jpg	https://guide-images.cdn.ifixit.com/igi/WujDe4xE4eI3tHJg.large	David Hodson	https://www.ifixit.com/Guide/Nintendo+3DS+Circle+Pad+Joystick+Replacement/5850
5850	Nintendo 3DS Circle Pad Joystick Replacement	Nintendo 3DS	2	2	Nintendo_3DS/5850_Nintendo_3DS_Circle_Pad_Joystick_Replacement/step02_2.jpg	https://guide-images.cdn.ifixit.com/igi/jc1ysoaDZCIw2TEj.large	David Hodson	https://www.ifixit.com/Guide/Nintendo+3DS+Circle+Pad+Joystick+Replacement/5850
5850	Nintendo 3DS Circle Pad Joystick Replacement	Nintendo 3DS	3	1	Nintendo_3DS/5850_Nintendo_3DS_Circle_Pad_Joystick_Replacement/step03_1.jpg	https://guide-images.cdn.ifixit.com/igi/dpUdpUimvCFfqOw1.large	David Hodson	https://www.ifixit.com/Guide/Nintendo+3DS+Circle+Pad+Joystick+Replacement/5850
5850	Nintendo 3DS Circle Pad Joystick Replacement	Nintendo 3DS	3	2	Nintendo_3DS/5850_Nintendo_3DS_Circle_Pad_Joystick_Replacement/step03_2.jpg	https://guide-images.cdn.ifixit.com/igi/lnBikT41fiBvcLcS.large	David Hodson	https://www.ifixit.com/Guide/Nintendo+3DS+Circle+Pad+Joystick+Replacement/5850
5850	Nintendo 3DS Circle Pad Joystick Replacement	Nintendo 3DS	3	3	Nintendo_3DS/5850_Nintendo_3DS_Circle_Pad_Joystick_Replacement/step03_3.jpg	https://guide-images.cdn.ifixit.com/igi/veZLHretTgIkbLcI.large	David Hodson	https://www.ifixit.com/Guide/Nintendo+3DS+Circle+Pad+Joystick+Replacement/5850
5850	Nintendo 3DS Circle Pad Joystick Replacement	Nintendo 3DS	4	1	Nintendo_3DS/5850_Nintendo_3DS_Circle_Pad_Joystick_Replacement/step04_1.jpg	https://guide-images.cdn.ifixit.com/igi/BkJd3OSBpy1Rvikh.large	David Hodson	https://www.ifixit.com/Guide/Nintendo+3DS+Circle+Pad+Joystick+Replacement/5850
5850	Nintendo 3DS Circle Pad Joystick Replacement	Nintendo 3DS	5	1	Nintendo_3DS/5850_Nintendo_3DS_Circle_Pad_Joystick_Replacement/step05_1.jpg	https://guide-images.cdn.ifixit.com/igi/S3qgP6SxRRPY5IxB.large	David Hodson	https://www.ifixit.com/Guide/Nintendo+3DS+Circle+Pad+Joystick+Replacement/5850
5850	Nintendo 3DS Circle Pad Joystick Replacement	Nintendo 3DS	5	2	Nintendo_3DS/5850_Nintendo_3DS_Circle_Pad_Joystick_Replacement/step05_2.jpg	https://guide-images.cdn.ifixit.com/igi/HILuUcmesyZeEmtm.large	David Hodson	https://www.ifixit.com/Guide/Nintendo+3DS+Circle+Pad+Joystick+Replacement/5850
5850	Nintendo 3DS Circle Pad Joystick Replacement	Nintendo 3DS	5	3	Nintendo_3DS/5850_Nintendo_3DS_Circle_Pad_Joystick_Replacement/step05_3.jpg	https://guide-images.cdn.ifixit.com/igi/jwM1ceschy1xdwE3.large	David Hodson	https://www.ifixit.com/Guide/Nintendo+3DS+Circle+Pad+Joystick+Replacement/5850
5850	Nintendo 3DS Circle Pad Joystick Replacement	Nintendo 3DS	6	1	Nintendo_3DS/5850_Nintendo_3DS_Circle_Pad_Joystick_Replacement/step06_1.jpg	https://guide-images.cdn.ifixit.com/igi/LtcVxbdbXPWMoVxZ.large	David Hodson	https://www.ifixit.com/Guide/Nintendo+3DS+Circle+Pad+Joystick+Replacement/5850
5850	Nintendo 3DS Circle Pad Joystick Replacement	Nintendo 3DS	7	1	Nintendo_3DS/5850_Nintendo_3DS_Circle_Pad_Joystick_Replacement/step07_1.jpg	https://guide-images.cdn.ifixit.com/igi/ZAFircxdkjTESWqN.large	David Hodson	https://www.ifixit.com/Guide/Nintendo+3DS+Circle+Pad+Joystick+Replacement/5850
5850	Nintendo 3DS Circle Pad Joystick Replacement	Nintendo 3DS	7	2	Nintendo_3DS/5850_Nintendo_3DS_Circle_Pad_Joystick_Replacement/step07_2.jpg	https://guide-images.cdn.ifixit.com/igi/cd1gMNIKehP3GK4m.large	David Hodson	https://www.ifixit.com/Guide/Nintendo+3DS+Circle+Pad+Joystick+Replacement/5850
5850	Nintendo 3DS Circle Pad Joystick Replacement	Nintendo 3DS	7	3	Nintendo_3DS/5850_Nintendo_3DS_Circle_Pad_Joystick_Replacement/step07_3.jpg	https://guide-images.cdn.ifixit.com/igi/3Y6VhXsPMMOdSyL5.large	David Hodson	https://www.ifixit.com/Guide/Nintendo+3DS+Circle+Pad+Joystick+Replacement/5850
5850	Nintendo 3DS Circle Pad Joystick Replacement	Nintendo 3DS	8	1	Nintendo_3DS/5850_Nintendo_3DS_Circle_Pad_Joystick_Replacement/step08_1.jpg	https://guide-images.cdn.ifixit.com/igi/MMQYKi5JYLSQsRVE.large	David Hodson	https://www.ifixit.com/Guide/Nintendo+3DS+Circle+Pad+Joystick+Replacement/5850
5850	Nintendo 3DS Circle Pad Joystick Replacement	Nintendo 3DS	8	2	Nintendo_3DS/5850_Nintendo_3DS_Circle_Pad_Joystick_Replacement/step08_2.jpg	https://guide-images.cdn.ifixit.com/igi/kBbsVJJwWK4uqaMc.large	David Hodson	https://www.ifixit.com/Guide/Nintendo+3DS+Circle+Pad+Joystick+Replacement/5850
5850	Nintendo 3DS Circle Pad Joystick Replacement	Nintendo 3DS	8	3	Nintendo_3DS/5850_Nintendo_3DS_Circle_Pad_Joystick_Replacement/step08_3.jpg	https://guide-images.cdn.ifixit.com/igi/1g4huceCFPqkVP5m.large	David Hodson	https://www.ifixit.com/Guide/Nintendo+3DS+Circle+Pad+Joystick+Replacement/5850
5851	Nintendo 3DS Wi-Fi Board Replacement	Nintendo 3DS	1	1	Nintendo_3DS/5851_Nintendo_3DS_Wi-Fi_Board_Replacement/step01_1.jpg	https://guide-images.cdn.ifixit.com/igi/ITwcDRVYSfefXdaR.large	David Hodson	https://www.ifixit.com/Guide/Nintendo+3DS+Wi-Fi+Board+Replacement/5851
5851	Nintendo 3DS Wi-Fi Board Replacement	Nintendo 3DS	2	1	Nintendo_3DS/5851_Nintendo_3DS_Wi-Fi_Board_Replacement/step02_1.jpg	https://guide-images.cdn.ifixit.com/igi/WujDe4xE4eI3tHJg.large	David Hodson	https://www.ifixit.com/Guide/Nintendo+3DS+Wi-Fi+Board+Replacement/5851
5851	Nintendo 3DS Wi-Fi Board Replacement	Nintendo 3DS	2	2	Nintendo_3DS/5851_Nintendo_3DS_Wi-Fi_Board_Replacement/step02_2.jpg	https://guide-images.cdn.ifixit.com/igi/jc1ysoaDZCIw2TEj.large	David Hodson	https://www.ifixit.com/Guide/Nintendo+3DS+Wi-Fi+Board+Replacement/5851
5851	Nintendo 3DS Wi-Fi Board Replacement	Nintendo 3DS	3	1	Nintendo_3DS/5851_Nintendo_3DS_Wi-Fi_Board_Replacement/step03_1.jpg	https://guide-images.cdn.ifixit.com/igi/dpUdpUimvCFfqOw1.large	David Hodson	https://www.ifixit.com/Guide/Nintendo+3DS+Wi-Fi+Board+Replacement/5851
5851	Nintendo 3DS Wi-Fi Board Replacement	Nintendo 3DS	3	2	Nintendo_3DS/5851_Nintendo_3DS_Wi-Fi_Board_Replacement/step03_2.jpg	https://guide-images.cdn.ifixit.com/igi/lnBikT41fiBvcLcS.large	David Hodson	https://www.ifixit.com/Guide/Nintendo+3DS+Wi-Fi+Board+Replacement/5851
5851	Nintendo 3DS Wi-Fi Board Replacement	Nintendo 3DS	3	3	Nintendo_3DS/5851_Nintendo_3DS_Wi-Fi_Board_Replacement/step03_3.jpg	https://guide-images.cdn.ifixit.com/igi/veZLHretTgIkbLcI.large	David Hodson	https://www.ifixit.com/Guide/Nintendo+3DS+Wi-Fi+Board+Replacement/5851
5851	Nintendo 3DS Wi-Fi Board Replacement	Nintendo 3DS	4	1	Nintendo_3DS/5851_Nintendo_3DS_Wi-Fi_Board_Replacement/step04_1.jpg	https://guide-images.cdn.ifixit.com/igi/BkJd3OSBpy1Rvikh.large	David Hodson	https://www.ifixit.com/Guide/Nintendo+3DS+Wi-Fi+Board+Replacement/5851
5851	Nintendo 3DS Wi-Fi Board Replacement	Nintendo 3DS	5	1	Nintendo_3DS/5851_Nintendo_3DS_Wi-Fi_Board_Replacement/step05_1.jpg	https://guide-images.cdn.ifixit.com/igi/S3qgP6SxRRPY5IxB.large	David Hodson	https://www.ifixit.com/Guide/Nintendo+3DS+Wi-Fi+Board+Replacement/5851
5851	Nintendo 3DS Wi-Fi Board Replacement	Nintendo 3DS	5	2	Nintendo_3DS/5851_Nintendo_3DS_Wi-Fi_Board_Replacement/step05_2.jpg	https://guide-images.cdn.ifixit.com/igi/HILuUcmesyZeEmtm.large	David Hodson	https://www.ifixit.com/Guide/Nintendo+3DS+Wi-Fi+Board+Replacement/5851
5851	Nintendo 3DS Wi-Fi Board Replacement	Nintendo 3DS	5	3	Nintendo_3DS/5851_Nintendo_3DS_Wi-Fi_Board_Replacement/step05_3.jpg	https://guide-images.cdn.ifixit.com/igi/jwM1ceschy1xdwE3.large	David Hodson	https://www.ifixit.com/Guide/Nintendo+3DS+Wi-Fi+Board+Replacement/5851
5851	Nintendo 3DS Wi-Fi Board Replacement	Nintendo 3DS	6	1	Nintendo_3DS/5851_Nintendo_3DS_Wi-Fi_Board_Replacement/step06_1.jpg	https://guide-images.cdn.ifixit.com/igi/JE3MpWfUUetZfBNO.large	David Hodson	https://www.ifixit.com/Guide/Nintendo+3DS+Wi-Fi+Board+Replacement/5851
5851	Nintendo 3DS Wi-Fi Board Replacement	Nintendo 3DS	6	2	Nintendo_3DS/5851_Nintendo_3DS_Wi-Fi_Board_Replacement/step06_2.jpg	https://guide-images.cdn.ifixit.com/igi/rbTvGEfZQujHl4Vo.large	David Hodson	https://www.ifixit.com/Guide/Nintendo+3DS+Wi-Fi+Board+Replacement/5851
5851	Nintendo 3DS Wi-Fi Board Replacement	Nintendo 3DS	7	1	Nintendo_3DS/5851_Nintendo_3DS_Wi-Fi_Board_Replacement/step07_1.jpg	https://guide-images.cdn.ifixit.com/igi/HOESQ6VCHrX6SrFO.large	David Hodson	https://www.ifixit.com/Guide/Nintendo+3DS+Wi-Fi+Board+Replacement/5851
5851	Nintendo 3DS Wi-Fi Board Replacement	Nintendo 3DS	7	2	Nintendo_3DS/5851_Nintendo_3DS_Wi-Fi_Board_Replacement/step07_2.jpg	https://guide-images.cdn.ifixit.com/igi/13PTrdChYQmxKFBR.large	David Hodson	https://www.ifixit.com/Guide/Nintendo+3DS+Wi-Fi+Board+Replacement/5851
5852	Nintendo 3DS SD Board Replacement	Nintendo 3DS	1	1	Nintendo_3DS/5852_Nintendo_3DS_SD_Board_Replacement/step01_1.jpg	https://guide-images.cdn.ifixit.com/igi/ITwcDRVYSfefXdaR.large	David Hodson	https://www.ifixit.com/Guide/Nintendo+3DS+SD+Board+Replacement/5852
5852	Nintendo 3DS SD Board Replacement	Nintendo 3DS	2	1	Nintendo_3DS/5852_Nintendo_3DS_SD_Board_Replacement/step02_1.jpg	https://guide-images.cdn.ifixit.com/igi/WujDe4xE4eI3tHJg.large	David Hodson	https://www.ifixit.com/Guide/Nintendo+3DS+SD+Board+Replacement/5852
5852	Nintendo 3DS SD Board Replacement	Nintendo 3DS	2	2	Nintendo_3DS/5852_Nintendo_3DS_SD_Board_Replacement/step02_2.jpg	https://guide-images.cdn.ifixit.com/igi/jc1ysoaDZCIw2TEj.large	David Hodson	https://www.ifixit.com/Guide/Nintendo+3DS+SD+Board+Replacement/5852
5852	Nintendo 3DS SD Board Replacement	Nintendo 3DS	3	1	Nintendo_3DS/5852_Nintendo_3DS_SD_Board_Replacement/step03_1.jpg	https://guide-images.cdn.ifixit.com/igi/dpUdpUimvCFfqOw1.large	David Hodson	https://www.ifixit.com/Guide/Nintendo+3DS+SD+Board+Replacement/5852
5852	Nintendo 3DS SD Board Replacement	Nintendo 3DS	3	2	Nintendo_3DS/5852_Nintendo_3DS_SD_Board_Replacement/step03_2.jpg	https://guide-images.cdn.ifixit.com/igi/lnBikT41fiBvcLcS.large	David Hodson	https://www.ifixit.com/Guide/Nintendo+3DS+SD+Board+Replacement/5852
5852	Nintendo 3DS SD Board Replacement	Nintendo 3DS	3	3	Nintendo_3DS/5852_Nintendo_3DS_SD_Board_Replacement/step03_3.jpg	https://guide-images.cdn.ifixit.com/igi/veZLHretTgIkbLcI.large	David Hodson	https://www.ifixit.com/Guide/Nintendo+3DS+SD+Board+Replacement/5852
5852	Nintendo 3DS SD Board Replacement	Nintendo 3DS	4	1	Nintendo_3DS/5852_Nintendo_3DS_SD_Board_Replacement/step04_1.jpg	https://guide-images.cdn.ifixit.com/igi/BkJd3OSBpy1Rvikh.large	David Hodson	https://www.ifixit.com/Guide/Nintendo+3DS+SD+Board+Replacement/5852
5852	Nintendo 3DS SD Board Replacement	Nintendo 3DS	5	1	Nintendo_3DS/5852_Nintendo_3DS_SD_Board_Replacement/step05_1.jpg	https://guide-images.cdn.ifixit.com/igi/S3qgP6SxRRPY5IxB.large	David Hodson	https://www.ifixit.com/Guide/Nintendo+3DS+SD+Board+Replacement/5852
5852	Nintendo 3DS SD Board Replacement	Nintendo 3DS	5	2	Nintendo_3DS/5852_Nintendo_3DS_SD_Board_Replacement/step05_2.jpg	https://guide-images.cdn.ifixit.com/igi/HILuUcmesyZeEmtm.large	David Hodson	https://www.ifixit.com/Guide/Nintendo+3DS+SD+Board+Replacement/5852
5852	Nintendo 3DS SD Board Replacement	Nintendo 3DS	5	3	Nintendo_3DS/5852_Nintendo_3DS_SD_Board_Replacement/step05_3.jpg	https://guide-images.cdn.ifixit.com/igi/jwM1ceschy1xdwE3.large	David Hodson	https://www.ifixit.com/Guide/Nintendo+3DS+SD+Board+Replacement/5852
5852	Nintendo 3DS SD Board Replacement	Nintendo 3DS	6	1	Nintendo_3DS/5852_Nintendo_3DS_SD_Board_Replacement/step06_1.jpg	https://guide-images.cdn.ifixit.com/igi/PoGyqVVW5C6oGTIN.large	David Hodson	https://www.ifixit.com/Guide/Nintendo+3DS+SD+Board+Replacement/5852
5852	Nintendo 3DS SD Board Replacement	Nintendo 3DS	7	1	Nintendo_3DS/5852_Nintendo_3DS_SD_Board_Replacement/step07_1.jpg	https://guide-images.cdn.ifixit.com/igi/lxsBWLRJVOfASDSG.large	David Hodson	https://www.ifixit.com/Guide/Nintendo+3DS+SD+Board+Replacement/5852
5852	Nintendo 3DS SD Board Replacement	Nintendo 3DS	7	2	Nintendo_3DS/5852_Nintendo_3DS_SD_Board_Replacement/step07_2.jpg	https://guide-images.cdn.ifixit.com/igi/VjYh6cIGG1vshjmZ.large	David Hodson	https://www.ifixit.com/Guide/Nintendo+3DS+SD+Board+Replacement/5852
5852	Nintendo 3DS SD Board Replacement	Nintendo 3DS	8	1	Nintendo_3DS/5852_Nintendo_3DS_SD_Board_Replacement/step08_1.jpg	https://guide-images.cdn.ifixit.com/igi/3y2oYMVbYiiRbt1N.large	David Hodson	https://www.ifixit.com/Guide/Nintendo+3DS+SD+Board+Replacement/5852
5852	Nintendo 3DS SD Board Replacement	Nintendo 3DS	8	2	Nintendo_3DS/5852_Nintendo_3DS_SD_Board_Replacement/step08_2.jpg	https://guide-images.cdn.ifixit.com/igi/g4cXThtVNOGfYD6t.large	David Hodson	https://www.ifixit.com/Guide/Nintendo+3DS+SD+Board+Replacement/5852
5852	Nintendo 3DS SD Board Replacement	Nintendo 3DS	8	3	Nintendo_3DS/5852_Nintendo_3DS_SD_Board_Replacement/step08_3.jpg	https://guide-images.cdn.ifixit.com/igi/Mrj6qLcbSDOU5ilB.large	David Hodson	https://www.ifixit.com/Guide/Nintendo+3DS+SD+Board+Replacement/5852
5853	Nintendo 3DS IR Board Replacement	Nintendo 3DS	1	1	Nintendo_3DS/5853_Nintendo_3DS_IR_Board_Replacement/step01_1.jpg	https://guide-images.cdn.ifixit.com/igi/ITwcDRVYSfefXdaR.large	David Hodson	https://www.ifixit.com/Guide/Nintendo+3DS+IR+Board+Replacement/5853
5853	Nintendo 3DS IR Board Replacement	Nintendo 3DS	2	1	Nintendo_3DS/5853_Nintendo_3DS_IR_Board_Replacement/step02_1.jpg	https://guide-images.cdn.ifixit.com/igi/WujDe4xE4eI3tHJg.large	David Hodson	https://www.ifixit.com/Guide/Nintendo+3DS+IR+Board+Replacement/5853
5853	Nintendo 3DS IR Board Replacement	Nintendo 3DS	2	2	Nintendo_3DS/5853_Nintendo_3DS_IR_Board_Replacement/step02_2.jpg	https://guide-images.cdn.ifixit.com/igi/jc1ysoaDZCIw2TEj.large	David Hodson	https://www.ifixit.com/Guide/Nintendo+3DS+IR+Board+Replacement/5853
5853	Nintendo 3DS IR Board Replacement	Nintendo 3DS	3	1	Nintendo_3DS/5853_Nintendo_3DS_IR_Board_Replacement/step03_1.jpg	https://guide-images.cdn.ifixit.com/igi/dpUdpUimvCFfqOw1.large	David Hodson	https://www.ifixit.com/Guide/Nintendo+3DS+IR+Board+Replacement/5853
5853	Nintendo 3DS IR Board Replacement	Nintendo 3DS	3	2	Nintendo_3DS/5853_Nintendo_3DS_IR_Board_Replacement/step03_2.jpg	https://guide-images.cdn.ifixit.com/igi/lnBikT41fiBvcLcS.large	David Hodson	https://www.ifixit.com/Guide/Nintendo+3DS+IR+Board+Replacement/5853
5853	Nintendo 3DS IR Board Replacement	Nintendo 3DS	3	3	Nintendo_3DS/5853_Nintendo_3DS_IR_Board_Replacement/step03_3.jpg	https://guide-images.cdn.ifixit.com/igi/veZLHretTgIkbLcI.large	David Hodson	https://www.ifixit.com/Guide/Nintendo+3DS+IR+Board+Replacement/5853
5853	Nintendo 3DS IR Board Replacement	Nintendo 3DS	4	1	Nintendo_3DS/5853_Nintendo_3DS_IR_Board_Replacement/step04_1.jpg	https://guide-images.cdn.ifixit.com/igi/BkJd3OSBpy1Rvikh.large	David Hodson	https://www.ifixit.com/Guide/Nintendo+3DS+IR+Board+Replacement/5853
5853	Nintendo 3DS IR Board Replacement	Nintendo 3DS	5	1	Nintendo_3DS/5853_Nintendo_3DS_IR_Board_Replacement/step05_1.jpg	https://guide-images.cdn.ifixit.com/igi/S3qgP6SxRRPY5IxB.large	David Hodson	https://www.ifixit.com/Guide/Nintendo+3DS+IR+Board+Replacement/5853
5853	Nintendo 3DS IR Board Replacement	Nintendo 3DS	5	2	Nintendo_3DS/5853_Nintendo_3DS_IR_Board_Replacement/step05_2.jpg	https://guide-images.cdn.ifixit.com/igi/HILuUcmesyZeEmtm.large	David Hodson	https://www.ifixit.com/Guide/Nintendo+3DS+IR+Board+Replacement/5853
5853	Nintendo 3DS IR Board Replacement	Nintendo 3DS	5	3	Nintendo_3DS/5853_Nintendo_3DS_IR_Board_Replacement/step05_3.jpg	https://guide-images.cdn.ifixit.com/igi/jwM1ceschy1xdwE3.large	David Hodson	https://www.ifixit.com/Guide/Nintendo+3DS+IR+Board+Replacement/5853
5853	Nintendo 3DS IR Board Replacement	Nintendo 3DS	6	1	Nintendo_3DS/5853_Nintendo_3DS_IR_Board_Replacement/step06_1.jpg	https://guide-images.cdn.ifixit.com/igi/UqpTJhCVmCBWUUnO.large	David Hodson	https://www.ifixit.com/Guide/Nintendo+3DS+IR+Board+Replacement/5853
5853	Nintendo 3DS IR Board Replacement	Nintendo 3DS	6	2	Nintendo_3DS/5853_Nintendo_3DS_IR_Board_Replacement/step06_2.jpg	https://guide-images.cdn.ifixit.com/igi/1TIW3cISG5ZPOYaD.large	David Hodson	https://www.ifixit.com/Guide/Nintendo+3DS+IR+Board+Replacement/5853
5853	Nintendo 3DS IR Board Replacement	Nintendo 3DS	6	3	Nintendo_3DS/5853_Nintendo_3DS_IR_Board_Replacement/step06_3.jpg	https://guide-images.cdn.ifixit.com/igi/HZkK4SgBNkX26brC.large	David Hodson	https://www.ifixit.com/Guide/Nintendo+3DS+IR+Board+Replacement/5853
5972	Nintendo 3DS Circle Pad Joystick Replacement	Nintendo 3DS	1	1	Nintendo_3DS/5972_Nintendo_3DS_Circle_Pad_Joystick_Replacement/step01_1.jpg	https://guide-images.cdn.ifixit.com/igi/WciIxkCGqqeSwjDE.large	David Hodson	https://www.ifixit.com/Guide/Nintendo+3DS+Circle+Pad+Joystick+Replacement/5972
5972	Nintendo 3DS Circle Pad Joystick Replacement	Nintendo 3DS	2	1	Nintendo_3DS/5972_Nintendo_3DS_Circle_Pad_Joystick_Replacement/step02_1.jpg	https://guide-images.cdn.ifixit.com/igi/bMBnFDhOIiWPDfD6.large	David Hodson	https://www.ifixit.com/Guide/Nintendo+3DS+Circle+Pad+Joystick+Replacement/5972
5972	Nintendo 3DS Circle Pad Joystick Replacement	Nintendo 3DS	2	2	Nintendo_3DS/5972_Nintendo_3DS_Circle_Pad_Joystick_Replacement/step02_2.jpg	https://guide-images.cdn.ifixit.com/igi/E4TVtF3ttsxMSdVm.large	David Hodson	https://www.ifixit.com/Guide/Nintendo+3DS+Circle+Pad+Joystick+Replacement/5972
5972	Nintendo 3DS Circle Pad Joystick Replacement	Nintendo 3DS	2	3	Nintendo_3DS/5972_Nintendo_3DS_Circle_Pad_Joystick_Replacement/step02_3.jpg	https://guide-images.cdn.ifixit.com/igi/X2gZcTXBxZmTrD5t.large	David Hodson	https://www.ifixit.com/Guide/Nintendo+3DS+Circle+Pad+Joystick+Replacement/5972
5972	Nintendo 3DS Circle Pad Joystick Replacement	Nintendo 3DS	3	1	Nintendo_3DS/5972_Nintendo_3DS_Circle_Pad_Joystick_Replacement/step03_1.jpg	https://guide-images.cdn.ifixit.com/igi/IKPPuB5DIoRiDx2E.large	David Hodson	https://www.ifixit.com/Guide/Nintendo+3DS+Circle+Pad+Joystick+Replacement/5972
5972	Nintendo 3DS Circle Pad Joystick Replacement	Nintendo 3DS	3	2	Nintendo_3DS/5972_Nintendo_3DS_Circle_Pad_Joystick_Replacement/step03_2.jpg	https://guide-images.cdn.ifixit.com/igi/SLSbhMgUFDj5mMLx.large	David Hodson	https://www.ifixit.com/Guide/Nintendo+3DS+Circle+Pad+Joystick+Replacement/5972
5972	Nintendo 3DS Circle Pad Joystick Replacement	Nintendo 3DS	3	3	Nintendo_3DS/5972_Nintendo_3DS_Circle_Pad_Joystick_Replacement/step03_3.jpg	https://guide-images.cdn.ifixit.com/igi/aoqcp6SgbWFZPOht.large	David Hodson	https://www.ifixit.com/Guide/Nintendo+3DS+Circle+Pad+Joystick+Replacement/5972
5972	Nintendo 3DS Circle Pad Joystick Replacement	Nintendo 3DS	4	1	Nintendo_3DS/5972_Nintendo_3DS_Circle_Pad_Joystick_Replacement/step04_1.jpg	https://guide-images.cdn.ifixit.com/igi/avCvIWYWgJyNbmBI.large	David Hodson	https://www.ifixit.com/Guide/Nintendo+3DS+Circle+Pad+Joystick+Replacement/5972
5972	Nintendo 3DS Circle Pad Joystick Replacement	Nintendo 3DS	4	2	Nintendo_3DS/5972_Nintendo_3DS_Circle_Pad_Joystick_Replacement/step04_2.jpg	https://guide-images.cdn.ifixit.com/igi/pYrbGImK2u45deHC.large	David Hodson	https://www.ifixit.com/Guide/Nintendo+3DS+Circle+Pad+Joystick+Replacement/5972
5973	Nintendo 3DS SD Board Replacement	Nintendo 3DS	1	1	Nintendo_3DS/5973_Nintendo_3DS_SD_Board_Replacement/step01_1.jpg	https://guide-images.cdn.ifixit.com/igi/KjtBrbEaOGvLPWcX.large	David Hodson	https://www.ifixit.com/Guide/Nintendo+3DS+SD+Board+Replacement/5973
5973	Nintendo 3DS SD Board Replacement	Nintendo 3DS	2	1	Nintendo_3DS/5973_Nintendo_3DS_SD_Board_Replacement/step02_1.jpg	https://guide-images.cdn.ifixit.com/igi/UF24JkJiQnIFyP6B.large	David Hodson	https://www.ifixit.com/Guide/Nintendo+3DS+SD+Board+Replacement/5973
5973	Nintendo 3DS SD Board Replacement	Nintendo 3DS	2	2	Nintendo_3DS/5973_Nintendo_3DS_SD_Board_Replacement/step02_2.jpg	https://guide-images.cdn.ifixit.com/igi/auwosXvOBdHtWtKv.large	David Hodson	https://www.ifixit.com/Guide/Nintendo+3DS+SD+Board+Replacement/5973
5973	Nintendo 3DS SD Board Replacement	Nintendo 3DS	3	1	Nintendo_3DS/5973_Nintendo_3DS_SD_Board_Replacement/step03_1.jpg	https://guide-images.cdn.ifixit.com/igi/dqVaYcHR1MgDcmdV.large	David Hodson	https://www.ifixit.com/Guide/Nintendo+3DS+SD+Board+Replacement/5973
5973	Nintendo 3DS SD Board Replacement	Nintendo 3DS	3	2	Nintendo_3DS/5973_Nintendo_3DS_SD_Board_Replacement/step03_2.jpg	https://guide-images.cdn.ifixit.com/igi/2VMuJYwG2iUrEsLA.large	David Hodson	https://www.ifixit.com/Guide/Nintendo+3DS+SD+Board+Replacement/5973
5973	Nintendo 3DS SD Board Replacement	Nintendo 3DS	3	3	Nintendo_3DS/5973_Nintendo_3DS_SD_Board_Replacement/step03_3.jpg	https://guide-images.cdn.ifixit.com/igi/jtGmtOcX1IDoOXDA.large	David Hodson	https://www.ifixit.com/Guide/Nintendo+3DS+SD+Board+Replacement/5973
5974	Nintendo 3DS Wi-Fi Board Replacement	Nintendo 3DS	1	1	Nintendo_3DS/5974_Nintendo_3DS_Wi-Fi_Board_Replacement/step01_1.jpg	https://guide-images.cdn.ifixit.com/igi/jBrYqTnBuAuWfLxA.large	David Hodson	https://www.ifixit.com/Guide/Nintendo+3DS+Wi-Fi+Board+Replacement/5974
5974	Nintendo 3DS Wi-Fi Board Replacement	Nintendo 3DS	1	2	Nintendo_3DS/5974_Nintendo_3DS_Wi-Fi_Board_Replacement/step01_2.jpg	https://guide-images.cdn.ifixit.com/igi/VovJlB5sgUp3CMYO.large	David Hodson	https://www.ifixit.com/Guide/Nintendo+3DS+Wi-Fi+Board+Replacement/5974
5974	Nintendo 3DS Wi-Fi Board Replacement	Nintendo 3DS	2	1	Nintendo_3DS/5974_Nintendo_3DS_Wi-Fi_Board_Replacement/step02_1.jpg	https://guide-images.cdn.ifixit.com/igi/SraCcIwGIBJJAuAp.large	David Hodson	https://www.ifixit.com/Guide/Nintendo+3DS+Wi-Fi+Board+Replacement/5974
5974	Nintendo 3DS Wi-Fi Board Replacement	Nintendo 3DS	2	2	Nintendo_3DS/5974_Nintendo_3DS_Wi-Fi_Board_Replacement/step02_2.jpg	https://guide-images.cdn.ifixit.com/igi/LY3YrJcYkPo5gP6C.large	David Hodson	https://www.ifixit.com/Guide/Nintendo+3DS+Wi-Fi+Board+Replacement/5974
5974	Nintendo 3DS Wi-Fi Board Replacement	Nintendo 3DS	2	3	Nintendo_3DS/5974_Nintendo_3DS_Wi-Fi_Board_Replacement/step02_3.jpg	https://guide-images.cdn.ifixit.com/igi/EAUNvpGX54AVCRTt.large	David Hodson	https://www.ifixit.com/Guide/Nintendo+3DS+Wi-Fi+Board+Replacement/5974
6004	Nintendo 3DS Motherboard Assembly Replacement	Nintendo 3DS	1	1	Nintendo_3DS/6004_Nintendo_3DS_Motherboard_Assembly_Replacement/step01_1.jpg	https://guide-images.cdn.ifixit.com/igi/GvmVFKYnXCf4Ad2y.large	David Hodson	https://www.ifixit.com/Guide/Nintendo+3DS+Motherboard+Assembly+Replacement/6004
6004	Nintendo 3DS Motherboard Assembly Replacement	Nintendo 3DS	1	2	Nintendo_3DS/6004_Nintendo_3DS_Motherboard_Assembly_Replacement/step01_2.jpg	https://guide-images.cdn.ifixit.com/igi/LZS3t4NaRFTpclGb.large	David Hodson	https://www.ifixit.com/Guide/Nintendo+3DS+Motherboard+Assembly+Replacement/6004
6004	Nintendo 3DS Motherboard Assembly Replacement	Nintendo 3DS	2	1	Nintendo_3DS/6004_Nintendo_3DS_Motherboard_Assembly_Replacement/step02_1.jpg	https://guide-images.cdn.ifixit.com/igi/25ZFGvrIiHhJpHNJ.large	David Hodson	https://www.ifixit.com/Guide/Nintendo+3DS+Motherboard+Assembly+Replacement/6004
6004	Nintendo 3DS Motherboard Assembly Replacement	Nintendo 3DS	2	2	Nintendo_3DS/6004_Nintendo_3DS_Motherboard_Assembly_Replacement/step02_2.jpg	https://guide-images.cdn.ifixit.com/igi/i4evTtTHPCBFDRMB.large	David Hodson	https://www.ifixit.com/Guide/Nintendo+3DS+Motherboard+Assembly+Replacement/6004
6004	Nintendo 3DS Motherboard Assembly Replacement	Nintendo 3DS	2	3	Nintendo_3DS/6004_Nintendo_3DS_Motherboard_Assembly_Replacement/step02_3.jpg	https://guide-images.cdn.ifixit.com/igi/yNVXTtRLBpMiK2pb.large	David Hodson	https://www.ifixit.com/Guide/Nintendo+3DS+Motherboard+Assembly+Replacement/6004
6004	Nintendo 3DS Motherboard Assembly Replacement	Nintendo 3DS	3	1	Nintendo_3DS/6004_Nintendo_3DS_Motherboard_Assembly_Replacement/step03_1.jpg	https://guide-images.cdn.ifixit.com/igi/yOUm6AVnsyNl2Kxx.large	David Hodson	https://www.ifixit.com/Guide/Nintendo+3DS+Motherboard+Assembly+Replacement/6004
6004	Nintendo 3DS Motherboard Assembly Replacement	Nintendo 3DS	3	2	Nintendo_3DS/6004_Nintendo_3DS_Motherboard_Assembly_Replacement/step03_2.jpg	https://guide-images.cdn.ifixit.com/igi/c2ae6fi3IwlqKoxX.large	David Hodson	https://www.ifixit.com/Guide/Nintendo+3DS+Motherboard+Assembly+Replacement/6004
6004	Nintendo 3DS Motherboard Assembly Replacement	Nintendo 3DS	4	1	Nintendo_3DS/6004_Nintendo_3DS_Motherboard_Assembly_Replacement/step04_1.jpg	https://guide-images.cdn.ifixit.com/igi/EmLwpIWMHAUXlKcg.large	David Hodson	https://www.ifixit.com/Guide/Nintendo+3DS+Motherboard+Assembly+Replacement/6004
6004	Nintendo 3DS Motherboard Assembly Replacement	Nintendo 3DS	4	2	Nintendo_3DS/6004_Nintendo_3DS_Motherboard_Assembly_Replacement/step04_2.jpg	https://guide-images.cdn.ifixit.com/igi/IXUQYqG1gyvxYgwe.large	David Hodson	https://www.ifixit.com/Guide/Nintendo+3DS+Motherboard+Assembly+Replacement/6004
6004	Nintendo 3DS Motherboard Assembly Replacement	Nintendo 3DS	4	3	Nintendo_3DS/6004_Nintendo_3DS_Motherboard_Assembly_Replacement/step04_3.jpg	https://guide-images.cdn.ifixit.com/igi/1kuDOCEI4UjfOZIM.large	David Hodson	https://www.ifixit.com/Guide/Nintendo+3DS+Motherboard+Assembly+Replacement/6004
6004	Nintendo 3DS Motherboard Assembly Replacement	Nintendo 3DS	5	1	Nintendo_3DS/6004_Nintendo_3DS_Motherboard_Assembly_Replacement/step05_1.jpg	https://guide-images.cdn.ifixit.com/igi/mvScsefxXqHAGBLm.large	David Hodson	https://www.ifixit.com/Guide/Nintendo+3DS+Motherboard+Assembly+Replacement/6004
6004	Nintendo 3DS Motherboard Assembly Replacement	Nintendo 3DS	5	2	Nintendo_3DS/6004_Nintendo_3DS_Motherboard_Assembly_Replacement/step05_2.jpg	https://guide-images.cdn.ifixit.com/igi/oGpw5HroZQgNsU1M.large	David Hodson	https://www.ifixit.com/Guide/Nintendo+3DS+Motherboard+Assembly+Replacement/6004
6004	Nintendo 3DS Motherboard Assembly Replacement	Nintendo 3DS	5	3	Nintendo_3DS/6004_Nintendo_3DS_Motherboard_Assembly_Replacement/step05_3.jpg	https://guide-images.cdn.ifixit.com/igi/5MMDGphdb1IVdyhn.large	David Hodson	https://www.ifixit.com/Guide/Nintendo+3DS+Motherboard+Assembly+Replacement/6004
6004	Nintendo 3DS Motherboard Assembly Replacement	Nintendo 3DS	6	1	Nintendo_3DS/6004_Nintendo_3DS_Motherboard_Assembly_Replacement/step06_1.jpg	https://guide-images.cdn.ifixit.com/igi/Ql2QL1iOEaeAbBlw.large	David Hodson	https://www.ifixit.com/Guide/Nintendo+3DS+Motherboard+Assembly+Replacement/6004
6009	Nintendo 3DS Microphone Replacement	Nintendo 3DS	1	1	Nintendo_3DS/6009_Nintendo_3DS_Microphone_Replacement/step01_1.jpg	https://guide-images.cdn.ifixit.com/igi/ITwcDRVYSfefXdaR.large	David Hodson	https://www.ifixit.com/Guide/Nintendo+3DS+Microphone+Replacement/6009
6009	Nintendo 3DS Microphone Replacement	Nintendo 3DS	2	1	Nintendo_3DS/6009_Nintendo_3DS_Microphone_Replacement/step02_1.jpg	https://guide-images.cdn.ifixit.com/igi/WujDe4xE4eI3tHJg.large	David Hodson	https://www.ifixit.com/Guide/Nintendo+3DS+Microphone+Replacement/6009
6009	Nintendo 3DS Microphone Replacement	Nintendo 3DS	2	2	Nintendo_3DS/6009_Nintendo_3DS_Microphone_Replacement/step02_2.jpg	https://guide-images.cdn.ifixit.com/igi/jc1ysoaDZCIw2TEj.large	David Hodson	https://www.ifixit.com/Guide/Nintendo+3DS+Microphone+Replacement/6009
6009	Nintendo 3DS Microphone Replacement	Nintendo 3DS	3	1	Nintendo_3DS/6009_Nintendo_3DS_Microphone_Replacement/step03_1.jpg	https://guide-images.cdn.ifixit.com/igi/dpUdpUimvCFfqOw1.large	David Hodson	https://www.ifixit.com/Guide/Nintendo+3DS+Microphone+Replacement/6009
6009	Nintendo 3DS Microphone Replacement	Nintendo 3DS	3	2	Nintendo_3DS/6009_Nintendo_3DS_Microphone_Replacement/step03_2.jpg	https://guide-images.cdn.ifixit.com/igi/lnBikT41fiBvcLcS.large	David Hodson	https://www.ifixit.com/Guide/Nintendo+3DS+Microphone+Replacement/6009
6009	Nintendo 3DS Microphone Replacement	Nintendo 3DS	3	3	Nintendo_3DS/6009_Nintendo_3DS_Microphone_Replacement/step03_3.jpg	https://guide-images.cdn.ifixit.com/igi/veZLHretTgIkbLcI.large	David Hodson	https://www.ifixit.com/Guide/Nintendo+3DS+Microphone+Replacement/6009
6009	Nintendo 3DS Microphone Replacement	Nintendo 3DS	4	1	Nintendo_3DS/6009_Nintendo_3DS_Microphone_Replacement/step04_1.jpg	https://guide-images.cdn.ifixit.com/igi/BkJd3OSBpy1Rvikh.large	David Hodson	https://www.ifixit.com/Guide/Nintendo+3DS+Microphone+Replacement/6009
6009	Nintendo 3DS Microphone Replacement	Nintendo 3DS	5	1	Nintendo_3DS/6009_Nintendo_3DS_Microphone_Replacement/step05_1.jpg	https://guide-images.cdn.ifixit.com/igi/S3qgP6SxRRPY5IxB.large	David Hodson	https://www.ifixit.com/Guide/Nintendo+3DS+Microphone+Replacement/6009
6009	Nintendo 3DS Microphone Replacement	Nintendo 3DS	5	2	Nintendo_3DS/6009_Nintendo_3DS_Microphone_Replacement/step05_2.jpg	https://guide-images.cdn.ifixit.com/igi/HILuUcmesyZeEmtm.large	David Hodson	https://www.ifixit.com/Guide/Nintendo+3DS+Microphone+Replacement/6009
6009	Nintendo 3DS Microphone Replacement	Nintendo 3DS	5	3	Nintendo_3DS/6009_Nintendo_3DS_Microphone_Replacement/step05_3.jpg	https://guide-images.cdn.ifixit.com/igi/jwM1ceschy1xdwE3.large	David Hodson	https://www.ifixit.com/Guide/Nintendo+3DS+Microphone+Replacement/6009
6009	Nintendo 3DS Microphone Replacement	Nintendo 3DS	6	1	Nintendo_3DS/6009_Nintendo_3DS_Microphone_Replacement/step06_1.jpg	https://guide-images.cdn.ifixit.com/igi/YJTqpZ2phkxmGvkq.large	David Hodson	https://www.ifixit.com/Guide/Nintendo+3DS+Microphone+Replacement/6009
6009	Nintendo 3DS Microphone Replacement	Nintendo 3DS	6	2	Nintendo_3DS/6009_Nintendo_3DS_Microphone_Replacement/step06_2.jpg	https://guide-images.cdn.ifixit.com/igi/31reyGRIX1DrU4jE.large	David Hodson	https://www.ifixit.com/Guide/Nintendo+3DS+Microphone+Replacement/6009
6009	Nintendo 3DS Microphone Replacement	Nintendo 3DS	7	1	Nintendo_3DS/6009_Nintendo_3DS_Microphone_Replacement/step07_1.jpg	https://guide-images.cdn.ifixit.com/igi/RMvhuLysa1PY61gZ.large	David Hodson	https://www.ifixit.com/Guide/Nintendo+3DS+Microphone+Replacement/6009
6009	Nintendo 3DS Microphone Replacement	Nintendo 3DS	7	2	Nintendo_3DS/6009_Nintendo_3DS_Microphone_Replacement/step07_2.jpg	https://guide-images.cdn.ifixit.com/igi/VDwr6XKBoN4bjpwA.large	David Hodson	https://www.ifixit.com/Guide/Nintendo+3DS+Microphone+Replacement/6009
6009	Nintendo 3DS Microphone Replacement	Nintendo 3DS	8	1	Nintendo_3DS/6009_Nintendo_3DS_Microphone_Replacement/step08_1.jpg	https://guide-images.cdn.ifixit.com/igi/uqKFPsp3rZGKCtC2.large	David Hodson	https://www.ifixit.com/Guide/Nintendo+3DS+Microphone+Replacement/6009
6009	Nintendo 3DS Microphone Replacement	Nintendo 3DS	8	2	Nintendo_3DS/6009_Nintendo_3DS_Microphone_Replacement/step08_2.jpg	https://guide-images.cdn.ifixit.com/igi/nkOUxOjIuPrQlT4N.large	David Hodson	https://www.ifixit.com/Guide/Nintendo+3DS+Microphone+Replacement/6009
6010	Nintendo 3DS Lower Display Assembly Replacement	Nintendo 3DS	1	1	Nintendo_3DS/6010_Nintendo_3DS_Lower_Display_Assembly_Replacement/step01_1.jpg	https://guide-images.cdn.ifixit.com/igi/ITwcDRVYSfefXdaR.large	David Hodson	https://www.ifixit.com/Guide/Nintendo+3DS+Lower+Display+Assembly+Replacement/6010
6010	Nintendo 3DS Lower Display Assembly Replacement	Nintendo 3DS	2	1	Nintendo_3DS/6010_Nintendo_3DS_Lower_Display_Assembly_Replacement/step02_1.jpg	https://guide-images.cdn.ifixit.com/igi/WujDe4xE4eI3tHJg.large	David Hodson	https://www.ifixit.com/Guide/Nintendo+3DS+Lower+Display+Assembly+Replacement/6010
6010	Nintendo 3DS Lower Display Assembly Replacement	Nintendo 3DS	2	2	Nintendo_3DS/6010_Nintendo_3DS_Lower_Display_Assembly_Replacement/step02_2.jpg	https://guide-images.cdn.ifixit.com/igi/jc1ysoaDZCIw2TEj.large	David Hodson	https://www.ifixit.com/Guide/Nintendo+3DS+Lower+Display+Assembly+Replacement/6010
6010	Nintendo 3DS Lower Display Assembly Replacement	Nintendo 3DS	3	1	Nintendo_3DS/6010_Nintendo_3DS_Lower_Display_Assembly_Replacement/step03_1.jpg	https://guide-images.cdn.ifixit.com/igi/dpUdpUimvCFfqOw1.large	David Hodson	https://www.ifixit.com/Guide/Nintendo+3DS+Lower+Display+Assembly+Replacement/6010
6010	Nintendo 3DS Lower Display Assembly Replacement	Nintendo 3DS	3	2	Nintendo_3DS/6010_Nintendo_3DS_Lower_Display_Assembly_Replacement/step03_2.jpg	https://guide-images.cdn.ifixit.com/igi/lnBikT41fiBvcLcS.large	David Hodson	https://www.ifixit.com/Guide/Nintendo+3DS+Lower+Display+Assembly+Replacement/6010
6010	Nintendo 3DS Lower Display Assembly Replacement	Nintendo 3DS	3	3	Nintendo_3DS/6010_Nintendo_3DS_Lower_Display_Assembly_Replacement/step03_3.jpg	https://guide-images.cdn.ifixit.com/igi/veZLHretTgIkbLcI.large	David Hodson	https://www.ifixit.com/Guide/Nintendo+3DS+Lower+Display+Assembly+Replacement/6010
6010	Nintendo 3DS Lower Display Assembly Replacement	Nintendo 3DS	4	1	Nintendo_3DS/6010_Nintendo_3DS_Lower_Display_Assembly_Replacement/step04_1.jpg	https://guide-images.cdn.ifixit.com/igi/BkJd3OSBpy1Rvikh.large	David Hodson	https://www.ifixit.com/Guide/Nintendo+3DS+Lower+Display+Assembly+Replacement/6010
6010	Nintendo 3DS Lower Display Assembly Replacement	Nintendo 3DS	5	1	Nintendo_3DS/6010_Nintendo_3DS_Lower_Display_Assembly_Replacement/step05_1.jpg	https://guide-images.cdn.ifixit.com/igi/S3qgP6SxRRPY5IxB.large	David Hodson	https://www.ifixit.com/Guide/Nintendo+3DS+Lower+Display+Assembly+Replacement/6010
6010	Nintendo 3DS Lower Display Assembly Replacement	Nintendo 3DS	5	2	Nintendo_3DS/6010_Nintendo_3DS_Lower_Display_Assembly_Replacement/step05_2.jpg	https://guide-images.cdn.ifixit.com/igi/HILuUcmesyZeEmtm.large	David Hodson	https://www.ifixit.com/Guide/Nintendo+3DS+Lower+Display+Assembly+Replacement/6010
6010	Nintendo 3DS Lower Display Assembly Replacement	Nintendo 3DS	5	3	Nintendo_3DS/6010_Nintendo_3DS_Lower_Display_Assembly_Replacement/step05_3.jpg	https://guide-images.cdn.ifixit.com/igi/jwM1ceschy1xdwE3.large	David Hodson	https://www.ifixit.com/Guide/Nintendo+3DS+Lower+Display+Assembly+Replacement/6010
6010	Nintendo 3DS Lower Display Assembly Replacement	Nintendo 3DS	6	1	Nintendo_3DS/6010_Nintendo_3DS_Lower_Display_Assembly_Replacement/step06_1.jpg	https://guide-images.cdn.ifixit.com/igi/WciIxkCGqqeSwjDE.large	David Hodson	https://www.ifixit.com/Guide/Nintendo+3DS+Lower+Display+Assembly+Replacement/6010
6010	Nintendo 3DS Lower Display Assembly Replacement	Nintendo 3DS	7	1	Nintendo_3DS/6010_Nintendo_3DS_Lower_Display_Assembly_Replacement/step07_1.jpg	https://guide-images.cdn.ifixit.com/igi/bMBnFDhOIiWPDfD6.large	David Hodson	https://www.ifixit.com/Guide/Nintendo+3DS+Lower+Display+Assembly+Replacement/6010
6010	Nintendo 3DS Lower Display Assembly Replacement	Nintendo 3DS	7	2	Nintendo_3DS/6010_Nintendo_3DS_Lower_Display_Assembly_Replacement/step07_2.jpg	https://guide-images.cdn.ifixit.com/igi/E4TVtF3ttsxMSdVm.large	David Hodson	https://www.ifixit.com/Guide/Nintendo+3DS+Lower+Display+Assembly+Replacement/6010
6010	Nintendo 3DS Lower Display Assembly Replacement	Nintendo 3DS	7	3	Nintendo_3DS/6010_Nintendo_3DS_Lower_Display_Assembly_Replacement/step07_3.jpg	https://guide-images.cdn.ifixit.com/igi/X2gZcTXBxZmTrD5t.large	David Hodson	https://www.ifixit.com/Guide/Nintendo+3DS+Lower+Display+Assembly+Replacement/6010
6010	Nintendo 3DS Lower Display Assembly Replacement	Nintendo 3DS	8	1	Nintendo_3DS/6010_Nintendo_3DS_Lower_Display_Assembly_Replacement/step08_1.jpg	https://guide-images.cdn.ifixit.com/igi/IKPPuB5DIoRiDx2E.large	David Hodson	https://www.ifixit.com/Guide/Nintendo+3DS+Lower+Display+Assembly+Replacement/6010
6010	Nintendo 3DS Lower Display Assembly Replacement	Nintendo 3DS	8	2	Nintendo_3DS/6010_Nintendo_3DS_Lower_Display_Assembly_Replacement/step08_2.jpg	https://guide-images.cdn.ifixit.com/igi/SLSbhMgUFDj5mMLx.large	David Hodson	https://www.ifixit.com/Guide/Nintendo+3DS+Lower+Display+Assembly+Replacement/6010
6010	Nintendo 3DS Lower Display Assembly Replacement	Nintendo 3DS	8	3	Nintendo_3DS/6010_Nintendo_3DS_Lower_Display_Assembly_Replacement/step08_3.jpg	https://guide-images.cdn.ifixit.com/igi/aoqcp6SgbWFZPOht.large	David Hodson	https://www.ifixit.com/Guide/Nintendo+3DS+Lower+Display+Assembly+Replacement/6010
6010	Nintendo 3DS Lower Display Assembly Replacement	Nintendo 3DS	9	1	Nintendo_3DS/6010_Nintendo_3DS_Lower_Display_Assembly_Replacement/step09_1.jpg	https://guide-images.cdn.ifixit.com/igi/avCvIWYWgJyNbmBI.large	David Hodson	https://www.ifixit.com/Guide/Nintendo+3DS+Lower+Display+Assembly+Replacement/6010
6010	Nintendo 3DS Lower Display Assembly Replacement	Nintendo 3DS	9	2	Nintendo_3DS/6010_Nintendo_3DS_Lower_Display_Assembly_Replacement/step09_2.jpg	https://guide-images.cdn.ifixit.com/igi/pYrbGImK2u45deHC.large	David Hodson	https://www.ifixit.com/Guide/Nintendo+3DS+Lower+Display+Assembly+Replacement/6010
6010	Nintendo 3DS Lower Display Assembly Replacement	Nintendo 3DS	10	1	Nintendo_3DS/6010_Nintendo_3DS_Lower_Display_Assembly_Replacement/step10_1.jpg	https://guide-images.cdn.ifixit.com/igi/KjtBrbEaOGvLPWcX.large	David Hodson	https://www.ifixit.com/Guide/Nintendo+3DS+Lower+Display+Assembly+Replacement/6010
6010	Nintendo 3DS Lower Display Assembly Replacement	Nintendo 3DS	11	1	Nintendo_3DS/6010_Nintendo_3DS_Lower_Display_Assembly_Replacement/step11_1.jpg	https://guide-images.cdn.ifixit.com/igi/UF24JkJiQnIFyP6B.large	David Hodson	https://www.ifixit.com/Guide/Nintendo+3DS+Lower+Display+Assembly+Replacement/6010
6010	Nintendo 3DS Lower Display Assembly Replacement	Nintendo 3DS	11	2	Nintendo_3DS/6010_Nintendo_3DS_Lower_Display_Assembly_Replacement/step11_2.jpg	https://guide-images.cdn.ifixit.com/igi/auwosXvOBdHtWtKv.large	David Hodson	https://www.ifixit.com/Guide/Nintendo+3DS+Lower+Display+Assembly+Replacement/6010
6010	Nintendo 3DS Lower Display Assembly Replacement	Nintendo 3DS	12	1	Nintendo_3DS/6010_Nintendo_3DS_Lower_Display_Assembly_Replacement/step12_1.jpg	https://guide-images.cdn.ifixit.com/igi/dqVaYcHR1MgDcmdV.large	David Hodson	https://www.ifixit.com/Guide/Nintendo+3DS+Lower+Display+Assembly+Replacement/6010
6010	Nintendo 3DS Lower Display Assembly Replacement	Nintendo 3DS	12	2	Nintendo_3DS/6010_Nintendo_3DS_Lower_Display_Assembly_Replacement/step12_2.jpg	https://guide-images.cdn.ifixit.com/igi/2VMuJYwG2iUrEsLA.large	David Hodson	https://www.ifixit.com/Guide/Nintendo+3DS+Lower+Display+Assembly+Replacement/6010
6010	Nintendo 3DS Lower Display Assembly Replacement	Nintendo 3DS	12	3	Nintendo_3DS/6010_Nintendo_3DS_Lower_Display_Assembly_Replacement/step12_3.jpg	https://guide-images.cdn.ifixit.com/igi/jtGmtOcX1IDoOXDA.large	David Hodson	https://www.ifixit.com/Guide/Nintendo+3DS+Lower+Display+Assembly+Replacement/6010
6010	Nintendo 3DS Lower Display Assembly Replacement	Nintendo 3DS	13	1	Nintendo_3DS/6010_Nintendo_3DS_Lower_Display_Assembly_Replacement/step13_1.jpg	https://guide-images.cdn.ifixit.com/igi/jBrYqTnBuAuWfLxA.large	David Hodson	https://www.ifixit.com/Guide/Nintendo+3DS+Lower+Display+Assembly+Replacement/6010
6010	Nintendo 3DS Lower Display Assembly Replacement	Nintendo 3DS	13	2	Nintendo_3DS/6010_Nintendo_3DS_Lower_Display_Assembly_Replacement/step13_2.jpg	https://guide-images.cdn.ifixit.com/igi/VovJlB5sgUp3CMYO.large	David Hodson	https://www.ifixit.com/Guide/Nintendo+3DS+Lower+Display+Assembly+Replacement/6010
6010	Nintendo 3DS Lower Display Assembly Replacement	Nintendo 3DS	14	1	Nintendo_3DS/6010_Nintendo_3DS_Lower_Display_Assembly_Replacement/step14_1.jpg	https://guide-images.cdn.ifixit.com/igi/SraCcIwGIBJJAuAp.large	David Hodson	https://www.ifixit.com/Guide/Nintendo+3DS+Lower+Display+Assembly+Replacement/6010
6010	Nintendo 3DS Lower Display Assembly Replacement	Nintendo 3DS	14	2	Nintendo_3DS/6010_Nintendo_3DS_Lower_Display_Assembly_Replacement/step14_2.jpg	https://guide-images.cdn.ifixit.com/igi/LY3YrJcYkPo5gP6C.large	David Hodson	https://www.ifixit.com/Guide/Nintendo+3DS+Lower+Display+Assembly+Replacement/6010
6010	Nintendo 3DS Lower Display Assembly Replacement	Nintendo 3DS	14	3	Nintendo_3DS/6010_Nintendo_3DS_Lower_Display_Assembly_Replacement/step14_3.jpg	https://guide-images.cdn.ifixit.com/igi/EAUNvpGX54AVCRTt.large	David Hodson	https://www.ifixit.com/Guide/Nintendo+3DS+Lower+Display+Assembly+Replacement/6010
6010	Nintendo 3DS Lower Display Assembly Replacement	Nintendo 3DS	15	1	Nintendo_3DS/6010_Nintendo_3DS_Lower_Display_Assembly_Replacement/step15_1.jpg	https://guide-images.cdn.ifixit.com/igi/GvmVFKYnXCf4Ad2y.large	David Hodson	https://www.ifixit.com/Guide/Nintendo+3DS+Lower+Display+Assembly+Replacement/6010
6010	Nintendo 3DS Lower Display Assembly Replacement	Nintendo 3DS	15	2	Nintendo_3DS/6010_Nintendo_3DS_Lower_Display_Assembly_Replacement/step15_2.jpg	https://guide-images.cdn.ifixit.com/igi/LZS3t4NaRFTpclGb.large	David Hodson	https://www.ifixit.com/Guide/Nintendo+3DS+Lower+Display+Assembly+Replacement/6010
6010	Nintendo 3DS Lower Display Assembly Replacement	Nintendo 3DS	16	1	Nintendo_3DS/6010_Nintendo_3DS_Lower_Display_Assembly_Replacement/step16_1.jpg	https://guide-images.cdn.ifixit.com/igi/25ZFGvrIiHhJpHNJ.large	David Hodson	https://www.ifixit.com/Guide/Nintendo+3DS+Lower+Display+Assembly+Replacement/6010
6010	Nintendo 3DS Lower Display Assembly Replacement	Nintendo 3DS	16	2	Nintendo_3DS/6010_Nintendo_3DS_Lower_Display_Assembly_Replacement/step16_2.jpg	https://guide-images.cdn.ifixit.com/igi/i4evTtTHPCBFDRMB.large	David Hodson	https://www.ifixit.com/Guide/Nintendo+3DS+Lower+Display+Assembly+Replacement/6010
6010	Nintendo 3DS Lower Display Assembly Replacement	Nintendo 3DS	16	3	Nintendo_3DS/6010_Nintendo_3DS_Lower_Display_Assembly_Replacement/step16_3.jpg	https://guide-images.cdn.ifixit.com/igi/yNVXTtRLBpMiK2pb.large	David Hodson	https://www.ifixit.com/Guide/Nintendo+3DS+Lower+Display+Assembly+Replacement/6010
6010	Nintendo 3DS Lower Display Assembly Replacement	Nintendo 3DS	17	1	Nintendo_3DS/6010_Nintendo_3DS_Lower_Display_Assembly_Replacement/step17_1.jpg	https://guide-images.cdn.ifixit.com/igi/yOUm6AVnsyNl2Kxx.large	David Hodson	https://www.ifixit.com/Guide/Nintendo+3DS+Lower+Display+Assembly+Replacement/6010
6010	Nintendo 3DS Lower Display Assembly Replacement	Nintendo 3DS	17	2	Nintendo_3DS/6010_Nintendo_3DS_Lower_Display_Assembly_Replacement/step17_2.jpg	https://guide-images.cdn.ifixit.com/igi/c2ae6fi3IwlqKoxX.large	David Hodson	https://www.ifixit.com/Guide/Nintendo+3DS+Lower+Display+Assembly+Replacement/6010
6010	Nintendo 3DS Lower Display Assembly Replacement	Nintendo 3DS	18	1	Nintendo_3DS/6010_Nintendo_3DS_Lower_Display_Assembly_Replacement/step18_1.jpg	https://guide-images.cdn.ifixit.com/igi/EmLwpIWMHAUXlKcg.large	David Hodson	https://www.ifixit.com/Guide/Nintendo+3DS+Lower+Display+Assembly+Replacement/6010
6010	Nintendo 3DS Lower Display Assembly Replacement	Nintendo 3DS	18	2	Nintendo_3DS/6010_Nintendo_3DS_Lower_Display_Assembly_Replacement/step18_2.jpg	https://guide-images.cdn.ifixit.com/igi/IXUQYqG1gyvxYgwe.large	David Hodson	https://www.ifixit.com/Guide/Nintendo+3DS+Lower+Display+Assembly+Replacement/6010
6010	Nintendo 3DS Lower Display Assembly Replacement	Nintendo 3DS	18	3	Nintendo_3DS/6010_Nintendo_3DS_Lower_Display_Assembly_Replacement/step18_3.jpg	https://guide-images.cdn.ifixit.com/igi/1kuDOCEI4UjfOZIM.large	David Hodson	https://www.ifixit.com/Guide/Nintendo+3DS+Lower+Display+Assembly+Replacement/6010
6010	Nintendo 3DS Lower Display Assembly Replacement	Nintendo 3DS	19	1	Nintendo_3DS/6010_Nintendo_3DS_Lower_Display_Assembly_Replacement/step19_1.jpg	https://guide-images.cdn.ifixit.com/igi/mvScsefxXqHAGBLm.large	David Hodson	https://www.ifixit.com/Guide/Nintendo+3DS+Lower+Display+Assembly+Replacement/6010
6010	Nintendo 3DS Lower Display Assembly Replacement	Nintendo 3DS	19	2	Nintendo_3DS/6010_Nintendo_3DS_Lower_Display_Assembly_Replacement/step19_2.jpg	https://guide-images.cdn.ifixit.com/igi/oGpw5HroZQgNsU1M.large	David Hodson	https://www.ifixit.com/Guide/Nintendo+3DS+Lower+Display+Assembly+Replacement/6010
6010	Nintendo 3DS Lower Display Assembly Replacement	Nintendo 3DS	19	3	Nintendo_3DS/6010_Nintendo_3DS_Lower_Display_Assembly_Replacement/step19_3.jpg	https://guide-images.cdn.ifixit.com/igi/5MMDGphdb1IVdyhn.large	David Hodson	https://www.ifixit.com/Guide/Nintendo+3DS+Lower+Display+Assembly+Replacement/6010
6010	Nintendo 3DS Lower Display Assembly Replacement	Nintendo 3DS	20	1	Nintendo_3DS/6010_Nintendo_3DS_Lower_Display_Assembly_Replacement/step20_1.jpg	https://guide-images.cdn.ifixit.com/igi/Ql2QL1iOEaeAbBlw.large	David Hodson	https://www.ifixit.com/Guide/Nintendo+3DS+Lower+Display+Assembly+Replacement/6010
6010	Nintendo 3DS Lower Display Assembly Replacement	Nintendo 3DS	21	1	Nintendo_3DS/6010_Nintendo_3DS_Lower_Display_Assembly_Replacement/step21_1.jpg	https://guide-images.cdn.ifixit.com/igi/tnZRw6jTPN4aaTiq.large	David Hodson	https://www.ifixit.com/Guide/Nintendo+3DS+Lower+Display+Assembly+Replacement/6010
6010	Nintendo 3DS Lower Display Assembly Replacement	Nintendo 3DS	21	2	Nintendo_3DS/6010_Nintendo_3DS_Lower_Display_Assembly_Replacement/step21_2.jpg	https://guide-images.cdn.ifixit.com/igi/tEAy1iFTsLPa1lad.large	David Hodson	https://www.ifixit.com/Guide/Nintendo+3DS+Lower+Display+Assembly+Replacement/6010
6010	Nintendo 3DS Lower Display Assembly Replacement	Nintendo 3DS	21	3	Nintendo_3DS/6010_Nintendo_3DS_Lower_Display_Assembly_Replacement/step21_3.jpg	https://guide-images.cdn.ifixit.com/igi/qVSJGimehZjuxQJe.large	David Hodson	https://www.ifixit.com/Guide/Nintendo+3DS+Lower+Display+Assembly+Replacement/6010
6010	Nintendo 3DS Lower Display Assembly Replacement	Nintendo 3DS	22	1	Nintendo_3DS/6010_Nintendo_3DS_Lower_Display_Assembly_Replacement/step22_1.jpg	https://guide-images.cdn.ifixit.com/igi/koKUiKTD6mw5j2WT.large	David Hodson	https://www.ifixit.com/Guide/Nintendo+3DS+Lower+Display+Assembly+Replacement/6010
6010	Nintendo 3DS Lower Display Assembly Replacement	Nintendo 3DS	22	2	Nintendo_3DS/6010_Nintendo_3DS_Lower_Display_Assembly_Replacement/step22_2.jpg	https://guide-images.cdn.ifixit.com/igi/Y1TR2hlGLIJiTFUs.large	David Hodson	https://www.ifixit.com/Guide/Nintendo+3DS+Lower+Display+Assembly+Replacement/6010
6010	Nintendo 3DS Lower Display Assembly Replacement	Nintendo 3DS	23	1	Nintendo_3DS/6010_Nintendo_3DS_Lower_Display_Assembly_Replacement/step23_1.jpg	https://guide-images.cdn.ifixit.com/igi/D4GOcxGGiThm65Gk.large	David Hodson	https://www.ifixit.com/Guide/Nintendo+3DS+Lower+Display+Assembly+Replacement/6010
6010	Nintendo 3DS Lower Display Assembly Replacement	Nintendo 3DS	23	2	Nintendo_3DS/6010_Nintendo_3DS_Lower_Display_Assembly_Replacement/step23_2.jpg	https://guide-images.cdn.ifixit.com/igi/qkHOSg4VmmFyQRFV.large	David Hodson	https://www.ifixit.com/Guide/Nintendo+3DS+Lower+Display+Assembly+Replacement/6010
6010	Nintendo 3DS Lower Display Assembly Replacement	Nintendo 3DS	23	3	Nintendo_3DS/6010_Nintendo_3DS_Lower_Display_Assembly_Replacement/step23_3.jpg	https://guide-images.cdn.ifixit.com/igi/AoUB1pAxJZITLKRv.large	David Hodson	https://www.ifixit.com/Guide/Nintendo+3DS+Lower+Display+Assembly+Replacement/6010
6010	Nintendo 3DS Lower Display Assembly Replacement	Nintendo 3DS	24	1	Nintendo_3DS/6010_Nintendo_3DS_Lower_Display_Assembly_Replacement/step24_1.jpg	https://guide-images.cdn.ifixit.com/igi/XVBLJkgYaVKhsWNW.large	David Hodson	https://www.ifixit.com/Guide/Nintendo+3DS+Lower+Display+Assembly+Replacement/6010
6010	Nintendo 3DS Lower Display Assembly Replacement	Nintendo 3DS	24	2	Nintendo_3DS/6010_Nintendo_3DS_Lower_Display_Assembly_Replacement/step24_2.jpg	https://guide-images.cdn.ifixit.com/igi/bqtNrTKNL2FBmEUv.large	David Hodson	https://www.ifixit.com/Guide/Nintendo+3DS+Lower+Display+Assembly+Replacement/6010
6010	Nintendo 3DS Lower Display Assembly Replacement	Nintendo 3DS	25	1	Nintendo_3DS/6010_Nintendo_3DS_Lower_Display_Assembly_Replacement/step25_1.jpg	https://guide-images.cdn.ifixit.com/igi/3QSNaVqiqUgdV5ki.large	David Hodson	https://www.ifixit.com/Guide/Nintendo+3DS+Lower+Display+Assembly+Replacement/6010
6011	Nintendo 3DS Microphone Replacement	Nintendo 3DS	1	1	Nintendo_3DS/6011_Nintendo_3DS_Microphone_Replacement/step01_1.jpg	https://guide-images.cdn.ifixit.com/igi/GmPZqKPLu3VnGrFC.large	David Hodson	https://www.ifixit.com/Guide/Nintendo+3DS+Microphone+Replacement/6011
6011	Nintendo 3DS Microphone Replacement	Nintendo 3DS	1	2	Nintendo_3DS/6011_Nintendo_3DS_Microphone_Replacement/step01_2.jpg	https://guide-images.cdn.ifixit.com/igi/VMLFXF1xGZ4nwfFO.large	David Hodson	https://www.ifixit.com/Guide/Nintendo+3DS+Microphone+Replacement/6011
6011	Nintendo 3DS Microphone Replacement	Nintendo 3DS	2	1	Nintendo_3DS/6011_Nintendo_3DS_Microphone_Replacement/step02_1.jpg	https://guide-images.cdn.ifixit.com/igi/ZQIytmOX22YUg34O.large	David Hodson	https://www.ifixit.com/Guide/Nintendo+3DS+Microphone+Replacement/6011
6012	Nintendo 3DS Volume Switch Replacement	Nintendo 3DS	1	1	Nintendo_3DS/6012_Nintendo_3DS_Volume_Switch_Replacement/step01_1.jpg	https://guide-images.cdn.ifixit.com/igi/ITwcDRVYSfefXdaR.large	David Hodson	https://www.ifixit.com/Guide/Nintendo+3DS+Volume+Switch+Replacement/6012
6012	Nintendo 3DS Volume Switch Replacement	Nintendo 3DS	2	1	Nintendo_3DS/6012_Nintendo_3DS_Volume_Switch_Replacement/step02_1.jpg	https://guide-images.cdn.ifixit.com/igi/WujDe4xE4eI3tHJg.large	David Hodson	https://www.ifixit.com/Guide/Nintendo+3DS+Volume+Switch+Replacement/6012
6012	Nintendo 3DS Volume Switch Replacement	Nintendo 3DS	2	2	Nintendo_3DS/6012_Nintendo_3DS_Volume_Switch_Replacement/step02_2.jpg	https://guide-images.cdn.ifixit.com/igi/jc1ysoaDZCIw2TEj.large	David Hodson	https://www.ifixit.com/Guide/Nintendo+3DS+Volume+Switch+Replacement/6012
6012	Nintendo 3DS Volume Switch Replacement	Nintendo 3DS	3	1	Nintendo_3DS/6012_Nintendo_3DS_Volume_Switch_Replacement/step03_1.jpg	https://guide-images.cdn.ifixit.com/igi/dpUdpUimvCFfqOw1.large	David Hodson	https://www.ifixit.com/Guide/Nintendo+3DS+Volume+Switch+Replacement/6012
6012	Nintendo 3DS Volume Switch Replacement	Nintendo 3DS	3	2	Nintendo_3DS/6012_Nintendo_3DS_Volume_Switch_Replacement/step03_2.jpg	https://guide-images.cdn.ifixit.com/igi/lnBikT41fiBvcLcS.large	David Hodson	https://www.ifixit.com/Guide/Nintendo+3DS+Volume+Switch+Replacement/6012
6012	Nintendo 3DS Volume Switch Replacement	Nintendo 3DS	3	3	Nintendo_3DS/6012_Nintendo_3DS_Volume_Switch_Replacement/step03_3.jpg	https://guide-images.cdn.ifixit.com/igi/veZLHretTgIkbLcI.large	David Hodson	https://www.ifixit.com/Guide/Nintendo+3DS+Volume+Switch+Replacement/6012
6012	Nintendo 3DS Volume Switch Replacement	Nintendo 3DS	4	1	Nintendo_3DS/6012_Nintendo_3DS_Volume_Switch_Replacement/step04_1.jpg	https://guide-images.cdn.ifixit.com/igi/BkJd3OSBpy1Rvikh.large	David Hodson	https://www.ifixit.com/Guide/Nintendo+3DS+Volume+Switch+Replacement/6012
6012	Nintendo 3DS Volume Switch Replacement	Nintendo 3DS	5	1	Nintendo_3DS/6012_Nintendo_3DS_Volume_Switch_Replacement/step05_1.jpg	https://guide-images.cdn.ifixit.com/igi/S3qgP6SxRRPY5IxB.large	David Hodson	https://www.ifixit.com/Guide/Nintendo+3DS+Volume+Switch+Replacement/6012
6012	Nintendo 3DS Volume Switch Replacement	Nintendo 3DS	5	2	Nintendo_3DS/6012_Nintendo_3DS_Volume_Switch_Replacement/step05_2.jpg	https://guide-images.cdn.ifixit.com/igi/HILuUcmesyZeEmtm.large	David Hodson	https://www.ifixit.com/Guide/Nintendo+3DS+Volume+Switch+Replacement/6012
6012	Nintendo 3DS Volume Switch Replacement	Nintendo 3DS	5	3	Nintendo_3DS/6012_Nintendo_3DS_Volume_Switch_Replacement/step05_3.jpg	https://guide-images.cdn.ifixit.com/igi/jwM1ceschy1xdwE3.large	David Hodson	https://www.ifixit.com/Guide/Nintendo+3DS+Volume+Switch+Replacement/6012
6012	Nintendo 3DS Volume Switch Replacement	Nintendo 3DS	6	1	Nintendo_3DS/6012_Nintendo_3DS_Volume_Switch_Replacement/step06_1.jpg	https://guide-images.cdn.ifixit.com/igi/WciIxkCGqqeSwjDE.large	David Hodson	https://www.ifixit.com/Guide/Nintendo+3DS+Volume+Switch+Replacement/6012
6012	Nintendo 3DS Volume Switch Replacement	Nintendo 3DS	7	1	Nintendo_3DS/6012_Nintendo_3DS_Volume_Switch_Replacement/step07_1.jpg	https://guide-images.cdn.ifixit.com/igi/bMBnFDhOIiWPDfD6.large	David Hodson	https://www.ifixit.com/Guide/Nintendo+3DS+Volume+Switch+Replacement/6012
6012	Nintendo 3DS Volume Switch Replacement	Nintendo 3DS	7	2	Nintendo_3DS/6012_Nintendo_3DS_Volume_Switch_Replacement/step07_2.jpg	https://guide-images.cdn.ifixit.com/igi/E4TVtF3ttsxMSdVm.large	David Hodson	https://www.ifixit.com/Guide/Nintendo+3DS+Volume+Switch+Replacement/6012
6012	Nintendo 3DS Volume Switch Replacement	Nintendo 3DS	7	3	Nintendo_3DS/6012_Nintendo_3DS_Volume_Switch_Replacement/step07_3.jpg	https://guide-images.cdn.ifixit.com/igi/X2gZcTXBxZmTrD5t.large	David Hodson	https://www.ifixit.com/Guide/Nintendo+3DS+Volume+Switch+Replacement/6012
6012	Nintendo 3DS Volume Switch Replacement	Nintendo 3DS	8	1	Nintendo_3DS/6012_Nintendo_3DS_Volume_Switch_Replacement/step08_1.jpg	https://guide-images.cdn.ifixit.com/igi/IKPPuB5DIoRiDx2E.large	David Hodson	https://www.ifixit.com/Guide/Nintendo+3DS+Volume+Switch+Replacement/6012
6012	Nintendo 3DS Volume Switch Replacement	Nintendo 3DS	8	2	Nintendo_3DS/6012_Nintendo_3DS_Volume_Switch_Replacement/step08_2.jpg	https://guide-images.cdn.ifixit.com/igi/SLSbhMgUFDj5mMLx.large	David Hodson	https://www.ifixit.com/Guide/Nintendo+3DS+Volume+Switch+Replacement/6012
6012	Nintendo 3DS Volume Switch Replacement	Nintendo 3DS	8	3	Nintendo_3DS/6012_Nintendo_3DS_Volume_Switch_Replacement/step08_3.jpg	https://guide-images.cdn.ifixit.com/igi/aoqcp6SgbWFZPOht.large	David Hodson	https://www.ifixit.com/Guide/Nintendo+3DS+Volume+Switch+Replacement/6012
6012	Nintendo 3DS Volume Switch Replacement	Nintendo 3DS	9	1	Nintendo_3DS/6012_Nintendo_3DS_Volume_Switch_Replacement/step09_1.jpg	https://guide-images.cdn.ifixit.com/igi/avCvIWYWgJyNbmBI.large	David Hodson	https://www.ifixit.com/Guide/Nintendo+3DS+Volume+Switch+Replacement/6012
6012	Nintendo 3DS Volume Switch Replacement	Nintendo 3DS	9	2	Nintendo_3DS/6012_Nintendo_3DS_Volume_Switch_Replacement/step09_2.jpg	https://guide-images.cdn.ifixit.com/igi/pYrbGImK2u45deHC.large	David Hodson	https://www.ifixit.com/Guide/Nintendo+3DS+Volume+Switch+Replacement/6012
6012	Nintendo 3DS Volume Switch Replacement	Nintendo 3DS	10	1	Nintendo_3DS/6012_Nintendo_3DS_Volume_Switch_Replacement/step10_1.jpg	https://guide-images.cdn.ifixit.com/igi/KjtBrbEaOGvLPWcX.large	David Hodson	https://www.ifixit.com/Guide/Nintendo+3DS+Volume+Switch+Replacement/6012
6012	Nintendo 3DS Volume Switch Replacement	Nintendo 3DS	11	1	Nintendo_3DS/6012_Nintendo_3DS_Volume_Switch_Replacement/step11_1.jpg	https://guide-images.cdn.ifixit.com/igi/UF24JkJiQnIFyP6B.large	David Hodson	https://www.ifixit.com/Guide/Nintendo+3DS+Volume+Switch+Replacement/6012
6012	Nintendo 3DS Volume Switch Replacement	Nintendo 3DS	11	2	Nintendo_3DS/6012_Nintendo_3DS_Volume_Switch_Replacement/step11_2.jpg	https://guide-images.cdn.ifixit.com/igi/auwosXvOBdHtWtKv.large	David Hodson	https://www.ifixit.com/Guide/Nintendo+3DS+Volume+Switch+Replacement/6012
6012	Nintendo 3DS Volume Switch Replacement	Nintendo 3DS	12	1	Nintendo_3DS/6012_Nintendo_3DS_Volume_Switch_Replacement/step12_1.jpg	https://guide-images.cdn.ifixit.com/igi/dqVaYcHR1MgDcmdV.large	David Hodson	https://www.ifixit.com/Guide/Nintendo+3DS+Volume+Switch+Replacement/6012
6012	Nintendo 3DS Volume Switch Replacement	Nintendo 3DS	12	2	Nintendo_3DS/6012_Nintendo_3DS_Volume_Switch_Replacement/step12_2.jpg	https://guide-images.cdn.ifixit.com/igi/2VMuJYwG2iUrEsLA.large	David Hodson	https://www.ifixit.com/Guide/Nintendo+3DS+Volume+Switch+Replacement/6012
6012	Nintendo 3DS Volume Switch Replacement	Nintendo 3DS	12	3	Nintendo_3DS/6012_Nintendo_3DS_Volume_Switch_Replacement/step12_3.jpg	https://guide-images.cdn.ifixit.com/igi/jtGmtOcX1IDoOXDA.large	David Hodson	https://www.ifixit.com/Guide/Nintendo+3DS+Volume+Switch+Replacement/6012
6012	Nintendo 3DS Volume Switch Replacement	Nintendo 3DS	13	1	Nintendo_3DS/6012_Nintendo_3DS_Volume_Switch_Replacement/step13_1.jpg	https://guide-images.cdn.ifixit.com/igi/jBrYqTnBuAuWfLxA.large	David Hodson	https://www.ifixit.com/Guide/Nintendo+3DS+Volume+Switch+Replacement/6012
6012	Nintendo 3DS Volume Switch Replacement	Nintendo 3DS	13	2	Nintendo_3DS/6012_Nintendo_3DS_Volume_Switch_Replacement/step13_2.jpg	https://guide-images.cdn.ifixit.com/igi/VovJlB5sgUp3CMYO.large	David Hodson	https://www.ifixit.com/Guide/Nintendo+3DS+Volume+Switch+Replacement/6012
6012	Nintendo 3DS Volume Switch Replacement	Nintendo 3DS	14	1	Nintendo_3DS/6012_Nintendo_3DS_Volume_Switch_Replacement/step14_1.jpg	https://guide-images.cdn.ifixit.com/igi/SraCcIwGIBJJAuAp.large	David Hodson	https://www.ifixit.com/Guide/Nintendo+3DS+Volume+Switch+Replacement/6012
6012	Nintendo 3DS Volume Switch Replacement	Nintendo 3DS	14	2	Nintendo_3DS/6012_Nintendo_3DS_Volume_Switch_Replacement/step14_2.jpg	https://guide-images.cdn.ifixit.com/igi/LY3YrJcYkPo5gP6C.large	David Hodson	https://www.ifixit.com/Guide/Nintendo+3DS+Volume+Switch+Replacement/6012
6012	Nintendo 3DS Volume Switch Replacement	Nintendo 3DS	14	3	Nintendo_3DS/6012_Nintendo_3DS_Volume_Switch_Replacement/step14_3.jpg	https://guide-images.cdn.ifixit.com/igi/EAUNvpGX54AVCRTt.large	David Hodson	https://www.ifixit.com/Guide/Nintendo+3DS+Volume+Switch+Replacement/6012
6012	Nintendo 3DS Volume Switch Replacement	Nintendo 3DS	15	1	Nintendo_3DS/6012_Nintendo_3DS_Volume_Switch_Replacement/step15_1.jpg	https://guide-images.cdn.ifixit.com/igi/GvmVFKYnXCf4Ad2y.large	David Hodson	https://www.ifixit.com/Guide/Nintendo+3DS+Volume+Switch+Replacement/6012
6012	Nintendo 3DS Volume Switch Replacement	Nintendo 3DS	15	2	Nintendo_3DS/6012_Nintendo_3DS_Volume_Switch_Replacement/step15_2.jpg	https://guide-images.cdn.ifixit.com/igi/LZS3t4NaRFTpclGb.large	David Hodson	https://www.ifixit.com/Guide/Nintendo+3DS+Volume+Switch+Replacement/6012
6012	Nintendo 3DS Volume Switch Replacement	Nintendo 3DS	16	1	Nintendo_3DS/6012_Nintendo_3DS_Volume_Switch_Replacement/step16_1.jpg	https://guide-images.cdn.ifixit.com/igi/25ZFGvrIiHhJpHNJ.large	David Hodson	https://www.ifixit.com/Guide/Nintendo+3DS+Volume+Switch+Replacement/6012
6012	Nintendo 3DS Volume Switch Replacement	Nintendo 3DS	16	2	Nintendo_3DS/6012_Nintendo_3DS_Volume_Switch_Replacement/step16_2.jpg	https://guide-images.cdn.ifixit.com/igi/i4evTtTHPCBFDRMB.large	David Hodson	https://www.ifixit.com/Guide/Nintendo+3DS+Volume+Switch+Replacement/6012
6012	Nintendo 3DS Volume Switch Replacement	Nintendo 3DS	16	3	Nintendo_3DS/6012_Nintendo_3DS_Volume_Switch_Replacement/step16_3.jpg	https://guide-images.cdn.ifixit.com/igi/yNVXTtRLBpMiK2pb.large	David Hodson	https://www.ifixit.com/Guide/Nintendo+3DS+Volume+Switch+Replacement/6012
6012	Nintendo 3DS Volume Switch Replacement	Nintendo 3DS	17	1	Nintendo_3DS/6012_Nintendo_3DS_Volume_Switch_Replacement/step17_1.jpg	https://guide-images.cdn.ifixit.com/igi/yOUm6AVnsyNl2Kxx.large	David Hodson	https://www.ifixit.com/Guide/Nintendo+3DS+Volume+Switch+Replacement/6012
6012	Nintendo 3DS Volume Switch Replacement	Nintendo 3DS	17	2	Nintendo_3DS/6012_Nintendo_3DS_Volume_Switch_Replacement/step17_2.jpg	https://guide-images.cdn.ifixit.com/igi/c2ae6fi3IwlqKoxX.large	David Hodson	https://www.ifixit.com/Guide/Nintendo+3DS+Volume+Switch+Replacement/6012
6012	Nintendo 3DS Volume Switch Replacement	Nintendo 3DS	18	1	Nintendo_3DS/6012_Nintendo_3DS_Volume_Switch_Replacement/step18_1.jpg	https://guide-images.cdn.ifixit.com/igi/EmLwpIWMHAUXlKcg.large	David Hodson	https://www.ifixit.com/Guide/Nintendo+3DS+Volume+Switch+Replacement/6012
6012	Nintendo 3DS Volume Switch Replacement	Nintendo 3DS	18	2	Nintendo_3DS/6012_Nintendo_3DS_Volume_Switch_Replacement/step18_2.jpg	https://guide-images.cdn.ifixit.com/igi/IXUQYqG1gyvxYgwe.large	David Hodson	https://www.ifixit.com/Guide/Nintendo+3DS+Volume+Switch+Replacement/6012
6012	Nintendo 3DS Volume Switch Replacement	Nintendo 3DS	18	3	Nintendo_3DS/6012_Nintendo_3DS_Volume_Switch_Replacement/step18_3.jpg	https://guide-images.cdn.ifixit.com/igi/1kuDOCEI4UjfOZIM.large	David Hodson	https://www.ifixit.com/Guide/Nintendo+3DS+Volume+Switch+Replacement/6012
6012	Nintendo 3DS Volume Switch Replacement	Nintendo 3DS	19	1	Nintendo_3DS/6012_Nintendo_3DS_Volume_Switch_Replacement/step19_1.jpg	https://guide-images.cdn.ifixit.com/igi/mvScsefxXqHAGBLm.large	David Hodson	https://www.ifixit.com/Guide/Nintendo+3DS+Volume+Switch+Replacement/6012
6012	Nintendo 3DS Volume Switch Replacement	Nintendo 3DS	19	2	Nintendo_3DS/6012_Nintendo_3DS_Volume_Switch_Replacement/step19_2.jpg	https://guide-images.cdn.ifixit.com/igi/oGpw5HroZQgNsU1M.large	David Hodson	https://www.ifixit.com/Guide/Nintendo+3DS+Volume+Switch+Replacement/6012
6012	Nintendo 3DS Volume Switch Replacement	Nintendo 3DS	19	3	Nintendo_3DS/6012_Nintendo_3DS_Volume_Switch_Replacement/step19_3.jpg	https://guide-images.cdn.ifixit.com/igi/5MMDGphdb1IVdyhn.large	David Hodson	https://www.ifixit.com/Guide/Nintendo+3DS+Volume+Switch+Replacement/6012
6012	Nintendo 3DS Volume Switch Replacement	Nintendo 3DS	20	1	Nintendo_3DS/6012_Nintendo_3DS_Volume_Switch_Replacement/step20_1.jpg	https://guide-images.cdn.ifixit.com/igi/Ql2QL1iOEaeAbBlw.large	David Hodson	https://www.ifixit.com/Guide/Nintendo+3DS+Volume+Switch+Replacement/6012
6012	Nintendo 3DS Volume Switch Replacement	Nintendo 3DS	21	1	Nintendo_3DS/6012_Nintendo_3DS_Volume_Switch_Replacement/step21_1.jpg	https://guide-images.cdn.ifixit.com/igi/HOO3Nwf2KulhkjG6.large	David Hodson	https://www.ifixit.com/Guide/Nintendo+3DS+Volume+Switch+Replacement/6012
6012	Nintendo 3DS Volume Switch Replacement	Nintendo 3DS	21	2	Nintendo_3DS/6012_Nintendo_3DS_Volume_Switch_Replacement/step21_2.jpg	https://guide-images.cdn.ifixit.com/igi/MkOLJY2XF2TYa4iF.large	David Hodson	https://www.ifixit.com/Guide/Nintendo+3DS+Volume+Switch+Replacement/6012
6012	Nintendo 3DS Volume Switch Replacement	Nintendo 3DS	22	1	Nintendo_3DS/6012_Nintendo_3DS_Volume_Switch_Replacement/step22_1.jpg	https://guide-images.cdn.ifixit.com/igi/QoEyBchqKZPdhJwg.large	David Hodson	https://www.ifixit.com/Guide/Nintendo+3DS+Volume+Switch+Replacement/6012
6013	Nintendo 3DS IR Board Replacement	Nintendo 3DS	1	1	Nintendo_3DS/6013_Nintendo_3DS_IR_Board_Replacement/step01_1.jpg	https://guide-images.cdn.ifixit.com/igi/YQDWxIJOOQgkI1tJ.large	David Hodson	https://www.ifixit.com/Guide/Nintendo+3DS+IR+Board+Replacement/6013
6013	Nintendo 3DS IR Board Replacement	Nintendo 3DS	1	2	Nintendo_3DS/6013_Nintendo_3DS_IR_Board_Replacement/step01_2.jpg	https://guide-images.cdn.ifixit.com/igi/XVJMy2Nm3VgLUeQV.large	David Hodson	https://www.ifixit.com/Guide/Nintendo+3DS+IR+Board+Replacement/6013
6014	Nintendo 3DS Volume Switch Replacement	Nintendo 3DS	1	1	Nintendo_3DS/6014_Nintendo_3DS_Volume_Switch_Replacement/step01_1.jpg	https://guide-images.cdn.ifixit.com/igi/gsXMMeGGbfP1LuUb.large	David Hodson	https://www.ifixit.com/Guide/Nintendo+3DS+Volume+Switch+Replacement/6014
6014	Nintendo 3DS Volume Switch Replacement	Nintendo 3DS	1	2	Nintendo_3DS/6014_Nintendo_3DS_Volume_Switch_Replacement/step01_2.jpg	https://guide-images.cdn.ifixit.com/igi/DWEaT1QahddHD2gr.large	David Hodson	https://www.ifixit.com/Guide/Nintendo+3DS+Volume+Switch+Replacement/6014
6014	Nintendo 3DS Volume Switch Replacement	Nintendo 3DS	2	1	Nintendo_3DS/6014_Nintendo_3DS_Volume_Switch_Replacement/step02_1.jpg	https://guide-images.cdn.ifixit.com/igi/oA2GQJhSpgiJ5dSo.large	David Hodson	https://www.ifixit.com/Guide/Nintendo+3DS+Volume+Switch+Replacement/6014
6015	Nintendo 3DS Touchscreen Replacement	Nintendo 3DS	1	1	Nintendo_3DS/6015_Nintendo_3DS_Touchscreen_Replacement/step01_1.jpg	https://guide-images.cdn.ifixit.com/igi/ITwcDRVYSfefXdaR.large	David Hodson	https://www.ifixit.com/Guide/Nintendo+3DS+Touchscreen+Replacement/6015
6015	Nintendo 3DS Touchscreen Replacement	Nintendo 3DS	2	1	Nintendo_3DS/6015_Nintendo_3DS_Touchscreen_Replacement/step02_1.jpg	https://guide-images.cdn.ifixit.com/igi/WujDe4xE4eI3tHJg.large	David Hodson	https://www.ifixit.com/Guide/Nintendo+3DS+Touchscreen+Replacement/6015
6015	Nintendo 3DS Touchscreen Replacement	Nintendo 3DS	2	2	Nintendo_3DS/6015_Nintendo_3DS_Touchscreen_Replacement/step02_2.jpg	https://guide-images.cdn.ifixit.com/igi/jc1ysoaDZCIw2TEj.large	David Hodson	https://www.ifixit.com/Guide/Nintendo+3DS+Touchscreen+Replacement/6015
6015	Nintendo 3DS Touchscreen Replacement	Nintendo 3DS	3	1	Nintendo_3DS/6015_Nintendo_3DS_Touchscreen_Replacement/step03_1.jpg	https://guide-images.cdn.ifixit.com/igi/dpUdpUimvCFfqOw1.large	David Hodson	https://www.ifixit.com/Guide/Nintendo+3DS+Touchscreen+Replacement/6015
6015	Nintendo 3DS Touchscreen Replacement	Nintendo 3DS	3	2	Nintendo_3DS/6015_Nintendo_3DS_Touchscreen_Replacement/step03_2.jpg	https://guide-images.cdn.ifixit.com/igi/lnBikT41fiBvcLcS.large	David Hodson	https://www.ifixit.com/Guide/Nintendo+3DS+Touchscreen+Replacement/6015
6015	Nintendo 3DS Touchscreen Replacement	Nintendo 3DS	3	3	Nintendo_3DS/6015_Nintendo_3DS_Touchscreen_Replacement/step03_3.jpg	https://guide-images.cdn.ifixit.com/igi/veZLHretTgIkbLcI.large	David Hodson	https://www.ifixit.com/Guide/Nintendo+3DS+Touchscreen+Replacement/6015
6015	Nintendo 3DS Touchscreen Replacement	Nintendo 3DS	4	1	Nintendo_3DS/6015_Nintendo_3DS_Touchscreen_Replacement/step04_1.jpg	https://guide-images.cdn.ifixit.com/igi/BkJd3OSBpy1Rvikh.large	David Hodson	https://www.ifixit.com/Guide/Nintendo+3DS+Touchscreen+Replacement/6015
6015	Nintendo 3DS Touchscreen Replacement	Nintendo 3DS	5	1	Nintendo_3DS/6015_Nintendo_3DS_Touchscreen_Replacement/step05_1.jpg	https://guide-images.cdn.ifixit.com/igi/S3qgP6SxRRPY5IxB.large	David Hodson	https://www.ifixit.com/Guide/Nintendo+3DS+Touchscreen+Replacement/6015
6015	Nintendo 3DS Touchscreen Replacement	Nintendo 3DS	5	2	Nintendo_3DS/6015_Nintendo_3DS_Touchscreen_Replacement/step05_2.jpg	https://guide-images.cdn.ifixit.com/igi/HILuUcmesyZeEmtm.large	David Hodson	https://www.ifixit.com/Guide/Nintendo+3DS+Touchscreen+Replacement/6015
6015	Nintendo 3DS Touchscreen Replacement	Nintendo 3DS	5	3	Nintendo_3DS/6015_Nintendo_3DS_Touchscreen_Replacement/step05_3.jpg	https://guide-images.cdn.ifixit.com/igi/jwM1ceschy1xdwE3.large	David Hodson	https://www.ifixit.com/Guide/Nintendo+3DS+Touchscreen+Replacement/6015
6015	Nintendo 3DS Touchscreen Replacement	Nintendo 3DS	6	1	Nintendo_3DS/6015_Nintendo_3DS_Touchscreen_Replacement/step06_1.jpg	https://guide-images.cdn.ifixit.com/igi/WciIxkCGqqeSwjDE.large	David Hodson	https://www.ifixit.com/Guide/Nintendo+3DS+Touchscreen+Replacement/6015
6015	Nintendo 3DS Touchscreen Replacement	Nintendo 3DS	7	1	Nintendo_3DS/6015_Nintendo_3DS_Touchscreen_Replacement/step07_1.jpg	https://guide-images.cdn.ifixit.com/igi/bMBnFDhOIiWPDfD6.large	David Hodson	https://www.ifixit.com/Guide/Nintendo+3DS+Touchscreen+Replacement/6015
6015	Nintendo 3DS Touchscreen Replacement	Nintendo 3DS	7	2	Nintendo_3DS/6015_Nintendo_3DS_Touchscreen_Replacement/step07_2.jpg	https://guide-images.cdn.ifixit.com/igi/E4TVtF3ttsxMSdVm.large	David Hodson	https://www.ifixit.com/Guide/Nintendo+3DS+Touchscreen+Replacement/6015
6015	Nintendo 3DS Touchscreen Replacement	Nintendo 3DS	7	3	Nintendo_3DS/6015_Nintendo_3DS_Touchscreen_Replacement/step07_3.jpg	https://guide-images.cdn.ifixit.com/igi/X2gZcTXBxZmTrD5t.large	David Hodson	https://www.ifixit.com/Guide/Nintendo+3DS+Touchscreen+Replacement/6015
6015	Nintendo 3DS Touchscreen Replacement	Nintendo 3DS	8	1	Nintendo_3DS/6015_Nintendo_3DS_Touchscreen_Replacement/step08_1.jpg	https://guide-images.cdn.ifixit.com/igi/IKPPuB5DIoRiDx2E.large	David Hodson	https://www.ifixit.com/Guide/Nintendo+3DS+Touchscreen+Replacement/6015
6015	Nintendo 3DS Touchscreen Replacement	Nintendo 3DS	8	2	Nintendo_3DS/6015_Nintendo_3DS_Touchscreen_Replacement/step08_2.jpg	https://guide-images.cdn.ifixit.com/igi/SLSbhMgUFDj5mMLx.large	David Hodson	https://www.ifixit.com/Guide/Nintendo+3DS+Touchscreen+Replacement/6015
6015	Nintendo 3DS Touchscreen Replacement	Nintendo 3DS	8	3	Nintendo_3DS/6015_Nintendo_3DS_Touchscreen_Replacement/step08_3.jpg	https://guide-images.cdn.ifixit.com/igi/aoqcp6SgbWFZPOht.large	David Hodson	https://www.ifixit.com/Guide/Nintendo+3DS+Touchscreen+Replacement/6015
6015	Nintendo 3DS Touchscreen Replacement	Nintendo 3DS	9	1	Nintendo_3DS/6015_Nintendo_3DS_Touchscreen_Replacement/step09_1.jpg	https://guide-images.cdn.ifixit.com/igi/avCvIWYWgJyNbmBI.large	David Hodson	https://www.ifixit.com/Guide/Nintendo+3DS+Touchscreen+Replacement/6015
6015	Nintendo 3DS Touchscreen Replacement	Nintendo 3DS	9	2	Nintendo_3DS/6015_Nintendo_3DS_Touchscreen_Replacement/step09_2.jpg	https://guide-images.cdn.ifixit.com/igi/pYrbGImK2u45deHC.large	David Hodson	https://www.ifixit.com/Guide/Nintendo+3DS+Touchscreen+Replacement/6015
6015	Nintendo 3DS Touchscreen Replacement	Nintendo 3DS	10	1	Nintendo_3DS/6015_Nintendo_3DS_Touchscreen_Replacement/step10_1.jpg	https://guide-images.cdn.ifixit.com/igi/KjtBrbEaOGvLPWcX.large	David Hodson	https://www.ifixit.com/Guide/Nintendo+3DS+Touchscreen+Replacement/6015
6015	Nintendo 3DS Touchscreen Replacement	Nintendo 3DS	11	1	Nintendo_3DS/6015_Nintendo_3DS_Touchscreen_Replacement/step11_1.jpg	https://guide-images.cdn.ifixit.com/igi/UF24JkJiQnIFyP6B.large	David Hodson	https://www.ifixit.com/Guide/Nintendo+3DS+Touchscreen+Replacement/6015
6015	Nintendo 3DS Touchscreen Replacement	Nintendo 3DS	11	2	Nintendo_3DS/6015_Nintendo_3DS_Touchscreen_Replacement/step11_2.jpg	https://guide-images.cdn.ifixit.com/igi/auwosXvOBdHtWtKv.large	David Hodson	https://www.ifixit.com/Guide/Nintendo+3DS+Touchscreen+Replacement/6015
6015	Nintendo 3DS Touchscreen Replacement	Nintendo 3DS	12	1	Nintendo_3DS/6015_Nintendo_3DS_Touchscreen_Replacement/step12_1.jpg	https://guide-images.cdn.ifixit.com/igi/dqVaYcHR1MgDcmdV.large	David Hodson	https://www.ifixit.com/Guide/Nintendo+3DS+Touchscreen+Replacement/6015
6015	Nintendo 3DS Touchscreen Replacement	Nintendo 3DS	12	2	Nintendo_3DS/6015_Nintendo_3DS_Touchscreen_Replacement/step12_2.jpg	https://guide-images.cdn.ifixit.com/igi/2VMuJYwG2iUrEsLA.large	David Hodson	https://www.ifixit.com/Guide/Nintendo+3DS+Touchscreen+Replacement/6015
6015	Nintendo 3DS Touchscreen Replacement	Nintendo 3DS	12	3	Nintendo_3DS/6015_Nintendo_3DS_Touchscreen_Replacement/step12_3.jpg	https://guide-images.cdn.ifixit.com/igi/jtGmtOcX1IDoOXDA.large	David Hodson	https://www.ifixit.com/Guide/Nintendo+3DS+Touchscreen+Replacement/6015
6015	Nintendo 3DS Touchscreen Replacement	Nintendo 3DS	13	1	Nintendo_3DS/6015_Nintendo_3DS_Touchscreen_Replacement/step13_1.jpg	https://guide-images.cdn.ifixit.com/igi/jBrYqTnBuAuWfLxA.large	David Hodson	https://www.ifixit.com/Guide/Nintendo+3DS+Touchscreen+Replacement/6015
6015	Nintendo 3DS Touchscreen Replacement	Nintendo 3DS	13	2	Nintendo_3DS/6015_Nintendo_3DS_Touchscreen_Replacement/step13_2.jpg	https://guide-images.cdn.ifixit.com/igi/VovJlB5sgUp3CMYO.large	David Hodson	https://www.ifixit.com/Guide/Nintendo+3DS+Touchscreen+Replacement/6015
6015	Nintendo 3DS Touchscreen Replacement	Nintendo 3DS	14	1	Nintendo_3DS/6015_Nintendo_3DS_Touchscreen_Replacement/step14_1.jpg	https://guide-images.cdn.ifixit.com/igi/SraCcIwGIBJJAuAp.large	David Hodson	https://www.ifixit.com/Guide/Nintendo+3DS+Touchscreen+Replacement/6015
6015	Nintendo 3DS Touchscreen Replacement	Nintendo 3DS	14	2	Nintendo_3DS/6015_Nintendo_3DS_Touchscreen_Replacement/step14_2.jpg	https://guide-images.cdn.ifixit.com/igi/LY3YrJcYkPo5gP6C.large	David Hodson	https://www.ifixit.com/Guide/Nintendo+3DS+Touchscreen+Replacement/6015
6015	Nintendo 3DS Touchscreen Replacement	Nintendo 3DS	14	3	Nintendo_3DS/6015_Nintendo_3DS_Touchscreen_Replacement/step14_3.jpg	https://guide-images.cdn.ifixit.com/igi/EAUNvpGX54AVCRTt.large	David Hodson	https://www.ifixit.com/Guide/Nintendo+3DS+Touchscreen+Replacement/6015
6015	Nintendo 3DS Touchscreen Replacement	Nintendo 3DS	15	1	Nintendo_3DS/6015_Nintendo_3DS_Touchscreen_Replacement/step15_1.jpg	https://guide-images.cdn.ifixit.com/igi/GvmVFKYnXCf4Ad2y.large	David Hodson	https://www.ifixit.com/Guide/Nintendo+3DS+Touchscreen+Replacement/6015
6015	Nintendo 3DS Touchscreen Replacement	Nintendo 3DS	15	2	Nintendo_3DS/6015_Nintendo_3DS_Touchscreen_Replacement/step15_2.jpg	https://guide-images.cdn.ifixit.com/igi/LZS3t4NaRFTpclGb.large	David Hodson	https://www.ifixit.com/Guide/Nintendo+3DS+Touchscreen+Replacement/6015
6015	Nintendo 3DS Touchscreen Replacement	Nintendo 3DS	16	1	Nintendo_3DS/6015_Nintendo_3DS_Touchscreen_Replacement/step16_1.jpg	https://guide-images.cdn.ifixit.com/igi/25ZFGvrIiHhJpHNJ.large	David Hodson	https://www.ifixit.com/Guide/Nintendo+3DS+Touchscreen+Replacement/6015
6015	Nintendo 3DS Touchscreen Replacement	Nintendo 3DS	16	2	Nintendo_3DS/6015_Nintendo_3DS_Touchscreen_Replacement/step16_2.jpg	https://guide-images.cdn.ifixit.com/igi/i4evTtTHPCBFDRMB.large	David Hodson	https://www.ifixit.com/Guide/Nintendo+3DS+Touchscreen+Replacement/6015
6015	Nintendo 3DS Touchscreen Replacement	Nintendo 3DS	16	3	Nintendo_3DS/6015_Nintendo_3DS_Touchscreen_Replacement/step16_3.jpg	https://guide-images.cdn.ifixit.com/igi/yNVXTtRLBpMiK2pb.large	David Hodson	https://www.ifixit.com/Guide/Nintendo+3DS+Touchscreen+Replacement/6015
6015	Nintendo 3DS Touchscreen Replacement	Nintendo 3DS	17	1	Nintendo_3DS/6015_Nintendo_3DS_Touchscreen_Replacement/step17_1.jpg	https://guide-images.cdn.ifixit.com/igi/yOUm6AVnsyNl2Kxx.large	David Hodson	https://www.ifixit.com/Guide/Nintendo+3DS+Touchscreen+Replacement/6015
6015	Nintendo 3DS Touchscreen Replacement	Nintendo 3DS	17	2	Nintendo_3DS/6015_Nintendo_3DS_Touchscreen_Replacement/step17_2.jpg	https://guide-images.cdn.ifixit.com/igi/c2ae6fi3IwlqKoxX.large	David Hodson	https://www.ifixit.com/Guide/Nintendo+3DS+Touchscreen+Replacement/6015
6015	Nintendo 3DS Touchscreen Replacement	Nintendo 3DS	18	1	Nintendo_3DS/6015_Nintendo_3DS_Touchscreen_Replacement/step18_1.jpg	https://guide-images.cdn.ifixit.com/igi/EmLwpIWMHAUXlKcg.large	David Hodson	https://www.ifixit.com/Guide/Nintendo+3DS+Touchscreen+Replacement/6015
6015	Nintendo 3DS Touchscreen Replacement	Nintendo 3DS	18	2	Nintendo_3DS/6015_Nintendo_3DS_Touchscreen_Replacement/step18_2.jpg	https://guide-images.cdn.ifixit.com/igi/IXUQYqG1gyvxYgwe.large	David Hodson	https://www.ifixit.com/Guide/Nintendo+3DS+Touchscreen+Replacement/6015
6015	Nintendo 3DS Touchscreen Replacement	Nintendo 3DS	18	3	Nintendo_3DS/6015_Nintendo_3DS_Touchscreen_Replacement/step18_3.jpg	https://guide-images.cdn.ifixit.com/igi/1kuDOCEI4UjfOZIM.large	David Hodson	https://www.ifixit.com/Guide/Nintendo+3DS+Touchscreen+Replacement/6015
6015	Nintendo 3DS Touchscreen Replacement	Nintendo 3DS	19	1	Nintendo_3DS/6015_Nintendo_3DS_Touchscreen_Replacement/step19_1.jpg	https://guide-images.cdn.ifixit.com/igi/mvScsefxXqHAGBLm.large	David Hodson	https://www.ifixit.com/Guide/Nintendo+3DS+Touchscreen+Replacement/6015
6015	Nintendo 3DS Touchscreen Replacement	Nintendo 3DS	19	2	Nintendo_3DS/6015_Nintendo_3DS_Touchscreen_Replacement/step19_2.jpg	https://guide-images.cdn.ifixit.com/igi/oGpw5HroZQgNsU1M.large	David Hodson	https://www.ifixit.com/Guide/Nintendo+3DS+Touchscreen+Replacement/6015
6015	Nintendo 3DS Touchscreen Replacement	Nintendo 3DS	19	3	Nintendo_3DS/6015_Nintendo_3DS_Touchscreen_Replacement/step19_3.jpg	https://guide-images.cdn.ifixit.com/igi/5MMDGphdb1IVdyhn.large	David Hodson	https://www.ifixit.com/Guide/Nintendo+3DS+Touchscreen+Replacement/6015
6015	Nintendo 3DS Touchscreen Replacement	Nintendo 3DS	20	1	Nintendo_3DS/6015_Nintendo_3DS_Touchscreen_Replacement/step20_1.jpg	https://guide-images.cdn.ifixit.com/igi/Ql2QL1iOEaeAbBlw.large	David Hodson	https://www.ifixit.com/Guide/Nintendo+3DS+Touchscreen+Replacement/6015
6015	Nintendo 3DS Touchscreen Replacement	Nintendo 3DS	21	1	Nintendo_3DS/6015_Nintendo_3DS_Touchscreen_Replacement/step21_1.jpg	https://guide-images.cdn.ifixit.com/igi/tnZRw6jTPN4aaTiq.large	David Hodson	https://www.ifixit.com/Guide/Nintendo+3DS+Touchscreen+Replacement/6015
6015	Nintendo 3DS Touchscreen Replacement	Nintendo 3DS	21	2	Nintendo_3DS/6015_Nintendo_3DS_Touchscreen_Replacement/step21_2.jpg	https://guide-images.cdn.ifixit.com/igi/tEAy1iFTsLPa1lad.large	David Hodson	https://www.ifixit.com/Guide/Nintendo+3DS+Touchscreen+Replacement/6015
6015	Nintendo 3DS Touchscreen Replacement	Nintendo 3DS	21	3	Nintendo_3DS/6015_Nintendo_3DS_Touchscreen_Replacement/step21_3.jpg	https://guide-images.cdn.ifixit.com/igi/qVSJGimehZjuxQJe.large	David Hodson	https://www.ifixit.com/Guide/Nintendo+3DS+Touchscreen+Replacement/6015
6015	Nintendo 3DS Touchscreen Replacement	Nintendo 3DS	22	1	Nintendo_3DS/6015_Nintendo_3DS_Touchscreen_Replacement/step22_1.jpg	https://guide-images.cdn.ifixit.com/igi/koKUiKTD6mw5j2WT.large	David Hodson	https://www.ifixit.com/Guide/Nintendo+3DS+Touchscreen+Replacement/6015
6015	Nintendo 3DS Touchscreen Replacement	Nintendo 3DS	22	2	Nintendo_3DS/6015_Nintendo_3DS_Touchscreen_Replacement/step22_2.jpg	https://guide-images.cdn.ifixit.com/igi/Y1TR2hlGLIJiTFUs.large	David Hodson	https://www.ifixit.com/Guide/Nintendo+3DS+Touchscreen+Replacement/6015
6015	Nintendo 3DS Touchscreen Replacement	Nintendo 3DS	23	1	Nintendo_3DS/6015_Nintendo_3DS_Touchscreen_Replacement/step23_1.jpg	https://guide-images.cdn.ifixit.com/igi/D4GOcxGGiThm65Gk.large	David Hodson	https://www.ifixit.com/Guide/Nintendo+3DS+Touchscreen+Replacement/6015
6015	Nintendo 3DS Touchscreen Replacement	Nintendo 3DS	23	2	Nintendo_3DS/6015_Nintendo_3DS_Touchscreen_Replacement/step23_2.jpg	https://guide-images.cdn.ifixit.com/igi/qkHOSg4VmmFyQRFV.large	David Hodson	https://www.ifixit.com/Guide/Nintendo+3DS+Touchscreen+Replacement/6015
6015	Nintendo 3DS Touchscreen Replacement	Nintendo 3DS	23	3	Nintendo_3DS/6015_Nintendo_3DS_Touchscreen_Replacement/step23_3.jpg	https://guide-images.cdn.ifixit.com/igi/AoUB1pAxJZITLKRv.large	David Hodson	https://www.ifixit.com/Guide/Nintendo+3DS+Touchscreen+Replacement/6015
6015	Nintendo 3DS Touchscreen Replacement	Nintendo 3DS	24	1	Nintendo_3DS/6015_Nintendo_3DS_Touchscreen_Replacement/step24_1.jpg	https://guide-images.cdn.ifixit.com/igi/XVBLJkgYaVKhsWNW.large	David Hodson	https://www.ifixit.com/Guide/Nintendo+3DS+Touchscreen+Replacement/6015
6015	Nintendo 3DS Touchscreen Replacement	Nintendo 3DS	24	2	Nintendo_3DS/6015_Nintendo_3DS_Touchscreen_Replacement/step24_2.jpg	https://guide-images.cdn.ifixit.com/igi/bqtNrTKNL2FBmEUv.large	David Hodson	https://www.ifixit.com/Guide/Nintendo+3DS+Touchscreen+Replacement/6015
6015	Nintendo 3DS Touchscreen Replacement	Nintendo 3DS	25	1	Nintendo_3DS/6015_Nintendo_3DS_Touchscreen_Replacement/step25_1.jpg	https://guide-images.cdn.ifixit.com/igi/3QSNaVqiqUgdV5ki.large	David Hodson	https://www.ifixit.com/Guide/Nintendo+3DS+Touchscreen+Replacement/6015
6015	Nintendo 3DS Touchscreen Replacement	Nintendo 3DS	26	1	Nintendo_3DS/6015_Nintendo_3DS_Touchscreen_Replacement/step26_1.jpg	https://guide-images.cdn.ifixit.com/igi/3Vn2ktSg2DHah5VB.large	David Hodson	https://www.ifixit.com/Guide/Nintendo+3DS+Touchscreen+Replacement/6015
6015	Nintendo 3DS Touchscreen Replacement	Nintendo 3DS	26	2	Nintendo_3DS/6015_Nintendo_3DS_Touchscreen_Replacement/step26_2.jpg	https://guide-images.cdn.ifixit.com/igi/fxEXqCPsJTaJ2GsY.large	David Hodson	https://www.ifixit.com/Guide/Nintendo+3DS+Touchscreen+Replacement/6015
6015	Nintendo 3DS Touchscreen Replacement	Nintendo 3DS	27	1	Nintendo_3DS/6015_Nintendo_3DS_Touchscreen_Replacement/step27_1.jpg	https://guide-images.cdn.ifixit.com/igi/4Iy1yDPL4Hkqiv5A.large	David Hodson	https://www.ifixit.com/Guide/Nintendo+3DS+Touchscreen+Replacement/6015
6015	Nintendo 3DS Touchscreen Replacement	Nintendo 3DS	27	2	Nintendo_3DS/6015_Nintendo_3DS_Touchscreen_Replacement/step27_2.jpg	https://guide-images.cdn.ifixit.com/igi/e3SEZpPljCG1jTcv.large	David Hodson	https://www.ifixit.com/Guide/Nintendo+3DS+Touchscreen+Replacement/6015
6015	Nintendo 3DS Touchscreen Replacement	Nintendo 3DS	28	1	Nintendo_3DS/6015_Nintendo_3DS_Touchscreen_Replacement/step28_1.jpg	https://guide-images.cdn.ifixit.com/igi/lfXlDYkNxXGXMwUK.large	David Hodson	https://www.ifixit.com/Guide/Nintendo+3DS+Touchscreen+Replacement/6015
6016	Nintendo 3DS Lower LCD Replacement	Nintendo 3DS	1	1	Nintendo_3DS/6016_Nintendo_3DS_Lower_LCD_Replacement/step01_1.jpg	https://guide-images.cdn.ifixit.com/igi/ITwcDRVYSfefXdaR.large	David Hodson	https://www.ifixit.com/Guide/Nintendo+3DS+Lower+LCD+Replacement/6016
6016	Nintendo 3DS Lower LCD Replacement	Nintendo 3DS	2	1	Nintendo_3DS/6016_Nintendo_3DS_Lower_LCD_Replacement/step02_1.jpg	https://guide-images.cdn.ifixit.com/igi/WujDe4xE4eI3tHJg.large	David Hodson	https://www.ifixit.com/Guide/Nintendo+3DS+Lower+LCD+Replacement/6016
6016	Nintendo 3DS Lower LCD Replacement	Nintendo 3DS	2	2	Nintendo_3DS/6016_Nintendo_3DS_Lower_LCD_Replacement/step02_2.jpg	https://guide-images.cdn.ifixit.com/igi/jc1ysoaDZCIw2TEj.large	David Hodson	https://www.ifixit.com/Guide/Nintendo+3DS+Lower+LCD+Replacement/6016
6016	Nintendo 3DS Lower LCD Replacement	Nintendo 3DS	3	1	Nintendo_3DS/6016_Nintendo_3DS_Lower_LCD_Replacement/step03_1.jpg	https://guide-images.cdn.ifixit.com/igi/dpUdpUimvCFfqOw1.large	David Hodson	https://www.ifixit.com/Guide/Nintendo+3DS+Lower+LCD+Replacement/6016
6016	Nintendo 3DS Lower LCD Replacement	Nintendo 3DS	3	2	Nintendo_3DS/6016_Nintendo_3DS_Lower_LCD_Replacement/step03_2.jpg	https://guide-images.cdn.ifixit.com/igi/lnBikT41fiBvcLcS.large	David Hodson	https://www.ifixit.com/Guide/Nintendo+3DS+Lower+LCD+Replacement/6016
6016	Nintendo 3DS Lower LCD Replacement	Nintendo 3DS	3	3	Nintendo_3DS/6016_Nintendo_3DS_Lower_LCD_Replacement/step03_3.jpg	https://guide-images.cdn.ifixit.com/igi/veZLHretTgIkbLcI.large	David Hodson	https://www.ifixit.com/Guide/Nintendo+3DS+Lower+LCD+Replacement/6016
6016	Nintendo 3DS Lower LCD Replacement	Nintendo 3DS	4	1	Nintendo_3DS/6016_Nintendo_3DS_Lower_LCD_Replacement/step04_1.jpg	https://guide-images.cdn.ifixit.com/igi/BkJd3OSBpy1Rvikh.large	David Hodson	https://www.ifixit.com/Guide/Nintendo+3DS+Lower+LCD+Replacement/6016
6016	Nintendo 3DS Lower LCD Replacement	Nintendo 3DS	5	1	Nintendo_3DS/6016_Nintendo_3DS_Lower_LCD_Replacement/step05_1.jpg	https://guide-images.cdn.ifixit.com/igi/S3qgP6SxRRPY5IxB.large	David Hodson	https://www.ifixit.com/Guide/Nintendo+3DS+Lower+LCD+Replacement/6016
6016	Nintendo 3DS Lower LCD Replacement	Nintendo 3DS	5	2	Nintendo_3DS/6016_Nintendo_3DS_Lower_LCD_Replacement/step05_2.jpg	https://guide-images.cdn.ifixit.com/igi/HILuUcmesyZeEmtm.large	David Hodson	https://www.ifixit.com/Guide/Nintendo+3DS+Lower+LCD+Replacement/6016
6016	Nintendo 3DS Lower LCD Replacement	Nintendo 3DS	5	3	Nintendo_3DS/6016_Nintendo_3DS_Lower_LCD_Replacement/step05_3.jpg	https://guide-images.cdn.ifixit.com/igi/jwM1ceschy1xdwE3.large	David Hodson	https://www.ifixit.com/Guide/Nintendo+3DS+Lower+LCD+Replacement/6016
6016	Nintendo 3DS Lower LCD Replacement	Nintendo 3DS	6	1	Nintendo_3DS/6016_Nintendo_3DS_Lower_LCD_Replacement/step06_1.jpg	https://guide-images.cdn.ifixit.com/igi/WciIxkCGqqeSwjDE.large	David Hodson	https://www.ifixit.com/Guide/Nintendo+3DS+Lower+LCD+Replacement/6016
6016	Nintendo 3DS Lower LCD Replacement	Nintendo 3DS	7	1	Nintendo_3DS/6016_Nintendo_3DS_Lower_LCD_Replacement/step07_1.jpg	https://guide-images.cdn.ifixit.com/igi/bMBnFDhOIiWPDfD6.large	David Hodson	https://www.ifixit.com/Guide/Nintendo+3DS+Lower+LCD+Replacement/6016
6016	Nintendo 3DS Lower LCD Replacement	Nintendo 3DS	7	2	Nintendo_3DS/6016_Nintendo_3DS_Lower_LCD_Replacement/step07_2.jpg	https://guide-images.cdn.ifixit.com/igi/E4TVtF3ttsxMSdVm.large	David Hodson	https://www.ifixit.com/Guide/Nintendo+3DS+Lower+LCD+Replacement/6016
6016	Nintendo 3DS Lower LCD Replacement	Nintendo 3DS	7	3	Nintendo_3DS/6016_Nintendo_3DS_Lower_LCD_Replacement/step07_3.jpg	https://guide-images.cdn.ifixit.com/igi/X2gZcTXBxZmTrD5t.large	David Hodson	https://www.ifixit.com/Guide/Nintendo+3DS+Lower+LCD+Replacement/6016
6016	Nintendo 3DS Lower LCD Replacement	Nintendo 3DS	8	1	Nintendo_3DS/6016_Nintendo_3DS_Lower_LCD_Replacement/step08_1.jpg	https://guide-images.cdn.ifixit.com/igi/IKPPuB5DIoRiDx2E.large	David Hodson	https://www.ifixit.com/Guide/Nintendo+3DS+Lower+LCD+Replacement/6016
6016	Nintendo 3DS Lower LCD Replacement	Nintendo 3DS	8	2	Nintendo_3DS/6016_Nintendo_3DS_Lower_LCD_Replacement/step08_2.jpg	https://guide-images.cdn.ifixit.com/igi/SLSbhMgUFDj5mMLx.large	David Hodson	https://www.ifixit.com/Guide/Nintendo+3DS+Lower+LCD+Replacement/6016
6016	Nintendo 3DS Lower LCD Replacement	Nintendo 3DS	8	3	Nintendo_3DS/6016_Nintendo_3DS_Lower_LCD_Replacement/step08_3.jpg	https://guide-images.cdn.ifixit.com/igi/aoqcp6SgbWFZPOht.large	David Hodson	https://www.ifixit.com/Guide/Nintendo+3DS+Lower+LCD+Replacement/6016
6016	Nintendo 3DS Lower LCD Replacement	Nintendo 3DS	9	1	Nintendo_3DS/6016_Nintendo_3DS_Lower_LCD_Replacement/step09_1.jpg	https://guide-images.cdn.ifixit.com/igi/avCvIWYWgJyNbmBI.large	David Hodson	https://www.ifixit.com/Guide/Nintendo+3DS+Lower+LCD+Replacement/6016
6016	Nintendo 3DS Lower LCD Replacement	Nintendo 3DS	9	2	Nintendo_3DS/6016_Nintendo_3DS_Lower_LCD_Replacement/step09_2.jpg	https://guide-images.cdn.ifixit.com/igi/pYrbGImK2u45deHC.large	David Hodson	https://www.ifixit.com/Guide/Nintendo+3DS+Lower+LCD+Replacement/6016
6016	Nintendo 3DS Lower LCD Replacement	Nintendo 3DS	10	1	Nintendo_3DS/6016_Nintendo_3DS_Lower_LCD_Replacement/step10_1.jpg	https://guide-images.cdn.ifixit.com/igi/KjtBrbEaOGvLPWcX.large	David Hodson	https://www.ifixit.com/Guide/Nintendo+3DS+Lower+LCD+Replacement/6016
6016	Nintendo 3DS Lower LCD Replacement	Nintendo 3DS	11	1	Nintendo_3DS/6016_Nintendo_3DS_Lower_LCD_Replacement/step11_1.jpg	https://guide-images.cdn.ifixit.com/igi/UF24JkJiQnIFyP6B.large	David Hodson	https://www.ifixit.com/Guide/Nintendo+3DS+Lower+LCD+Replacement/6016
6016	Nintendo 3DS Lower LCD Replacement	Nintendo 3DS	11	2	Nintendo_3DS/6016_Nintendo_3DS_Lower_LCD_Replacement/step11_2.jpg	https://guide-images.cdn.ifixit.com/igi/auwosXvOBdHtWtKv.large	David Hodson	https://www.ifixit.com/Guide/Nintendo+3DS+Lower+LCD+Replacement/6016
6016	Nintendo 3DS Lower LCD Replacement	Nintendo 3DS	12	1	Nintendo_3DS/6016_Nintendo_3DS_Lower_LCD_Replacement/step12_1.jpg	https://guide-images.cdn.ifixit.com/igi/dqVaYcHR1MgDcmdV.large	David Hodson	https://www.ifixit.com/Guide/Nintendo+3DS+Lower+LCD+Replacement/6016
6016	Nintendo 3DS Lower LCD Replacement	Nintendo 3DS	12	2	Nintendo_3DS/6016_Nintendo_3DS_Lower_LCD_Replacement/step12_2.jpg	https://guide-images.cdn.ifixit.com/igi/2VMuJYwG2iUrEsLA.large	David Hodson	https://www.ifixit.com/Guide/Nintendo+3DS+Lower+LCD+Replacement/6016
6016	Nintendo 3DS Lower LCD Replacement	Nintendo 3DS	12	3	Nintendo_3DS/6016_Nintendo_3DS_Lower_LCD_Replacement/step12_3.jpg	https://guide-images.cdn.ifixit.com/igi/jtGmtOcX1IDoOXDA.large	David Hodson	https://www.ifixit.com/Guide/Nintendo+3DS+Lower+LCD+Replacement/6016
6016	Nintendo 3DS Lower LCD Replacement	Nintendo 3DS	13	1	Nintendo_3DS/6016_Nintendo_3DS_Lower_LCD_Replacement/step13_1.jpg	https://guide-images.cdn.ifixit.com/igi/jBrYqTnBuAuWfLxA.large	David Hodson	https://www.ifixit.com/Guide/Nintendo+3DS+Lower+LCD+Replacement/6016
6016	Nintendo 3DS Lower LCD Replacement	Nintendo 3DS	13	2	Nintendo_3DS/6016_Nintendo_3DS_Lower_LCD_Replacement/step13_2.jpg	https://guide-images.cdn.ifixit.com/igi/VovJlB5sgUp3CMYO.large	David Hodson	https://www.ifixit.com/Guide/Nintendo+3DS+Lower+LCD+Replacement/6016
6016	Nintendo 3DS Lower LCD Replacement	Nintendo 3DS	14	1	Nintendo_3DS/6016_Nintendo_3DS_Lower_LCD_Replacement/step14_1.jpg	https://guide-images.cdn.ifixit.com/igi/SraCcIwGIBJJAuAp.large	David Hodson	https://www.ifixit.com/Guide/Nintendo+3DS+Lower+LCD+Replacement/6016
6016	Nintendo 3DS Lower LCD Replacement	Nintendo 3DS	14	2	Nintendo_3DS/6016_Nintendo_3DS_Lower_LCD_Replacement/step14_2.jpg	https://guide-images.cdn.ifixit.com/igi/LY3YrJcYkPo5gP6C.large	David Hodson	https://www.ifixit.com/Guide/Nintendo+3DS+Lower+LCD+Replacement/6016
6016	Nintendo 3DS Lower LCD Replacement	Nintendo 3DS	14	3	Nintendo_3DS/6016_Nintendo_3DS_Lower_LCD_Replacement/step14_3.jpg	https://guide-images.cdn.ifixit.com/igi/EAUNvpGX54AVCRTt.large	David Hodson	https://www.ifixit.com/Guide/Nintendo+3DS+Lower+LCD+Replacement/6016
6016	Nintendo 3DS Lower LCD Replacement	Nintendo 3DS	15	1	Nintendo_3DS/6016_Nintendo_3DS_Lower_LCD_Replacement/step15_1.jpg	https://guide-images.cdn.ifixit.com/igi/GvmVFKYnXCf4Ad2y.large	David Hodson	https://www.ifixit.com/Guide/Nintendo+3DS+Lower+LCD+Replacement/6016
6016	Nintendo 3DS Lower LCD Replacement	Nintendo 3DS	15	2	Nintendo_3DS/6016_Nintendo_3DS_Lower_LCD_Replacement/step15_2.jpg	https://guide-images.cdn.ifixit.com/igi/LZS3t4NaRFTpclGb.large	David Hodson	https://www.ifixit.com/Guide/Nintendo+3DS+Lower+LCD+Replacement/6016
6016	Nintendo 3DS Lower LCD Replacement	Nintendo 3DS	16	1	Nintendo_3DS/6016_Nintendo_3DS_Lower_LCD_Replacement/step16_1.jpg	https://guide-images.cdn.ifixit.com/igi/25ZFGvrIiHhJpHNJ.large	David Hodson	https://www.ifixit.com/Guide/Nintendo+3DS+Lower+LCD+Replacement/6016
6016	Nintendo 3DS Lower LCD Replacement	Nintendo 3DS	16	2	Nintendo_3DS/6016_Nintendo_3DS_Lower_LCD_Replacement/step16_2.jpg	https://guide-images.cdn.ifixit.com/igi/i4evTtTHPCBFDRMB.large	David Hodson	https://www.ifixit.com/Guide/Nintendo+3DS+Lower+LCD+Replacement/6016
6016	Nintendo 3DS Lower LCD Replacement	Nintendo 3DS	16	3	Nintendo_3DS/6016_Nintendo_3DS_Lower_LCD_Replacement/step16_3.jpg	https://guide-images.cdn.ifixit.com/igi/yNVXTtRLBpMiK2pb.large	David Hodson	https://www.ifixit.com/Guide/Nintendo+3DS+Lower+LCD+Replacement/6016
6016	Nintendo 3DS Lower LCD Replacement	Nintendo 3DS	17	1	Nintendo_3DS/6016_Nintendo_3DS_Lower_LCD_Replacement/step17_1.jpg	https://guide-images.cdn.ifixit.com/igi/yOUm6AVnsyNl2Kxx.large	David Hodson	https://www.ifixit.com/Guide/Nintendo+3DS+Lower+LCD+Replacement/6016
6016	Nintendo 3DS Lower LCD Replacement	Nintendo 3DS	17	2	Nintendo_3DS/6016_Nintendo_3DS_Lower_LCD_Replacement/step17_2.jpg	https://guide-images.cdn.ifixit.com/igi/c2ae6fi3IwlqKoxX.large	David Hodson	https://www.ifixit.com/Guide/Nintendo+3DS+Lower+LCD+Replacement/6016
6016	Nintendo 3DS Lower LCD Replacement	Nintendo 3DS	18	1	Nintendo_3DS/6016_Nintendo_3DS_Lower_LCD_Replacement/step18_1.jpg	https://guide-images.cdn.ifixit.com/igi/EmLwpIWMHAUXlKcg.large	David Hodson	https://www.ifixit.com/Guide/Nintendo+3DS+Lower+LCD+Replacement/6016
6016	Nintendo 3DS Lower LCD Replacement	Nintendo 3DS	18	2	Nintendo_3DS/6016_Nintendo_3DS_Lower_LCD_Replacement/step18_2.jpg	https://guide-images.cdn.ifixit.com/igi/IXUQYqG1gyvxYgwe.large	David Hodson	https://www.ifixit.com/Guide/Nintendo+3DS+Lower+LCD+Replacement/6016
6016	Nintendo 3DS Lower LCD Replacement	Nintendo 3DS	18	3	Nintendo_3DS/6016_Nintendo_3DS_Lower_LCD_Replacement/step18_3.jpg	https://guide-images.cdn.ifixit.com/igi/1kuDOCEI4UjfOZIM.large	David Hodson	https://www.ifixit.com/Guide/Nintendo+3DS+Lower+LCD+Replacement/6016
6016	Nintendo 3DS Lower LCD Replacement	Nintendo 3DS	19	1	Nintendo_3DS/6016_Nintendo_3DS_Lower_LCD_Replacement/step19_1.jpg	https://guide-images.cdn.ifixit.com/igi/mvScsefxXqHAGBLm.large	David Hodson	https://www.ifixit.com/Guide/Nintendo+3DS+Lower+LCD+Replacement/6016
6016	Nintendo 3DS Lower LCD Replacement	Nintendo 3DS	19	2	Nintendo_3DS/6016_Nintendo_3DS_Lower_LCD_Replacement/step19_2.jpg	https://guide-images.cdn.ifixit.com/igi/oGpw5HroZQgNsU1M.large	David Hodson	https://www.ifixit.com/Guide/Nintendo+3DS+Lower+LCD+Replacement/6016
6016	Nintendo 3DS Lower LCD Replacement	Nintendo 3DS	19	3	Nintendo_3DS/6016_Nintendo_3DS_Lower_LCD_Replacement/step19_3.jpg	https://guide-images.cdn.ifixit.com/igi/5MMDGphdb1IVdyhn.large	David Hodson	https://www.ifixit.com/Guide/Nintendo+3DS+Lower+LCD+Replacement/6016
6016	Nintendo 3DS Lower LCD Replacement	Nintendo 3DS	20	1	Nintendo_3DS/6016_Nintendo_3DS_Lower_LCD_Replacement/step20_1.jpg	https://guide-images.cdn.ifixit.com/igi/Ql2QL1iOEaeAbBlw.large	David Hodson	https://www.ifixit.com/Guide/Nintendo+3DS+Lower+LCD+Replacement/6016
6016	Nintendo 3DS Lower LCD Replacement	Nintendo 3DS	21	1	Nintendo_3DS/6016_Nintendo_3DS_Lower_LCD_Replacement/step21_1.jpg	https://guide-images.cdn.ifixit.com/igi/tnZRw6jTPN4aaTiq.large	David Hodson	https://www.ifixit.com/Guide/Nintendo+3DS+Lower+LCD+Replacement/6016
6016	Nintendo 3DS Lower LCD Replacement	Nintendo 3DS	21	2	Nintendo_3DS/6016_Nintendo_3DS_Lower_LCD_Replacement/step21_2.jpg	https://guide-images.cdn.ifixit.com/igi/tEAy1iFTsLPa1lad.large	David Hodson	https://www.ifixit.com/Guide/Nintendo+3DS+Lower+LCD+Replacement/6016
6016	Nintendo 3DS Lower LCD Replacement	Nintendo 3DS	21	3	Nintendo_3DS/6016_Nintendo_3DS_Lower_LCD_Replacement/step21_3.jpg	https://guide-images.cdn.ifixit.com/igi/qVSJGimehZjuxQJe.large	David Hodson	https://www.ifixit.com/Guide/Nintendo+3DS+Lower+LCD+Replacement/6016
6016	Nintendo 3DS Lower LCD Replacement	Nintendo 3DS	22	1	Nintendo_3DS/6016_Nintendo_3DS_Lower_LCD_Replacement/step22_1.jpg	https://guide-images.cdn.ifixit.com/igi/koKUiKTD6mw5j2WT.large	David Hodson	https://www.ifixit.com/Guide/Nintendo+3DS+Lower+LCD+Replacement/6016
6016	Nintendo 3DS Lower LCD Replacement	Nintendo 3DS	22	2	Nintendo_3DS/6016_Nintendo_3DS_Lower_LCD_Replacement/step22_2.jpg	https://guide-images.cdn.ifixit.com/igi/Y1TR2hlGLIJiTFUs.large	David Hodson	https://www.ifixit.com/Guide/Nintendo+3DS+Lower+LCD+Replacement/6016
6016	Nintendo 3DS Lower LCD Replacement	Nintendo 3DS	23	1	Nintendo_3DS/6016_Nintendo_3DS_Lower_LCD_Replacement/step23_1.jpg	https://guide-images.cdn.ifixit.com/igi/D4GOcxGGiThm65Gk.large	David Hodson	https://www.ifixit.com/Guide/Nintendo+3DS+Lower+LCD+Replacement/6016
6016	Nintendo 3DS Lower LCD Replacement	Nintendo 3DS	23	2	Nintendo_3DS/6016_Nintendo_3DS_Lower_LCD_Replacement/step23_2.jpg	https://guide-images.cdn.ifixit.com/igi/qkHOSg4VmmFyQRFV.large	David Hodson	https://www.ifixit.com/Guide/Nintendo+3DS+Lower+LCD+Replacement/6016
6016	Nintendo 3DS Lower LCD Replacement	Nintendo 3DS	23	3	Nintendo_3DS/6016_Nintendo_3DS_Lower_LCD_Replacement/step23_3.jpg	https://guide-images.cdn.ifixit.com/igi/AoUB1pAxJZITLKRv.large	David Hodson	https://www.ifixit.com/Guide/Nintendo+3DS+Lower+LCD+Replacement/6016
6016	Nintendo 3DS Lower LCD Replacement	Nintendo 3DS	24	1	Nintendo_3DS/6016_Nintendo_3DS_Lower_LCD_Replacement/step24_1.jpg	https://guide-images.cdn.ifixit.com/igi/XVBLJkgYaVKhsWNW.large	David Hodson	https://www.ifixit.com/Guide/Nintendo+3DS+Lower+LCD+Replacement/6016
6016	Nintendo 3DS Lower LCD Replacement	Nintendo 3DS	24	2	Nintendo_3DS/6016_Nintendo_3DS_Lower_LCD_Replacement/step24_2.jpg	https://guide-images.cdn.ifixit.com/igi/bqtNrTKNL2FBmEUv.large	David Hodson	https://www.ifixit.com/Guide/Nintendo+3DS+Lower+LCD+Replacement/6016
6016	Nintendo 3DS Lower LCD Replacement	Nintendo 3DS	25	1	Nintendo_3DS/6016_Nintendo_3DS_Lower_LCD_Replacement/step25_1.jpg	https://guide-images.cdn.ifixit.com/igi/3QSNaVqiqUgdV5ki.large	David Hodson	https://www.ifixit.com/Guide/Nintendo+3DS+Lower+LCD+Replacement/6016
6016	Nintendo 3DS Lower LCD Replacement	Nintendo 3DS	26	1	Nintendo_3DS/6016_Nintendo_3DS_Lower_LCD_Replacement/step26_1.jpg	https://guide-images.cdn.ifixit.com/igi/3Vn2ktSg2DHah5VB.large	David Hodson	https://www.ifixit.com/Guide/Nintendo+3DS+Lower+LCD+Replacement/6016
6016	Nintendo 3DS Lower LCD Replacement	Nintendo 3DS	26	2	Nintendo_3DS/6016_Nintendo_3DS_Lower_LCD_Replacement/step26_2.jpg	https://guide-images.cdn.ifixit.com/igi/fxEXqCPsJTaJ2GsY.large	David Hodson	https://www.ifixit.com/Guide/Nintendo+3DS+Lower+LCD+Replacement/6016
6016	Nintendo 3DS Lower LCD Replacement	Nintendo 3DS	27	1	Nintendo_3DS/6016_Nintendo_3DS_Lower_LCD_Replacement/step27_1.jpg	https://guide-images.cdn.ifixit.com/igi/4Iy1yDPL4Hkqiv5A.large	David Hodson	https://www.ifixit.com/Guide/Nintendo+3DS+Lower+LCD+Replacement/6016
6016	Nintendo 3DS Lower LCD Replacement	Nintendo 3DS	27	2	Nintendo_3DS/6016_Nintendo_3DS_Lower_LCD_Replacement/step27_2.jpg	https://guide-images.cdn.ifixit.com/igi/e3SEZpPljCG1jTcv.large	David Hodson	https://www.ifixit.com/Guide/Nintendo+3DS+Lower+LCD+Replacement/6016
6016	Nintendo 3DS Lower LCD Replacement	Nintendo 3DS	28	1	Nintendo_3DS/6016_Nintendo_3DS_Lower_LCD_Replacement/step28_1.jpg	https://guide-images.cdn.ifixit.com/igi/lfXlDYkNxXGXMwUK.large	David Hodson	https://www.ifixit.com/Guide/Nintendo+3DS+Lower+LCD+Replacement/6016
6016	Nintendo 3DS Lower LCD Replacement	Nintendo 3DS	29	1	Nintendo_3DS/6016_Nintendo_3DS_Lower_LCD_Replacement/step29_1.jpg	https://guide-images.cdn.ifixit.com/igi/WyYndsRAswIJCs3b.large	David Hodson	https://www.ifixit.com/Guide/Nintendo+3DS+Lower+LCD+Replacement/6016
6017	Nintendo 3DS Motherboard Replacement	Nintendo 3DS	1	1	Nintendo_3DS/6017_Nintendo_3DS_Motherboard_Replacement/step01_1.jpg	https://guide-images.cdn.ifixit.com/igi/ITwcDRVYSfefXdaR.large	David Hodson	https://www.ifixit.com/Guide/Nintendo+3DS+Motherboard+Replacement/6017
6017	Nintendo 3DS Motherboard Replacement	Nintendo 3DS	2	1	Nintendo_3DS/6017_Nintendo_3DS_Motherboard_Replacement/step02_1.jpg	https://guide-images.cdn.ifixit.com/igi/WujDe4xE4eI3tHJg.large	David Hodson	https://www.ifixit.com/Guide/Nintendo+3DS+Motherboard+Replacement/6017
6017	Nintendo 3DS Motherboard Replacement	Nintendo 3DS	2	2	Nintendo_3DS/6017_Nintendo_3DS_Motherboard_Replacement/step02_2.jpg	https://guide-images.cdn.ifixit.com/igi/jc1ysoaDZCIw2TEj.large	David Hodson	https://www.ifixit.com/Guide/Nintendo+3DS+Motherboard+Replacement/6017
6017	Nintendo 3DS Motherboard Replacement	Nintendo 3DS	3	1	Nintendo_3DS/6017_Nintendo_3DS_Motherboard_Replacement/step03_1.jpg	https://guide-images.cdn.ifixit.com/igi/dpUdpUimvCFfqOw1.large	David Hodson	https://www.ifixit.com/Guide/Nintendo+3DS+Motherboard+Replacement/6017
6017	Nintendo 3DS Motherboard Replacement	Nintendo 3DS	3	2	Nintendo_3DS/6017_Nintendo_3DS_Motherboard_Replacement/step03_2.jpg	https://guide-images.cdn.ifixit.com/igi/lnBikT41fiBvcLcS.large	David Hodson	https://www.ifixit.com/Guide/Nintendo+3DS+Motherboard+Replacement/6017
6017	Nintendo 3DS Motherboard Replacement	Nintendo 3DS	3	3	Nintendo_3DS/6017_Nintendo_3DS_Motherboard_Replacement/step03_3.jpg	https://guide-images.cdn.ifixit.com/igi/veZLHretTgIkbLcI.large	David Hodson	https://www.ifixit.com/Guide/Nintendo+3DS+Motherboard+Replacement/6017
6017	Nintendo 3DS Motherboard Replacement	Nintendo 3DS	4	1	Nintendo_3DS/6017_Nintendo_3DS_Motherboard_Replacement/step04_1.jpg	https://guide-images.cdn.ifixit.com/igi/BkJd3OSBpy1Rvikh.large	David Hodson	https://www.ifixit.com/Guide/Nintendo+3DS+Motherboard+Replacement/6017
6017	Nintendo 3DS Motherboard Replacement	Nintendo 3DS	5	1	Nintendo_3DS/6017_Nintendo_3DS_Motherboard_Replacement/step05_1.jpg	https://guide-images.cdn.ifixit.com/igi/S3qgP6SxRRPY5IxB.large	David Hodson	https://www.ifixit.com/Guide/Nintendo+3DS+Motherboard+Replacement/6017
6017	Nintendo 3DS Motherboard Replacement	Nintendo 3DS	5	2	Nintendo_3DS/6017_Nintendo_3DS_Motherboard_Replacement/step05_2.jpg	https://guide-images.cdn.ifixit.com/igi/HILuUcmesyZeEmtm.large	David Hodson	https://www.ifixit.com/Guide/Nintendo+3DS+Motherboard+Replacement/6017
6017	Nintendo 3DS Motherboard Replacement	Nintendo 3DS	5	3	Nintendo_3DS/6017_Nintendo_3DS_Motherboard_Replacement/step05_3.jpg	https://guide-images.cdn.ifixit.com/igi/jwM1ceschy1xdwE3.large	David Hodson	https://www.ifixit.com/Guide/Nintendo+3DS+Motherboard+Replacement/6017
6017	Nintendo 3DS Motherboard Replacement	Nintendo 3DS	6	1	Nintendo_3DS/6017_Nintendo_3DS_Motherboard_Replacement/step06_1.jpg	https://guide-images.cdn.ifixit.com/igi/WciIxkCGqqeSwjDE.large	David Hodson	https://www.ifixit.com/Guide/Nintendo+3DS+Motherboard+Replacement/6017
6017	Nintendo 3DS Motherboard Replacement	Nintendo 3DS	7	1	Nintendo_3DS/6017_Nintendo_3DS_Motherboard_Replacement/step07_1.jpg	https://guide-images.cdn.ifixit.com/igi/bMBnFDhOIiWPDfD6.large	David Hodson	https://www.ifixit.com/Guide/Nintendo+3DS+Motherboard+Replacement/6017
6017	Nintendo 3DS Motherboard Replacement	Nintendo 3DS	7	2	Nintendo_3DS/6017_Nintendo_3DS_Motherboard_Replacement/step07_2.jpg	https://guide-images.cdn.ifixit.com/igi/E4TVtF3ttsxMSdVm.large	David Hodson	https://www.ifixit.com/Guide/Nintendo+3DS+Motherboard+Replacement/6017
6017	Nintendo 3DS Motherboard Replacement	Nintendo 3DS	7	3	Nintendo_3DS/6017_Nintendo_3DS_Motherboard_Replacement/step07_3.jpg	https://guide-images.cdn.ifixit.com/igi/X2gZcTXBxZmTrD5t.large	David Hodson	https://www.ifixit.com/Guide/Nintendo+3DS+Motherboard+Replacement/6017
6017	Nintendo 3DS Motherboard Replacement	Nintendo 3DS	8	1	Nintendo_3DS/6017_Nintendo_3DS_Motherboard_Replacement/step08_1.jpg	https://guide-images.cdn.ifixit.com/igi/IKPPuB5DIoRiDx2E.large	David Hodson	https://www.ifixit.com/Guide/Nintendo+3DS+Motherboard+Replacement/6017
6017	Nintendo 3DS Motherboard Replacement	Nintendo 3DS	8	2	Nintendo_3DS/6017_Nintendo_3DS_Motherboard_Replacement/step08_2.jpg	https://guide-images.cdn.ifixit.com/igi/SLSbhMgUFDj5mMLx.large	David Hodson	https://www.ifixit.com/Guide/Nintendo+3DS+Motherboard+Replacement/6017
6017	Nintendo 3DS Motherboard Replacement	Nintendo 3DS	8	3	Nintendo_3DS/6017_Nintendo_3DS_Motherboard_Replacement/step08_3.jpg	https://guide-images.cdn.ifixit.com/igi/aoqcp6SgbWFZPOht.large	David Hodson	https://www.ifixit.com/Guide/Nintendo+3DS+Motherboard+Replacement/6017
6017	Nintendo 3DS Motherboard Replacement	Nintendo 3DS	9	1	Nintendo_3DS/6017_Nintendo_3DS_Motherboard_Replacement/step09_1.jpg	https://guide-images.cdn.ifixit.com/igi/avCvIWYWgJyNbmBI.large	David Hodson	https://www.ifixit.com/Guide/Nintendo+3DS+Motherboard+Replacement/6017
6017	Nintendo 3DS Motherboard Replacement	Nintendo 3DS	9	2	Nintendo_3DS/6017_Nintendo_3DS_Motherboard_Replacement/step09_2.jpg	https://guide-images.cdn.ifixit.com/igi/pYrbGImK2u45deHC.large	David Hodson	https://www.ifixit.com/Guide/Nintendo+3DS+Motherboard+Replacement/6017
6017	Nintendo 3DS Motherboard Replacement	Nintendo 3DS	10	1	Nintendo_3DS/6017_Nintendo_3DS_Motherboard_Replacement/step10_1.jpg	https://guide-images.cdn.ifixit.com/igi/KjtBrbEaOGvLPWcX.large	David Hodson	https://www.ifixit.com/Guide/Nintendo+3DS+Motherboard+Replacement/6017
6017	Nintendo 3DS Motherboard Replacement	Nintendo 3DS	11	1	Nintendo_3DS/6017_Nintendo_3DS_Motherboard_Replacement/step11_1.jpg	https://guide-images.cdn.ifixit.com/igi/UF24JkJiQnIFyP6B.large	David Hodson	https://www.ifixit.com/Guide/Nintendo+3DS+Motherboard+Replacement/6017
6017	Nintendo 3DS Motherboard Replacement	Nintendo 3DS	11	2	Nintendo_3DS/6017_Nintendo_3DS_Motherboard_Replacement/step11_2.jpg	https://guide-images.cdn.ifixit.com/igi/auwosXvOBdHtWtKv.large	David Hodson	https://www.ifixit.com/Guide/Nintendo+3DS+Motherboard+Replacement/6017
6017	Nintendo 3DS Motherboard Replacement	Nintendo 3DS	12	1	Nintendo_3DS/6017_Nintendo_3DS_Motherboard_Replacement/step12_1.jpg	https://guide-images.cdn.ifixit.com/igi/dqVaYcHR1MgDcmdV.large	David Hodson	https://www.ifixit.com/Guide/Nintendo+3DS+Motherboard+Replacement/6017
6017	Nintendo 3DS Motherboard Replacement	Nintendo 3DS	12	2	Nintendo_3DS/6017_Nintendo_3DS_Motherboard_Replacement/step12_2.jpg	https://guide-images.cdn.ifixit.com/igi/2VMuJYwG2iUrEsLA.large	David Hodson	https://www.ifixit.com/Guide/Nintendo+3DS+Motherboard+Replacement/6017
6017	Nintendo 3DS Motherboard Replacement	Nintendo 3DS	12	3	Nintendo_3DS/6017_Nintendo_3DS_Motherboard_Replacement/step12_3.jpg	https://guide-images.cdn.ifixit.com/igi/jtGmtOcX1IDoOXDA.large	David Hodson	https://www.ifixit.com/Guide/Nintendo+3DS+Motherboard+Replacement/6017
6017	Nintendo 3DS Motherboard Replacement	Nintendo 3DS	13	1	Nintendo_3DS/6017_Nintendo_3DS_Motherboard_Replacement/step13_1.jpg	https://guide-images.cdn.ifixit.com/igi/jBrYqTnBuAuWfLxA.large	David Hodson	https://www.ifixit.com/Guide/Nintendo+3DS+Motherboard+Replacement/6017
6017	Nintendo 3DS Motherboard Replacement	Nintendo 3DS	13	2	Nintendo_3DS/6017_Nintendo_3DS_Motherboard_Replacement/step13_2.jpg	https://guide-images.cdn.ifixit.com/igi/VovJlB5sgUp3CMYO.large	David Hodson	https://www.ifixit.com/Guide/Nintendo+3DS+Motherboard+Replacement/6017
6017	Nintendo 3DS Motherboard Replacement	Nintendo 3DS	14	1	Nintendo_3DS/6017_Nintendo_3DS_Motherboard_Replacement/step14_1.jpg	https://guide-images.cdn.ifixit.com/igi/SraCcIwGIBJJAuAp.large	David Hodson	https://www.ifixit.com/Guide/Nintendo+3DS+Motherboard+Replacement/6017
6017	Nintendo 3DS Motherboard Replacement	Nintendo 3DS	14	2	Nintendo_3DS/6017_Nintendo_3DS_Motherboard_Replacement/step14_2.jpg	https://guide-images.cdn.ifixit.com/igi/LY3YrJcYkPo5gP6C.large	David Hodson	https://www.ifixit.com/Guide/Nintendo+3DS+Motherboard+Replacement/6017
6017	Nintendo 3DS Motherboard Replacement	Nintendo 3DS	14	3	Nintendo_3DS/6017_Nintendo_3DS_Motherboard_Replacement/step14_3.jpg	https://guide-images.cdn.ifixit.com/igi/EAUNvpGX54AVCRTt.large	David Hodson	https://www.ifixit.com/Guide/Nintendo+3DS+Motherboard+Replacement/6017
6017	Nintendo 3DS Motherboard Replacement	Nintendo 3DS	15	1	Nintendo_3DS/6017_Nintendo_3DS_Motherboard_Replacement/step15_1.jpg	https://guide-images.cdn.ifixit.com/igi/GvmVFKYnXCf4Ad2y.large	David Hodson	https://www.ifixit.com/Guide/Nintendo+3DS+Motherboard+Replacement/6017
6017	Nintendo 3DS Motherboard Replacement	Nintendo 3DS	15	2	Nintendo_3DS/6017_Nintendo_3DS_Motherboard_Replacement/step15_2.jpg	https://guide-images.cdn.ifixit.com/igi/LZS3t4NaRFTpclGb.large	David Hodson	https://www.ifixit.com/Guide/Nintendo+3DS+Motherboard+Replacement/6017
6017	Nintendo 3DS Motherboard Replacement	Nintendo 3DS	16	1	Nintendo_3DS/6017_Nintendo_3DS_Motherboard_Replacement/step16_1.jpg	https://guide-images.cdn.ifixit.com/igi/25ZFGvrIiHhJpHNJ.large	David Hodson	https://www.ifixit.com/Guide/Nintendo+3DS+Motherboard+Replacement/6017
6017	Nintendo 3DS Motherboard Replacement	Nintendo 3DS	16	2	Nintendo_3DS/6017_Nintendo_3DS_Motherboard_Replacement/step16_2.jpg	https://guide-images.cdn.ifixit.com/igi/i4evTtTHPCBFDRMB.large	David Hodson	https://www.ifixit.com/Guide/Nintendo+3DS+Motherboard+Replacement/6017
6017	Nintendo 3DS Motherboard Replacement	Nintendo 3DS	16	3	Nintendo_3DS/6017_Nintendo_3DS_Motherboard_Replacement/step16_3.jpg	https://guide-images.cdn.ifixit.com/igi/yNVXTtRLBpMiK2pb.large	David Hodson	https://www.ifixit.com/Guide/Nintendo+3DS+Motherboard+Replacement/6017
6017	Nintendo 3DS Motherboard Replacement	Nintendo 3DS	17	1	Nintendo_3DS/6017_Nintendo_3DS_Motherboard_Replacement/step17_1.jpg	https://guide-images.cdn.ifixit.com/igi/yOUm6AVnsyNl2Kxx.large	David Hodson	https://www.ifixit.com/Guide/Nintendo+3DS+Motherboard+Replacement/6017
6017	Nintendo 3DS Motherboard Replacement	Nintendo 3DS	17	2	Nintendo_3DS/6017_Nintendo_3DS_Motherboard_Replacement/step17_2.jpg	https://guide-images.cdn.ifixit.com/igi/c2ae6fi3IwlqKoxX.large	David Hodson	https://www.ifixit.com/Guide/Nintendo+3DS+Motherboard+Replacement/6017
6017	Nintendo 3DS Motherboard Replacement	Nintendo 3DS	18	1	Nintendo_3DS/6017_Nintendo_3DS_Motherboard_Replacement/step18_1.jpg	https://guide-images.cdn.ifixit.com/igi/EmLwpIWMHAUXlKcg.large	David Hodson	https://www.ifixit.com/Guide/Nintendo+3DS+Motherboard+Replacement/6017
6017	Nintendo 3DS Motherboard Replacement	Nintendo 3DS	18	2	Nintendo_3DS/6017_Nintendo_3DS_Motherboard_Replacement/step18_2.jpg	https://guide-images.cdn.ifixit.com/igi/IXUQYqG1gyvxYgwe.large	David Hodson	https://www.ifixit.com/Guide/Nintendo+3DS+Motherboard+Replacement/6017
6017	Nintendo 3DS Motherboard Replacement	Nintendo 3DS	18	3	Nintendo_3DS/6017_Nintendo_3DS_Motherboard_Replacement/step18_3.jpg	https://guide-images.cdn.ifixit.com/igi/1kuDOCEI4UjfOZIM.large	David Hodson	https://www.ifixit.com/Guide/Nintendo+3DS+Motherboard+Replacement/6017
6017	Nintendo 3DS Motherboard Replacement	Nintendo 3DS	19	1	Nintendo_3DS/6017_Nintendo_3DS_Motherboard_Replacement/step19_1.jpg	https://guide-images.cdn.ifixit.com/igi/mvScsefxXqHAGBLm.large	David Hodson	https://www.ifixit.com/Guide/Nintendo+3DS+Motherboard+Replacement/6017
6017	Nintendo 3DS Motherboard Replacement	Nintendo 3DS	19	2	Nintendo_3DS/6017_Nintendo_3DS_Motherboard_Replacement/step19_2.jpg	https://guide-images.cdn.ifixit.com/igi/oGpw5HroZQgNsU1M.large	David Hodson	https://www.ifixit.com/Guide/Nintendo+3DS+Motherboard+Replacement/6017
6017	Nintendo 3DS Motherboard Replacement	Nintendo 3DS	19	3	Nintendo_3DS/6017_Nintendo_3DS_Motherboard_Replacement/step19_3.jpg	https://guide-images.cdn.ifixit.com/igi/5MMDGphdb1IVdyhn.large	David Hodson	https://www.ifixit.com/Guide/Nintendo+3DS+Motherboard+Replacement/6017
6017	Nintendo 3DS Motherboard Replacement	Nintendo 3DS	20	1	Nintendo_3DS/6017_Nintendo_3DS_Motherboard_Replacement/step20_1.jpg	https://guide-images.cdn.ifixit.com/igi/Ql2QL1iOEaeAbBlw.large	David Hodson	https://www.ifixit.com/Guide/Nintendo+3DS+Motherboard+Replacement/6017
6017	Nintendo 3DS Motherboard Replacement	Nintendo 3DS	21	1	Nintendo_3DS/6017_Nintendo_3DS_Motherboard_Replacement/step21_1.jpg	https://guide-images.cdn.ifixit.com/igi/tnZRw6jTPN4aaTiq.large	David Hodson	https://www.ifixit.com/Guide/Nintendo+3DS+Motherboard+Replacement/6017
6017	Nintendo 3DS Motherboard Replacement	Nintendo 3DS	21	2	Nintendo_3DS/6017_Nintendo_3DS_Motherboard_Replacement/step21_2.jpg	https://guide-images.cdn.ifixit.com/igi/tEAy1iFTsLPa1lad.large	David Hodson	https://www.ifixit.com/Guide/Nintendo+3DS+Motherboard+Replacement/6017
6017	Nintendo 3DS Motherboard Replacement	Nintendo 3DS	21	3	Nintendo_3DS/6017_Nintendo_3DS_Motherboard_Replacement/step21_3.jpg	https://guide-images.cdn.ifixit.com/igi/qVSJGimehZjuxQJe.large	David Hodson	https://www.ifixit.com/Guide/Nintendo+3DS+Motherboard+Replacement/6017
6017	Nintendo 3DS Motherboard Replacement	Nintendo 3DS	22	1	Nintendo_3DS/6017_Nintendo_3DS_Motherboard_Replacement/step22_1.jpg	https://guide-images.cdn.ifixit.com/igi/koKUiKTD6mw5j2WT.large	David Hodson	https://www.ifixit.com/Guide/Nintendo+3DS+Motherboard+Replacement/6017
6017	Nintendo 3DS Motherboard Replacement	Nintendo 3DS	22	2	Nintendo_3DS/6017_Nintendo_3DS_Motherboard_Replacement/step22_2.jpg	https://guide-images.cdn.ifixit.com/igi/Y1TR2hlGLIJiTFUs.large	David Hodson	https://www.ifixit.com/Guide/Nintendo+3DS+Motherboard+Replacement/6017
6017	Nintendo 3DS Motherboard Replacement	Nintendo 3DS	23	1	Nintendo_3DS/6017_Nintendo_3DS_Motherboard_Replacement/step23_1.jpg	https://guide-images.cdn.ifixit.com/igi/D4GOcxGGiThm65Gk.large	David Hodson	https://www.ifixit.com/Guide/Nintendo+3DS+Motherboard+Replacement/6017
6017	Nintendo 3DS Motherboard Replacement	Nintendo 3DS	23	2	Nintendo_3DS/6017_Nintendo_3DS_Motherboard_Replacement/step23_2.jpg	https://guide-images.cdn.ifixit.com/igi/qkHOSg4VmmFyQRFV.large	David Hodson	https://www.ifixit.com/Guide/Nintendo+3DS+Motherboard+Replacement/6017
6017	Nintendo 3DS Motherboard Replacement	Nintendo 3DS	23	3	Nintendo_3DS/6017_Nintendo_3DS_Motherboard_Replacement/step23_3.jpg	https://guide-images.cdn.ifixit.com/igi/AoUB1pAxJZITLKRv.large	David Hodson	https://www.ifixit.com/Guide/Nintendo+3DS+Motherboard+Replacement/6017
6017	Nintendo 3DS Motherboard Replacement	Nintendo 3DS	24	1	Nintendo_3DS/6017_Nintendo_3DS_Motherboard_Replacement/step24_1.jpg	https://guide-images.cdn.ifixit.com/igi/XVBLJkgYaVKhsWNW.large	David Hodson	https://www.ifixit.com/Guide/Nintendo+3DS+Motherboard+Replacement/6017
6017	Nintendo 3DS Motherboard Replacement	Nintendo 3DS	24	2	Nintendo_3DS/6017_Nintendo_3DS_Motherboard_Replacement/step24_2.jpg	https://guide-images.cdn.ifixit.com/igi/bqtNrTKNL2FBmEUv.large	David Hodson	https://www.ifixit.com/Guide/Nintendo+3DS+Motherboard+Replacement/6017
6017	Nintendo 3DS Motherboard Replacement	Nintendo 3DS	25	1	Nintendo_3DS/6017_Nintendo_3DS_Motherboard_Replacement/step25_1.jpg	https://guide-images.cdn.ifixit.com/igi/3QSNaVqiqUgdV5ki.large	David Hodson	https://www.ifixit.com/Guide/Nintendo+3DS+Motherboard+Replacement/6017
6017	Nintendo 3DS Motherboard Replacement	Nintendo 3DS	26	1	Nintendo_3DS/6017_Nintendo_3DS_Motherboard_Replacement/step26_1.jpg	https://guide-images.cdn.ifixit.com/igi/GmPZqKPLu3VnGrFC.large	David Hodson	https://www.ifixit.com/Guide/Nintendo+3DS+Motherboard+Replacement/6017
6017	Nintendo 3DS Motherboard Replacement	Nintendo 3DS	26	2	Nintendo_3DS/6017_Nintendo_3DS_Motherboard_Replacement/step26_2.jpg	https://guide-images.cdn.ifixit.com/igi/VMLFXF1xGZ4nwfFO.large	David Hodson	https://www.ifixit.com/Guide/Nintendo+3DS+Motherboard+Replacement/6017
6017	Nintendo 3DS Motherboard Replacement	Nintendo 3DS	27	1	Nintendo_3DS/6017_Nintendo_3DS_Motherboard_Replacement/step27_1.jpg	https://guide-images.cdn.ifixit.com/igi/ZQIytmOX22YUg34O.large	David Hodson	https://www.ifixit.com/Guide/Nintendo+3DS+Motherboard+Replacement/6017
6017	Nintendo 3DS Motherboard Replacement	Nintendo 3DS	28	1	Nintendo_3DS/6017_Nintendo_3DS_Motherboard_Replacement/step28_1.jpg	https://guide-images.cdn.ifixit.com/igi/gsXMMeGGbfP1LuUb.large	David Hodson	https://www.ifixit.com/Guide/Nintendo+3DS+Motherboard+Replacement/6017
6017	Nintendo 3DS Motherboard Replacement	Nintendo 3DS	28	2	Nintendo_3DS/6017_Nintendo_3DS_Motherboard_Replacement/step28_2.jpg	https://guide-images.cdn.ifixit.com/igi/DWEaT1QahddHD2gr.large	David Hodson	https://www.ifixit.com/Guide/Nintendo+3DS+Motherboard+Replacement/6017
6017	Nintendo 3DS Motherboard Replacement	Nintendo 3DS	29	1	Nintendo_3DS/6017_Nintendo_3DS_Motherboard_Replacement/step29_1.jpg	https://guide-images.cdn.ifixit.com/igi/oA2GQJhSpgiJ5dSo.large	David Hodson	https://www.ifixit.com/Guide/Nintendo+3DS+Motherboard+Replacement/6017
6017	Nintendo 3DS Motherboard Replacement	Nintendo 3DS	30	1	Nintendo_3DS/6017_Nintendo_3DS_Motherboard_Replacement/step30_1.jpg	https://guide-images.cdn.ifixit.com/igi/U2pnkQClSQDVDrMc.large	David Hodson	https://www.ifixit.com/Guide/Nintendo+3DS+Motherboard+Replacement/6017
6062	Nintendo 3DS ABXY Buttons Replacement	Nintendo 3DS	1	1	Nintendo_3DS/6062_Nintendo_3DS_ABXY_Buttons_Replacement/step01_1.jpg	https://guide-images.cdn.ifixit.com/igi/ITwcDRVYSfefXdaR.large	David Hodson	https://www.ifixit.com/Guide/Nintendo+3DS+ABXY+Buttons+Replacement/6062
6062	Nintendo 3DS ABXY Buttons Replacement	Nintendo 3DS	2	1	Nintendo_3DS/6062_Nintendo_3DS_ABXY_Buttons_Replacement/step02_1.jpg	https://guide-images.cdn.ifixit.com/igi/WujDe4xE4eI3tHJg.large	David Hodson	https://www.ifixit.com/Guide/Nintendo+3DS+ABXY+Buttons+Replacement/6062
6062	Nintendo 3DS ABXY Buttons Replacement	Nintendo 3DS	2	2	Nintendo_3DS/6062_Nintendo_3DS_ABXY_Buttons_Replacement/step02_2.jpg	https://guide-images.cdn.ifixit.com/igi/jc1ysoaDZCIw2TEj.large	David Hodson	https://www.ifixit.com/Guide/Nintendo+3DS+ABXY+Buttons+Replacement/6062
6062	Nintendo 3DS ABXY Buttons Replacement	Nintendo 3DS	3	1	Nintendo_3DS/6062_Nintendo_3DS_ABXY_Buttons_Replacement/step03_1.jpg	https://guide-images.cdn.ifixit.com/igi/dpUdpUimvCFfqOw1.large	David Hodson	https://www.ifixit.com/Guide/Nintendo+3DS+ABXY+Buttons+Replacement/6062
6062	Nintendo 3DS ABXY Buttons Replacement	Nintendo 3DS	3	2	Nintendo_3DS/6062_Nintendo_3DS_ABXY_Buttons_Replacement/step03_2.jpg	https://guide-images.cdn.ifixit.com/igi/lnBikT41fiBvcLcS.large	David Hodson	https://www.ifixit.com/Guide/Nintendo+3DS+ABXY+Buttons+Replacement/6062
6062	Nintendo 3DS ABXY Buttons Replacement	Nintendo 3DS	3	3	Nintendo_3DS/6062_Nintendo_3DS_ABXY_Buttons_Replacement/step03_3.jpg	https://guide-images.cdn.ifixit.com/igi/veZLHretTgIkbLcI.large	David Hodson	https://www.ifixit.com/Guide/Nintendo+3DS+ABXY+Buttons+Replacement/6062
6062	Nintendo 3DS ABXY Buttons Replacement	Nintendo 3DS	4	1	Nintendo_3DS/6062_Nintendo_3DS_ABXY_Buttons_Replacement/step04_1.jpg	https://guide-images.cdn.ifixit.com/igi/BkJd3OSBpy1Rvikh.large	David Hodson	https://www.ifixit.com/Guide/Nintendo+3DS+ABXY+Buttons+Replacement/6062
6062	Nintendo 3DS ABXY Buttons Replacement	Nintendo 3DS	5	1	Nintendo_3DS/6062_Nintendo_3DS_ABXY_Buttons_Replacement/step05_1.jpg	https://guide-images.cdn.ifixit.com/igi/S3qgP6SxRRPY5IxB.large	David Hodson	https://www.ifixit.com/Guide/Nintendo+3DS+ABXY+Buttons+Replacement/6062
6062	Nintendo 3DS ABXY Buttons Replacement	Nintendo 3DS	5	2	Nintendo_3DS/6062_Nintendo_3DS_ABXY_Buttons_Replacement/step05_2.jpg	https://guide-images.cdn.ifixit.com/igi/HILuUcmesyZeEmtm.large	David Hodson	https://www.ifixit.com/Guide/Nintendo+3DS+ABXY+Buttons+Replacement/6062
6062	Nintendo 3DS ABXY Buttons Replacement	Nintendo 3DS	5	3	Nintendo_3DS/6062_Nintendo_3DS_ABXY_Buttons_Replacement/step05_3.jpg	https://guide-images.cdn.ifixit.com/igi/jwM1ceschy1xdwE3.large	David Hodson	https://www.ifixit.com/Guide/Nintendo+3DS+ABXY+Buttons+Replacement/6062
6062	Nintendo 3DS ABXY Buttons Replacement	Nintendo 3DS	6	1	Nintendo_3DS/6062_Nintendo_3DS_ABXY_Buttons_Replacement/step06_1.jpg	https://guide-images.cdn.ifixit.com/igi/WciIxkCGqqeSwjDE.large	David Hodson	https://www.ifixit.com/Guide/Nintendo+3DS+ABXY+Buttons+Replacement/6062
6062	Nintendo 3DS ABXY Buttons Replacement	Nintendo 3DS	7	1	Nintendo_3DS/6062_Nintendo_3DS_ABXY_Buttons_Replacement/step07_1.jpg	https://guide-images.cdn.ifixit.com/igi/bMBnFDhOIiWPDfD6.large	David Hodson	https://www.ifixit.com/Guide/Nintendo+3DS+ABXY+Buttons+Replacement/6062
6062	Nintendo 3DS ABXY Buttons Replacement	Nintendo 3DS	7	2	Nintendo_3DS/6062_Nintendo_3DS_ABXY_Buttons_Replacement/step07_2.jpg	https://guide-images.cdn.ifixit.com/igi/E4TVtF3ttsxMSdVm.large	David Hodson	https://www.ifixit.com/Guide/Nintendo+3DS+ABXY+Buttons+Replacement/6062
6062	Nintendo 3DS ABXY Buttons Replacement	Nintendo 3DS	7	3	Nintendo_3DS/6062_Nintendo_3DS_ABXY_Buttons_Replacement/step07_3.jpg	https://guide-images.cdn.ifixit.com/igi/X2gZcTXBxZmTrD5t.large	David Hodson	https://www.ifixit.com/Guide/Nintendo+3DS+ABXY+Buttons+Replacement/6062
6062	Nintendo 3DS ABXY Buttons Replacement	Nintendo 3DS	8	1	Nintendo_3DS/6062_Nintendo_3DS_ABXY_Buttons_Replacement/step08_1.jpg	https://guide-images.cdn.ifixit.com/igi/IKPPuB5DIoRiDx2E.large	David Hodson	https://www.ifixit.com/Guide/Nintendo+3DS+ABXY+Buttons+Replacement/6062
6062	Nintendo 3DS ABXY Buttons Replacement	Nintendo 3DS	8	2	Nintendo_3DS/6062_Nintendo_3DS_ABXY_Buttons_Replacement/step08_2.jpg	https://guide-images.cdn.ifixit.com/igi/SLSbhMgUFDj5mMLx.large	David Hodson	https://www.ifixit.com/Guide/Nintendo+3DS+ABXY+Buttons+Replacement/6062
6062	Nintendo 3DS ABXY Buttons Replacement	Nintendo 3DS	8	3	Nintendo_3DS/6062_Nintendo_3DS_ABXY_Buttons_Replacement/step08_3.jpg	https://guide-images.cdn.ifixit.com/igi/aoqcp6SgbWFZPOht.large	David Hodson	https://www.ifixit.com/Guide/Nintendo+3DS+ABXY+Buttons+Replacement/6062
6062	Nintendo 3DS ABXY Buttons Replacement	Nintendo 3DS	9	1	Nintendo_3DS/6062_Nintendo_3DS_ABXY_Buttons_Replacement/step09_1.jpg	https://guide-images.cdn.ifixit.com/igi/avCvIWYWgJyNbmBI.large	David Hodson	https://www.ifixit.com/Guide/Nintendo+3DS+ABXY+Buttons+Replacement/6062
6062	Nintendo 3DS ABXY Buttons Replacement	Nintendo 3DS	9	2	Nintendo_3DS/6062_Nintendo_3DS_ABXY_Buttons_Replacement/step09_2.jpg	https://guide-images.cdn.ifixit.com/igi/pYrbGImK2u45deHC.large	David Hodson	https://www.ifixit.com/Guide/Nintendo+3DS+ABXY+Buttons+Replacement/6062
6062	Nintendo 3DS ABXY Buttons Replacement	Nintendo 3DS	10	1	Nintendo_3DS/6062_Nintendo_3DS_ABXY_Buttons_Replacement/step10_1.jpg	https://guide-images.cdn.ifixit.com/igi/KjtBrbEaOGvLPWcX.large	David Hodson	https://www.ifixit.com/Guide/Nintendo+3DS+ABXY+Buttons+Replacement/6062
6062	Nintendo 3DS ABXY Buttons Replacement	Nintendo 3DS	11	1	Nintendo_3DS/6062_Nintendo_3DS_ABXY_Buttons_Replacement/step11_1.jpg	https://guide-images.cdn.ifixit.com/igi/UF24JkJiQnIFyP6B.large	David Hodson	https://www.ifixit.com/Guide/Nintendo+3DS+ABXY+Buttons+Replacement/6062
6062	Nintendo 3DS ABXY Buttons Replacement	Nintendo 3DS	11	2	Nintendo_3DS/6062_Nintendo_3DS_ABXY_Buttons_Replacement/step11_2.jpg	https://guide-images.cdn.ifixit.com/igi/auwosXvOBdHtWtKv.large	David Hodson	https://www.ifixit.com/Guide/Nintendo+3DS+ABXY+Buttons+Replacement/6062
6062	Nintendo 3DS ABXY Buttons Replacement	Nintendo 3DS	12	1	Nintendo_3DS/6062_Nintendo_3DS_ABXY_Buttons_Replacement/step12_1.jpg	https://guide-images.cdn.ifixit.com/igi/dqVaYcHR1MgDcmdV.large	David Hodson	https://www.ifixit.com/Guide/Nintendo+3DS+ABXY+Buttons+Replacement/6062
6062	Nintendo 3DS ABXY Buttons Replacement	Nintendo 3DS	12	2	Nintendo_3DS/6062_Nintendo_3DS_ABXY_Buttons_Replacement/step12_2.jpg	https://guide-images.cdn.ifixit.com/igi/2VMuJYwG2iUrEsLA.large	David Hodson	https://www.ifixit.com/Guide/Nintendo+3DS+ABXY+Buttons+Replacement/6062
6062	Nintendo 3DS ABXY Buttons Replacement	Nintendo 3DS	12	3	Nintendo_3DS/6062_Nintendo_3DS_ABXY_Buttons_Replacement/step12_3.jpg	https://guide-images.cdn.ifixit.com/igi/jtGmtOcX1IDoOXDA.large	David Hodson	https://www.ifixit.com/Guide/Nintendo+3DS+ABXY+Buttons+Replacement/6062
6062	Nintendo 3DS ABXY Buttons Replacement	Nintendo 3DS	13	1	Nintendo_3DS/6062_Nintendo_3DS_ABXY_Buttons_Replacement/step13_1.jpg	https://guide-images.cdn.ifixit.com/igi/jBrYqTnBuAuWfLxA.large	David Hodson	https://www.ifixit.com/Guide/Nintendo+3DS+ABXY+Buttons+Replacement/6062
6062	Nintendo 3DS ABXY Buttons Replacement	Nintendo 3DS	13	2	Nintendo_3DS/6062_Nintendo_3DS_ABXY_Buttons_Replacement/step13_2.jpg	https://guide-images.cdn.ifixit.com/igi/VovJlB5sgUp3CMYO.large	David Hodson	https://www.ifixit.com/Guide/Nintendo+3DS+ABXY+Buttons+Replacement/6062
6062	Nintendo 3DS ABXY Buttons Replacement	Nintendo 3DS	14	1	Nintendo_3DS/6062_Nintendo_3DS_ABXY_Buttons_Replacement/step14_1.jpg	https://guide-images.cdn.ifixit.com/igi/SraCcIwGIBJJAuAp.large	David Hodson	https://www.ifixit.com/Guide/Nintendo+3DS+ABXY+Buttons+Replacement/6062
6062	Nintendo 3DS ABXY Buttons Replacement	Nintendo 3DS	14	2	Nintendo_3DS/6062_Nintendo_3DS_ABXY_Buttons_Replacement/step14_2.jpg	https://guide-images.cdn.ifixit.com/igi/LY3YrJcYkPo5gP6C.large	David Hodson	https://www.ifixit.com/Guide/Nintendo+3DS+ABXY+Buttons+Replacement/6062
6062	Nintendo 3DS ABXY Buttons Replacement	Nintendo 3DS	14	3	Nintendo_3DS/6062_Nintendo_3DS_ABXY_Buttons_Replacement/step14_3.jpg	https://guide-images.cdn.ifixit.com/igi/EAUNvpGX54AVCRTt.large	David Hodson	https://www.ifixit.com/Guide/Nintendo+3DS+ABXY+Buttons+Replacement/6062
6062	Nintendo 3DS ABXY Buttons Replacement	Nintendo 3DS	15	1	Nintendo_3DS/6062_Nintendo_3DS_ABXY_Buttons_Replacement/step15_1.jpg	https://guide-images.cdn.ifixit.com/igi/GvmVFKYnXCf4Ad2y.large	David Hodson	https://www.ifixit.com/Guide/Nintendo+3DS+ABXY+Buttons+Replacement/6062
6062	Nintendo 3DS ABXY Buttons Replacement	Nintendo 3DS	15	2	Nintendo_3DS/6062_Nintendo_3DS_ABXY_Buttons_Replacement/step15_2.jpg	https://guide-images.cdn.ifixit.com/igi/LZS3t4NaRFTpclGb.large	David Hodson	https://www.ifixit.com/Guide/Nintendo+3DS+ABXY+Buttons+Replacement/6062
6062	Nintendo 3DS ABXY Buttons Replacement	Nintendo 3DS	16	1	Nintendo_3DS/6062_Nintendo_3DS_ABXY_Buttons_Replacement/step16_1.jpg	https://guide-images.cdn.ifixit.com/igi/25ZFGvrIiHhJpHNJ.large	David Hodson	https://www.ifixit.com/Guide/Nintendo+3DS+ABXY+Buttons+Replacement/6062
6062	Nintendo 3DS ABXY Buttons Replacement	Nintendo 3DS	16	2	Nintendo_3DS/6062_Nintendo_3DS_ABXY_Buttons_Replacement/step16_2.jpg	https://guide-images.cdn.ifixit.com/igi/i4evTtTHPCBFDRMB.large	David Hodson	https://www.ifixit.com/Guide/Nintendo+3DS+ABXY+Buttons+Replacement/6062
6062	Nintendo 3DS ABXY Buttons Replacement	Nintendo 3DS	16	3	Nintendo_3DS/6062_Nintendo_3DS_ABXY_Buttons_Replacement/step16_3.jpg	https://guide-images.cdn.ifixit.com/igi/yNVXTtRLBpMiK2pb.large	David Hodson	https://www.ifixit.com/Guide/Nintendo+3DS+ABXY+Buttons+Replacement/6062
6062	Nintendo 3DS ABXY Buttons Replacement	Nintendo 3DS	17	1	Nintendo_3DS/6062_Nintendo_3DS_ABXY_Buttons_Replacement/step17_1.jpg	https://guide-images.cdn.ifixit.com/igi/yOUm6AVnsyNl2Kxx.large	David Hodson	https://www.ifixit.com/Guide/Nintendo+3DS+ABXY+Buttons+Replacement/6062
6062	Nintendo 3DS ABXY Buttons Replacement	Nintendo 3DS	17	2	Nintendo_3DS/6062_Nintendo_3DS_ABXY_Buttons_Replacement/step17_2.jpg	https://guide-images.cdn.ifixit.com/igi/c2ae6fi3IwlqKoxX.large	David Hodson	https://www.ifixit.com/Guide/Nintendo+3DS+ABXY+Buttons+Replacement/6062
6062	Nintendo 3DS ABXY Buttons Replacement	Nintendo 3DS	18	1	Nintendo_3DS/6062_Nintendo_3DS_ABXY_Buttons_Replacement/step18_1.jpg	https://guide-images.cdn.ifixit.com/igi/EmLwpIWMHAUXlKcg.large	David Hodson	https://www.ifixit.com/Guide/Nintendo+3DS+ABXY+Buttons+Replacement/6062
6062	Nintendo 3DS ABXY Buttons Replacement	Nintendo 3DS	18	2	Nintendo_3DS/6062_Nintendo_3DS_ABXY_Buttons_Replacement/step18_2.jpg	https://guide-images.cdn.ifixit.com/igi/IXUQYqG1gyvxYgwe.large	David Hodson	https://www.ifixit.com/Guide/Nintendo+3DS+ABXY+Buttons+Replacement/6062
6062	Nintendo 3DS ABXY Buttons Replacement	Nintendo 3DS	18	3	Nintendo_3DS/6062_Nintendo_3DS_ABXY_Buttons_Replacement/step18_3.jpg	https://guide-images.cdn.ifixit.com/igi/1kuDOCEI4UjfOZIM.large	David Hodson	https://www.ifixit.com/Guide/Nintendo+3DS+ABXY+Buttons+Replacement/6062
6062	Nintendo 3DS ABXY Buttons Replacement	Nintendo 3DS	19	1	Nintendo_3DS/6062_Nintendo_3DS_ABXY_Buttons_Replacement/step19_1.jpg	https://guide-images.cdn.ifixit.com/igi/mvScsefxXqHAGBLm.large	David Hodson	https://www.ifixit.com/Guide/Nintendo+3DS+ABXY+Buttons+Replacement/6062
6062	Nintendo 3DS ABXY Buttons Replacement	Nintendo 3DS	19	2	Nintendo_3DS/6062_Nintendo_3DS_ABXY_Buttons_Replacement/step19_2.jpg	https://guide-images.cdn.ifixit.com/igi/oGpw5HroZQgNsU1M.large	David Hodson	https://www.ifixit.com/Guide/Nintendo+3DS+ABXY+Buttons+Replacement/6062
6062	Nintendo 3DS ABXY Buttons Replacement	Nintendo 3DS	19	3	Nintendo_3DS/6062_Nintendo_3DS_ABXY_Buttons_Replacement/step19_3.jpg	https://guide-images.cdn.ifixit.com/igi/5MMDGphdb1IVdyhn.large	David Hodson	https://www.ifixit.com/Guide/Nintendo+3DS+ABXY+Buttons+Replacement/6062
6062	Nintendo 3DS ABXY Buttons Replacement	Nintendo 3DS	20	1	Nintendo_3DS/6062_Nintendo_3DS_ABXY_Buttons_Replacement/step20_1.jpg	https://guide-images.cdn.ifixit.com/igi/Ql2QL1iOEaeAbBlw.large	David Hodson	https://www.ifixit.com/Guide/Nintendo+3DS+ABXY+Buttons+Replacement/6062
6062	Nintendo 3DS ABXY Buttons Replacement	Nintendo 3DS	21	1	Nintendo_3DS/6062_Nintendo_3DS_ABXY_Buttons_Replacement/step21_1.jpg	https://guide-images.cdn.ifixit.com/igi/BBThcKTD4T2fgb2i.large	David Hodson	https://www.ifixit.com/Guide/Nintendo+3DS+ABXY+Buttons+Replacement/6062
6062	Nintendo 3DS ABXY Buttons Replacement	Nintendo 3DS	22	1	Nintendo_3DS/6062_Nintendo_3DS_ABXY_Buttons_Replacement/step22_1.jpg	https://guide-images.cdn.ifixit.com/igi/GyNcQFG6ko4G1KXa.large	David Hodson	https://www.ifixit.com/Guide/Nintendo+3DS+ABXY+Buttons+Replacement/6062
6062	Nintendo 3DS ABXY Buttons Replacement	Nintendo 3DS	22	2	Nintendo_3DS/6062_Nintendo_3DS_ABXY_Buttons_Replacement/step22_2.jpg	https://guide-images.cdn.ifixit.com/igi/Jt3grq23N1sbBJML.large	David Hodson	https://www.ifixit.com/Guide/Nintendo+3DS+ABXY+Buttons+Replacement/6062
6062	Nintendo 3DS ABXY Buttons Replacement	Nintendo 3DS	22	3	Nintendo_3DS/6062_Nintendo_3DS_ABXY_Buttons_Replacement/step22_3.jpg	https://guide-images.cdn.ifixit.com/igi/NtDXUVEuiTtMfRkJ.large	David Hodson	https://www.ifixit.com/Guide/Nintendo+3DS+ABXY+Buttons+Replacement/6062
6063	Nintendo 3DS Power Button Replacement	Nintendo 3DS	1	1	Nintendo_3DS/6063_Nintendo_3DS_Power_Button_Replacement/step01_1.jpg	https://guide-images.cdn.ifixit.com/igi/ITwcDRVYSfefXdaR.large	David Hodson	https://www.ifixit.com/Guide/Nintendo+3DS+Power+Button+Replacement/6063
6063	Nintendo 3DS Power Button Replacement	Nintendo 3DS	2	1	Nintendo_3DS/6063_Nintendo_3DS_Power_Button_Replacement/step02_1.jpg	https://guide-images.cdn.ifixit.com/igi/WujDe4xE4eI3tHJg.large	David Hodson	https://www.ifixit.com/Guide/Nintendo+3DS+Power+Button+Replacement/6063
6063	Nintendo 3DS Power Button Replacement	Nintendo 3DS	2	2	Nintendo_3DS/6063_Nintendo_3DS_Power_Button_Replacement/step02_2.jpg	https://guide-images.cdn.ifixit.com/igi/jc1ysoaDZCIw2TEj.large	David Hodson	https://www.ifixit.com/Guide/Nintendo+3DS+Power+Button+Replacement/6063
6063	Nintendo 3DS Power Button Replacement	Nintendo 3DS	3	1	Nintendo_3DS/6063_Nintendo_3DS_Power_Button_Replacement/step03_1.jpg	https://guide-images.cdn.ifixit.com/igi/dpUdpUimvCFfqOw1.large	David Hodson	https://www.ifixit.com/Guide/Nintendo+3DS+Power+Button+Replacement/6063
6063	Nintendo 3DS Power Button Replacement	Nintendo 3DS	3	2	Nintendo_3DS/6063_Nintendo_3DS_Power_Button_Replacement/step03_2.jpg	https://guide-images.cdn.ifixit.com/igi/lnBikT41fiBvcLcS.large	David Hodson	https://www.ifixit.com/Guide/Nintendo+3DS+Power+Button+Replacement/6063
6063	Nintendo 3DS Power Button Replacement	Nintendo 3DS	3	3	Nintendo_3DS/6063_Nintendo_3DS_Power_Button_Replacement/step03_3.jpg	https://guide-images.cdn.ifixit.com/igi/veZLHretTgIkbLcI.large	David Hodson	https://www.ifixit.com/Guide/Nintendo+3DS+Power+Button+Replacement/6063
6063	Nintendo 3DS Power Button Replacement	Nintendo 3DS	4	1	Nintendo_3DS/6063_Nintendo_3DS_Power_Button_Replacement/step04_1.jpg	https://guide-images.cdn.ifixit.com/igi/BkJd3OSBpy1Rvikh.large	David Hodson	https://www.ifixit.com/Guide/Nintendo+3DS+Power+Button+Replacement/6063
6063	Nintendo 3DS Power Button Replacement	Nintendo 3DS	5	1	Nintendo_3DS/6063_Nintendo_3DS_Power_Button_Replacement/step05_1.jpg	https://guide-images.cdn.ifixit.com/igi/S3qgP6SxRRPY5IxB.large	David Hodson	https://www.ifixit.com/Guide/Nintendo+3DS+Power+Button+Replacement/6063
6063	Nintendo 3DS Power Button Replacement	Nintendo 3DS	5	2	Nintendo_3DS/6063_Nintendo_3DS_Power_Button_Replacement/step05_2.jpg	https://guide-images.cdn.ifixit.com/igi/HILuUcmesyZeEmtm.large	David Hodson	https://www.ifixit.com/Guide/Nintendo+3DS+Power+Button+Replacement/6063
6063	Nintendo 3DS Power Button Replacement	Nintendo 3DS	5	3	Nintendo_3DS/6063_Nintendo_3DS_Power_Button_Replacement/step05_3.jpg	https://guide-images.cdn.ifixit.com/igi/jwM1ceschy1xdwE3.large	David Hodson	https://www.ifixit.com/Guide/Nintendo+3DS+Power+Button+Replacement/6063
6063	Nintendo 3DS Power Button Replacement	Nintendo 3DS	6	1	Nintendo_3DS/6063_Nintendo_3DS_Power_Button_Replacement/step06_1.jpg	https://guide-images.cdn.ifixit.com/igi/WciIxkCGqqeSwjDE.large	David Hodson	https://www.ifixit.com/Guide/Nintendo+3DS+Power+Button+Replacement/6063
6063	Nintendo 3DS Power Button Replacement	Nintendo 3DS	7	1	Nintendo_3DS/6063_Nintendo_3DS_Power_Button_Replacement/step07_1.jpg	https://guide-images.cdn.ifixit.com/igi/bMBnFDhOIiWPDfD6.large	David Hodson	https://www.ifixit.com/Guide/Nintendo+3DS+Power+Button+Replacement/6063
6063	Nintendo 3DS Power Button Replacement	Nintendo 3DS	7	2	Nintendo_3DS/6063_Nintendo_3DS_Power_Button_Replacement/step07_2.jpg	https://guide-images.cdn.ifixit.com/igi/E4TVtF3ttsxMSdVm.large	David Hodson	https://www.ifixit.com/Guide/Nintendo+3DS+Power+Button+Replacement/6063
6063	Nintendo 3DS Power Button Replacement	Nintendo 3DS	7	3	Nintendo_3DS/6063_Nintendo_3DS_Power_Button_Replacement/step07_3.jpg	https://guide-images.cdn.ifixit.com/igi/X2gZcTXBxZmTrD5t.large	David Hodson	https://www.ifixit.com/Guide/Nintendo+3DS+Power+Button+Replacement/6063
6063	Nintendo 3DS Power Button Replacement	Nintendo 3DS	8	1	Nintendo_3DS/6063_Nintendo_3DS_Power_Button_Replacement/step08_1.jpg	https://guide-images.cdn.ifixit.com/igi/IKPPuB5DIoRiDx2E.large	David Hodson	https://www.ifixit.com/Guide/Nintendo+3DS+Power+Button+Replacement/6063
6063	Nintendo 3DS Power Button Replacement	Nintendo 3DS	8	2	Nintendo_3DS/6063_Nintendo_3DS_Power_Button_Replacement/step08_2.jpg	https://guide-images.cdn.ifixit.com/igi/SLSbhMgUFDj5mMLx.large	David Hodson	https://www.ifixit.com/Guide/Nintendo+3DS+Power+Button+Replacement/6063
6063	Nintendo 3DS Power Button Replacement	Nintendo 3DS	8	3	Nintendo_3DS/6063_Nintendo_3DS_Power_Button_Replacement/step08_3.jpg	https://guide-images.cdn.ifixit.com/igi/aoqcp6SgbWFZPOht.large	David Hodson	https://www.ifixit.com/Guide/Nintendo+3DS+Power+Button+Replacement/6063
6063	Nintendo 3DS Power Button Replacement	Nintendo 3DS	9	1	Nintendo_3DS/6063_Nintendo_3DS_Power_Button_Replacement/step09_1.jpg	https://guide-images.cdn.ifixit.com/igi/avCvIWYWgJyNbmBI.large	David Hodson	https://www.ifixit.com/Guide/Nintendo+3DS+Power+Button+Replacement/6063
6063	Nintendo 3DS Power Button Replacement	Nintendo 3DS	9	2	Nintendo_3DS/6063_Nintendo_3DS_Power_Button_Replacement/step09_2.jpg	https://guide-images.cdn.ifixit.com/igi/pYrbGImK2u45deHC.large	David Hodson	https://www.ifixit.com/Guide/Nintendo+3DS+Power+Button+Replacement/6063
6063	Nintendo 3DS Power Button Replacement	Nintendo 3DS	10	1	Nintendo_3DS/6063_Nintendo_3DS_Power_Button_Replacement/step10_1.jpg	https://guide-images.cdn.ifixit.com/igi/KjtBrbEaOGvLPWcX.large	David Hodson	https://www.ifixit.com/Guide/Nintendo+3DS+Power+Button+Replacement/6063
6063	Nintendo 3DS Power Button Replacement	Nintendo 3DS	11	1	Nintendo_3DS/6063_Nintendo_3DS_Power_Button_Replacement/step11_1.jpg	https://guide-images.cdn.ifixit.com/igi/UF24JkJiQnIFyP6B.large	David Hodson	https://www.ifixit.com/Guide/Nintendo+3DS+Power+Button+Replacement/6063
6063	Nintendo 3DS Power Button Replacement	Nintendo 3DS	11	2	Nintendo_3DS/6063_Nintendo_3DS_Power_Button_Replacement/step11_2.jpg	https://guide-images.cdn.ifixit.com/igi/auwosXvOBdHtWtKv.large	David Hodson	https://www.ifixit.com/Guide/Nintendo+3DS+Power+Button+Replacement/6063
6063	Nintendo 3DS Power Button Replacement	Nintendo 3DS	12	1	Nintendo_3DS/6063_Nintendo_3DS_Power_Button_Replacement/step12_1.jpg	https://guide-images.cdn.ifixit.com/igi/dqVaYcHR1MgDcmdV.large	David Hodson	https://www.ifixit.com/Guide/Nintendo+3DS+Power+Button+Replacement/6063
6063	Nintendo 3DS Power Button Replacement	Nintendo 3DS	12	2	Nintendo_3DS/6063_Nintendo_3DS_Power_Button_Replacement/step12_2.jpg	https://guide-images.cdn.ifixit.com/igi/2VMuJYwG2iUrEsLA.large	David Hodson	https://www.ifixit.com/Guide/Nintendo+3DS+Power+Button+Replacement/6063
6063	Nintendo 3DS Power Button Replacement	Nintendo 3DS	12	3	Nintendo_3DS/6063_Nintendo_3DS_Power_Button_Replacement/step12_3.jpg	https://guide-images.cdn.ifixit.com/igi/jtGmtOcX1IDoOXDA.large	David Hodson	https://www.ifixit.com/Guide/Nintendo+3DS+Power+Button+Replacement/6063
6063	Nintendo 3DS Power Button Replacement	Nintendo 3DS	13	1	Nintendo_3DS/6063_Nintendo_3DS_Power_Button_Replacement/step13_1.jpg	https://guide-images.cdn.ifixit.com/igi/jBrYqTnBuAuWfLxA.large	David Hodson	https://www.ifixit.com/Guide/Nintendo+3DS+Power+Button+Replacement/6063
6063	Nintendo 3DS Power Button Replacement	Nintendo 3DS	13	2	Nintendo_3DS/6063_Nintendo_3DS_Power_Button_Replacement/step13_2.jpg	https://guide-images.cdn.ifixit.com/igi/VovJlB5sgUp3CMYO.large	David Hodson	https://www.ifixit.com/Guide/Nintendo+3DS+Power+Button+Replacement/6063
6063	Nintendo 3DS Power Button Replacement	Nintendo 3DS	14	1	Nintendo_3DS/6063_Nintendo_3DS_Power_Button_Replacement/step14_1.jpg	https://guide-images.cdn.ifixit.com/igi/SraCcIwGIBJJAuAp.large	David Hodson	https://www.ifixit.com/Guide/Nintendo+3DS+Power+Button+Replacement/6063
6063	Nintendo 3DS Power Button Replacement	Nintendo 3DS	14	2	Nintendo_3DS/6063_Nintendo_3DS_Power_Button_Replacement/step14_2.jpg	https://guide-images.cdn.ifixit.com/igi/LY3YrJcYkPo5gP6C.large	David Hodson	https://www.ifixit.com/Guide/Nintendo+3DS+Power+Button+Replacement/6063
6063	Nintendo 3DS Power Button Replacement	Nintendo 3DS	14	3	Nintendo_3DS/6063_Nintendo_3DS_Power_Button_Replacement/step14_3.jpg	https://guide-images.cdn.ifixit.com/igi/EAUNvpGX54AVCRTt.large	David Hodson	https://www.ifixit.com/Guide/Nintendo+3DS+Power+Button+Replacement/6063
6063	Nintendo 3DS Power Button Replacement	Nintendo 3DS	15	1	Nintendo_3DS/6063_Nintendo_3DS_Power_Button_Replacement/step15_1.jpg	https://guide-images.cdn.ifixit.com/igi/GvmVFKYnXCf4Ad2y.large	David Hodson	https://www.ifixit.com/Guide/Nintendo+3DS+Power+Button+Replacement/6063
6063	Nintendo 3DS Power Button Replacement	Nintendo 3DS	15	2	Nintendo_3DS/6063_Nintendo_3DS_Power_Button_Replacement/step15_2.jpg	https://guide-images.cdn.ifixit.com/igi/LZS3t4NaRFTpclGb.large	David Hodson	https://www.ifixit.com/Guide/Nintendo+3DS+Power+Button+Replacement/6063
6063	Nintendo 3DS Power Button Replacement	Nintendo 3DS	16	1	Nintendo_3DS/6063_Nintendo_3DS_Power_Button_Replacement/step16_1.jpg	https://guide-images.cdn.ifixit.com/igi/25ZFGvrIiHhJpHNJ.large	David Hodson	https://www.ifixit.com/Guide/Nintendo+3DS+Power+Button+Replacement/6063
6063	Nintendo 3DS Power Button Replacement	Nintendo 3DS	16	2	Nintendo_3DS/6063_Nintendo_3DS_Power_Button_Replacement/step16_2.jpg	https://guide-images.cdn.ifixit.com/igi/i4evTtTHPCBFDRMB.large	David Hodson	https://www.ifixit.com/Guide/Nintendo+3DS+Power+Button+Replacement/6063
6063	Nintendo 3DS Power Button Replacement	Nintendo 3DS	16	3	Nintendo_3DS/6063_Nintendo_3DS_Power_Button_Replacement/step16_3.jpg	https://guide-images.cdn.ifixit.com/igi/yNVXTtRLBpMiK2pb.large	David Hodson	https://www.ifixit.com/Guide/Nintendo+3DS+Power+Button+Replacement/6063
6063	Nintendo 3DS Power Button Replacement	Nintendo 3DS	17	1	Nintendo_3DS/6063_Nintendo_3DS_Power_Button_Replacement/step17_1.jpg	https://guide-images.cdn.ifixit.com/igi/yOUm6AVnsyNl2Kxx.large	David Hodson	https://www.ifixit.com/Guide/Nintendo+3DS+Power+Button+Replacement/6063
6063	Nintendo 3DS Power Button Replacement	Nintendo 3DS	17	2	Nintendo_3DS/6063_Nintendo_3DS_Power_Button_Replacement/step17_2.jpg	https://guide-images.cdn.ifixit.com/igi/c2ae6fi3IwlqKoxX.large	David Hodson	https://www.ifixit.com/Guide/Nintendo+3DS+Power+Button+Replacement/6063
6063	Nintendo 3DS Power Button Replacement	Nintendo 3DS	18	1	Nintendo_3DS/6063_Nintendo_3DS_Power_Button_Replacement/step18_1.jpg	https://guide-images.cdn.ifixit.com/igi/EmLwpIWMHAUXlKcg.large	David Hodson	https://www.ifixit.com/Guide/Nintendo+3DS+Power+Button+Replacement/6063
6063	Nintendo 3DS Power Button Replacement	Nintendo 3DS	18	2	Nintendo_3DS/6063_Nintendo_3DS_Power_Button_Replacement/step18_2.jpg	https://guide-images.cdn.ifixit.com/igi/IXUQYqG1gyvxYgwe.large	David Hodson	https://www.ifixit.com/Guide/Nintendo+3DS+Power+Button+Replacement/6063
6063	Nintendo 3DS Power Button Replacement	Nintendo 3DS	18	3	Nintendo_3DS/6063_Nintendo_3DS_Power_Button_Replacement/step18_3.jpg	https://guide-images.cdn.ifixit.com/igi/1kuDOCEI4UjfOZIM.large	David Hodson	https://www.ifixit.com/Guide/Nintendo+3DS+Power+Button+Replacement/6063
6063	Nintendo 3DS Power Button Replacement	Nintendo 3DS	19	1	Nintendo_3DS/6063_Nintendo_3DS_Power_Button_Replacement/step19_1.jpg	https://guide-images.cdn.ifixit.com/igi/mvScsefxXqHAGBLm.large	David Hodson	https://www.ifixit.com/Guide/Nintendo+3DS+Power+Button+Replacement/6063
6063	Nintendo 3DS Power Button Replacement	Nintendo 3DS	19	2	Nintendo_3DS/6063_Nintendo_3DS_Power_Button_Replacement/step19_2.jpg	https://guide-images.cdn.ifixit.com/igi/oGpw5HroZQgNsU1M.large	David Hodson	https://www.ifixit.com/Guide/Nintendo+3DS+Power+Button+Replacement/6063
6063	Nintendo 3DS Power Button Replacement	Nintendo 3DS	19	3	Nintendo_3DS/6063_Nintendo_3DS_Power_Button_Replacement/step19_3.jpg	https://guide-images.cdn.ifixit.com/igi/5MMDGphdb1IVdyhn.large	David Hodson	https://www.ifixit.com/Guide/Nintendo+3DS+Power+Button+Replacement/6063
6063	Nintendo 3DS Power Button Replacement	Nintendo 3DS	20	1	Nintendo_3DS/6063_Nintendo_3DS_Power_Button_Replacement/step20_1.jpg	https://guide-images.cdn.ifixit.com/igi/Ql2QL1iOEaeAbBlw.large	David Hodson	https://www.ifixit.com/Guide/Nintendo+3DS+Power+Button+Replacement/6063
6063	Nintendo 3DS Power Button Replacement	Nintendo 3DS	21	1	Nintendo_3DS/6063_Nintendo_3DS_Power_Button_Replacement/step21_1.jpg	https://guide-images.cdn.ifixit.com/igi/ML134LOFGQyEQXEQ.large	David Hodson	https://www.ifixit.com/Guide/Nintendo+3DS+Power+Button+Replacement/6063
6063	Nintendo 3DS Power Button Replacement	Nintendo 3DS	22	1	Nintendo_3DS/6063_Nintendo_3DS_Power_Button_Replacement/step22_1.jpg	https://guide-images.cdn.ifixit.com/igi/RpRxXsI6S3cMCrV3.large	David Hodson	https://www.ifixit.com/Guide/Nintendo+3DS+Power+Button+Replacement/6063
6063	Nintendo 3DS Power Button Replacement	Nintendo 3DS	22	2	Nintendo_3DS/6063_Nintendo_3DS_Power_Button_Replacement/step22_2.jpg	https://guide-images.cdn.ifixit.com/igi/C2ZWbEKJth4Nkyji.large	David Hodson	https://www.ifixit.com/Guide/Nintendo+3DS+Power+Button+Replacement/6063
6064	Nintendo 3DS Circle Pad Replacement	Nintendo 3DS	1	1	Nintendo_3DS/6064_Nintendo_3DS_Circle_Pad_Replacement/step01_1.jpg	https://guide-images.cdn.ifixit.com/igi/ITwcDRVYSfefXdaR.large	David Hodson	https://www.ifixit.com/Guide/Nintendo+3DS+Circle+Pad+Replacement/6064
6064	Nintendo 3DS Circle Pad Replacement	Nintendo 3DS	2	1	Nintendo_3DS/6064_Nintendo_3DS_Circle_Pad_Replacement/step02_1.jpg	https://guide-images.cdn.ifixit.com/igi/WujDe4xE4eI3tHJg.large	David Hodson	https://www.ifixit.com/Guide/Nintendo+3DS+Circle+Pad+Replacement/6064
6064	Nintendo 3DS Circle Pad Replacement	Nintendo 3DS	2	2	Nintendo_3DS/6064_Nintendo_3DS_Circle_Pad_Replacement/step02_2.jpg	https://guide-images.cdn.ifixit.com/igi/jc1ysoaDZCIw2TEj.large	David Hodson	https://www.ifixit.com/Guide/Nintendo+3DS+Circle+Pad+Replacement/6064
6064	Nintendo 3DS Circle Pad Replacement	Nintendo 3DS	3	1	Nintendo_3DS/6064_Nintendo_3DS_Circle_Pad_Replacement/step03_1.jpg	https://guide-images.cdn.ifixit.com/igi/dpUdpUimvCFfqOw1.large	David Hodson	https://www.ifixit.com/Guide/Nintendo+3DS+Circle+Pad+Replacement/6064
6064	Nintendo 3DS Circle Pad Replacement	Nintendo 3DS	3	2	Nintendo_3DS/6064_Nintendo_3DS_Circle_Pad_Replacement/step03_2.jpg	https://guide-images.cdn.ifixit.com/igi/lnBikT41fiBvcLcS.large	David Hodson	https://www.ifixit.com/Guide/Nintendo+3DS+Circle+Pad+Replacement/6064
6064	Nintendo 3DS Circle Pad Replacement	Nintendo 3DS	3	3	Nintendo_3DS/6064_Nintendo_3DS_Circle_Pad_Replacement/step03_3.jpg	https://guide-images.cdn.ifixit.com/igi/veZLHretTgIkbLcI.large	David Hodson	https://www.ifixit.com/Guide/Nintendo+3DS+Circle+Pad+Replacement/6064
6064	Nintendo 3DS Circle Pad Replacement	Nintendo 3DS	4	1	Nintendo_3DS/6064_Nintendo_3DS_Circle_Pad_Replacement/step04_1.jpg	https://guide-images.cdn.ifixit.com/igi/BkJd3OSBpy1Rvikh.large	David Hodson	https://www.ifixit.com/Guide/Nintendo+3DS+Circle+Pad+Replacement/6064
6064	Nintendo 3DS Circle Pad Replacement	Nintendo 3DS	5	1	Nintendo_3DS/6064_Nintendo_3DS_Circle_Pad_Replacement/step05_1.jpg	https://guide-images.cdn.ifixit.com/igi/S3qgP6SxRRPY5IxB.large	David Hodson	https://www.ifixit.com/Guide/Nintendo+3DS+Circle+Pad+Replacement/6064
6064	Nintendo 3DS Circle Pad Replacement	Nintendo 3DS	5	2	Nintendo_3DS/6064_Nintendo_3DS_Circle_Pad_Replacement/step05_2.jpg	https://guide-images.cdn.ifixit.com/igi/HILuUcmesyZeEmtm.large	David Hodson	https://www.ifixit.com/Guide/Nintendo+3DS+Circle+Pad+Replacement/6064
6064	Nintendo 3DS Circle Pad Replacement	Nintendo 3DS	5	3	Nintendo_3DS/6064_Nintendo_3DS_Circle_Pad_Replacement/step05_3.jpg	https://guide-images.cdn.ifixit.com/igi/jwM1ceschy1xdwE3.large	David Hodson	https://www.ifixit.com/Guide/Nintendo+3DS+Circle+Pad+Replacement/6064
6064	Nintendo 3DS Circle Pad Replacement	Nintendo 3DS	6	1	Nintendo_3DS/6064_Nintendo_3DS_Circle_Pad_Replacement/step06_1.jpg	https://guide-images.cdn.ifixit.com/igi/WciIxkCGqqeSwjDE.large	David Hodson	https://www.ifixit.com/Guide/Nintendo+3DS+Circle+Pad+Replacement/6064
6064	Nintendo 3DS Circle Pad Replacement	Nintendo 3DS	7	1	Nintendo_3DS/6064_Nintendo_3DS_Circle_Pad_Replacement/step07_1.jpg	https://guide-images.cdn.ifixit.com/igi/bMBnFDhOIiWPDfD6.large	David Hodson	https://www.ifixit.com/Guide/Nintendo+3DS+Circle+Pad+Replacement/6064
6064	Nintendo 3DS Circle Pad Replacement	Nintendo 3DS	7	2	Nintendo_3DS/6064_Nintendo_3DS_Circle_Pad_Replacement/step07_2.jpg	https://guide-images.cdn.ifixit.com/igi/E4TVtF3ttsxMSdVm.large	David Hodson	https://www.ifixit.com/Guide/Nintendo+3DS+Circle+Pad+Replacement/6064
6064	Nintendo 3DS Circle Pad Replacement	Nintendo 3DS	7	3	Nintendo_3DS/6064_Nintendo_3DS_Circle_Pad_Replacement/step07_3.jpg	https://guide-images.cdn.ifixit.com/igi/X2gZcTXBxZmTrD5t.large	David Hodson	https://www.ifixit.com/Guide/Nintendo+3DS+Circle+Pad+Replacement/6064
6064	Nintendo 3DS Circle Pad Replacement	Nintendo 3DS	8	1	Nintendo_3DS/6064_Nintendo_3DS_Circle_Pad_Replacement/step08_1.jpg	https://guide-images.cdn.ifixit.com/igi/IKPPuB5DIoRiDx2E.large	David Hodson	https://www.ifixit.com/Guide/Nintendo+3DS+Circle+Pad+Replacement/6064
6064	Nintendo 3DS Circle Pad Replacement	Nintendo 3DS	8	2	Nintendo_3DS/6064_Nintendo_3DS_Circle_Pad_Replacement/step08_2.jpg	https://guide-images.cdn.ifixit.com/igi/SLSbhMgUFDj5mMLx.large	David Hodson	https://www.ifixit.com/Guide/Nintendo+3DS+Circle+Pad+Replacement/6064
6064	Nintendo 3DS Circle Pad Replacement	Nintendo 3DS	8	3	Nintendo_3DS/6064_Nintendo_3DS_Circle_Pad_Replacement/step08_3.jpg	https://guide-images.cdn.ifixit.com/igi/aoqcp6SgbWFZPOht.large	David Hodson	https://www.ifixit.com/Guide/Nintendo+3DS+Circle+Pad+Replacement/6064
6064	Nintendo 3DS Circle Pad Replacement	Nintendo 3DS	9	1	Nintendo_3DS/6064_Nintendo_3DS_Circle_Pad_Replacement/step09_1.jpg	https://guide-images.cdn.ifixit.com/igi/avCvIWYWgJyNbmBI.large	David Hodson	https://www.ifixit.com/Guide/Nintendo+3DS+Circle+Pad+Replacement/6064
6064	Nintendo 3DS Circle Pad Replacement	Nintendo 3DS	9	2	Nintendo_3DS/6064_Nintendo_3DS_Circle_Pad_Replacement/step09_2.jpg	https://guide-images.cdn.ifixit.com/igi/pYrbGImK2u45deHC.large	David Hodson	https://www.ifixit.com/Guide/Nintendo+3DS+Circle+Pad+Replacement/6064
6064	Nintendo 3DS Circle Pad Replacement	Nintendo 3DS	10	1	Nintendo_3DS/6064_Nintendo_3DS_Circle_Pad_Replacement/step10_1.jpg	https://guide-images.cdn.ifixit.com/igi/KjtBrbEaOGvLPWcX.large	David Hodson	https://www.ifixit.com/Guide/Nintendo+3DS+Circle+Pad+Replacement/6064
6064	Nintendo 3DS Circle Pad Replacement	Nintendo 3DS	11	1	Nintendo_3DS/6064_Nintendo_3DS_Circle_Pad_Replacement/step11_1.jpg	https://guide-images.cdn.ifixit.com/igi/UF24JkJiQnIFyP6B.large	David Hodson	https://www.ifixit.com/Guide/Nintendo+3DS+Circle+Pad+Replacement/6064
6064	Nintendo 3DS Circle Pad Replacement	Nintendo 3DS	11	2	Nintendo_3DS/6064_Nintendo_3DS_Circle_Pad_Replacement/step11_2.jpg	https://guide-images.cdn.ifixit.com/igi/auwosXvOBdHtWtKv.large	David Hodson	https://www.ifixit.com/Guide/Nintendo+3DS+Circle+Pad+Replacement/6064
6064	Nintendo 3DS Circle Pad Replacement	Nintendo 3DS	12	1	Nintendo_3DS/6064_Nintendo_3DS_Circle_Pad_Replacement/step12_1.jpg	https://guide-images.cdn.ifixit.com/igi/dqVaYcHR1MgDcmdV.large	David Hodson	https://www.ifixit.com/Guide/Nintendo+3DS+Circle+Pad+Replacement/6064
6064	Nintendo 3DS Circle Pad Replacement	Nintendo 3DS	12	2	Nintendo_3DS/6064_Nintendo_3DS_Circle_Pad_Replacement/step12_2.jpg	https://guide-images.cdn.ifixit.com/igi/2VMuJYwG2iUrEsLA.large	David Hodson	https://www.ifixit.com/Guide/Nintendo+3DS+Circle+Pad+Replacement/6064
6064	Nintendo 3DS Circle Pad Replacement	Nintendo 3DS	12	3	Nintendo_3DS/6064_Nintendo_3DS_Circle_Pad_Replacement/step12_3.jpg	https://guide-images.cdn.ifixit.com/igi/jtGmtOcX1IDoOXDA.large	David Hodson	https://www.ifixit.com/Guide/Nintendo+3DS+Circle+Pad+Replacement/6064
6064	Nintendo 3DS Circle Pad Replacement	Nintendo 3DS	13	1	Nintendo_3DS/6064_Nintendo_3DS_Circle_Pad_Replacement/step13_1.jpg	https://guide-images.cdn.ifixit.com/igi/jBrYqTnBuAuWfLxA.large	David Hodson	https://www.ifixit.com/Guide/Nintendo+3DS+Circle+Pad+Replacement/6064
6064	Nintendo 3DS Circle Pad Replacement	Nintendo 3DS	13	2	Nintendo_3DS/6064_Nintendo_3DS_Circle_Pad_Replacement/step13_2.jpg	https://guide-images.cdn.ifixit.com/igi/VovJlB5sgUp3CMYO.large	David Hodson	https://www.ifixit.com/Guide/Nintendo+3DS+Circle+Pad+Replacement/6064
6064	Nintendo 3DS Circle Pad Replacement	Nintendo 3DS	14	1	Nintendo_3DS/6064_Nintendo_3DS_Circle_Pad_Replacement/step14_1.jpg	https://guide-images.cdn.ifixit.com/igi/SraCcIwGIBJJAuAp.large	David Hodson	https://www.ifixit.com/Guide/Nintendo+3DS+Circle+Pad+Replacement/6064
6064	Nintendo 3DS Circle Pad Replacement	Nintendo 3DS	14	2	Nintendo_3DS/6064_Nintendo_3DS_Circle_Pad_Replacement/step14_2.jpg	https://guide-images.cdn.ifixit.com/igi/LY3YrJcYkPo5gP6C.large	David Hodson	https://www.ifixit.com/Guide/Nintendo+3DS+Circle+Pad+Replacement/6064
6064	Nintendo 3DS Circle Pad Replacement	Nintendo 3DS	14	3	Nintendo_3DS/6064_Nintendo_3DS_Circle_Pad_Replacement/step14_3.jpg	https://guide-images.cdn.ifixit.com/igi/EAUNvpGX54AVCRTt.large	David Hodson	https://www.ifixit.com/Guide/Nintendo+3DS+Circle+Pad+Replacement/6064
6064	Nintendo 3DS Circle Pad Replacement	Nintendo 3DS	15	1	Nintendo_3DS/6064_Nintendo_3DS_Circle_Pad_Replacement/step15_1.jpg	https://guide-images.cdn.ifixit.com/igi/GvmVFKYnXCf4Ad2y.large	David Hodson	https://www.ifixit.com/Guide/Nintendo+3DS+Circle+Pad+Replacement/6064
6064	Nintendo 3DS Circle Pad Replacement	Nintendo 3DS	15	2	Nintendo_3DS/6064_Nintendo_3DS_Circle_Pad_Replacement/step15_2.jpg	https://guide-images.cdn.ifixit.com/igi/LZS3t4NaRFTpclGb.large	David Hodson	https://www.ifixit.com/Guide/Nintendo+3DS+Circle+Pad+Replacement/6064
6064	Nintendo 3DS Circle Pad Replacement	Nintendo 3DS	16	1	Nintendo_3DS/6064_Nintendo_3DS_Circle_Pad_Replacement/step16_1.jpg	https://guide-images.cdn.ifixit.com/igi/25ZFGvrIiHhJpHNJ.large	David Hodson	https://www.ifixit.com/Guide/Nintendo+3DS+Circle+Pad+Replacement/6064
6064	Nintendo 3DS Circle Pad Replacement	Nintendo 3DS	16	2	Nintendo_3DS/6064_Nintendo_3DS_Circle_Pad_Replacement/step16_2.jpg	https://guide-images.cdn.ifixit.com/igi/i4evTtTHPCBFDRMB.large	David Hodson	https://www.ifixit.com/Guide/Nintendo+3DS+Circle+Pad+Replacement/6064
6064	Nintendo 3DS Circle Pad Replacement	Nintendo 3DS	16	3	Nintendo_3DS/6064_Nintendo_3DS_Circle_Pad_Replacement/step16_3.jpg	https://guide-images.cdn.ifixit.com/igi/yNVXTtRLBpMiK2pb.large	David Hodson	https://www.ifixit.com/Guide/Nintendo+3DS+Circle+Pad+Replacement/6064
6064	Nintendo 3DS Circle Pad Replacement	Nintendo 3DS	17	1	Nintendo_3DS/6064_Nintendo_3DS_Circle_Pad_Replacement/step17_1.jpg	https://guide-images.cdn.ifixit.com/igi/yOUm6AVnsyNl2Kxx.large	David Hodson	https://www.ifixit.com/Guide/Nintendo+3DS+Circle+Pad+Replacement/6064
6064	Nintendo 3DS Circle Pad Replacement	Nintendo 3DS	17	2	Nintendo_3DS/6064_Nintendo_3DS_Circle_Pad_Replacement/step17_2.jpg	https://guide-images.cdn.ifixit.com/igi/c2ae6fi3IwlqKoxX.large	David Hodson	https://www.ifixit.com/Guide/Nintendo+3DS+Circle+Pad+Replacement/6064
6064	Nintendo 3DS Circle Pad Replacement	Nintendo 3DS	18	1	Nintendo_3DS/6064_Nintendo_3DS_Circle_Pad_Replacement/step18_1.jpg	https://guide-images.cdn.ifixit.com/igi/EmLwpIWMHAUXlKcg.large	David Hodson	https://www.ifixit.com/Guide/Nintendo+3DS+Circle+Pad+Replacement/6064
6064	Nintendo 3DS Circle Pad Replacement	Nintendo 3DS	18	2	Nintendo_3DS/6064_Nintendo_3DS_Circle_Pad_Replacement/step18_2.jpg	https://guide-images.cdn.ifixit.com/igi/IXUQYqG1gyvxYgwe.large	David Hodson	https://www.ifixit.com/Guide/Nintendo+3DS+Circle+Pad+Replacement/6064
6064	Nintendo 3DS Circle Pad Replacement	Nintendo 3DS	18	3	Nintendo_3DS/6064_Nintendo_3DS_Circle_Pad_Replacement/step18_3.jpg	https://guide-images.cdn.ifixit.com/igi/1kuDOCEI4UjfOZIM.large	David Hodson	https://www.ifixit.com/Guide/Nintendo+3DS+Circle+Pad+Replacement/6064
6064	Nintendo 3DS Circle Pad Replacement	Nintendo 3DS	19	1	Nintendo_3DS/6064_Nintendo_3DS_Circle_Pad_Replacement/step19_1.jpg	https://guide-images.cdn.ifixit.com/igi/mvScsefxXqHAGBLm.large	David Hodson	https://www.ifixit.com/Guide/Nintendo+3DS+Circle+Pad+Replacement/6064
6064	Nintendo 3DS Circle Pad Replacement	Nintendo 3DS	19	2	Nintendo_3DS/6064_Nintendo_3DS_Circle_Pad_Replacement/step19_2.jpg	https://guide-images.cdn.ifixit.com/igi/oGpw5HroZQgNsU1M.large	David Hodson	https://www.ifixit.com/Guide/Nintendo+3DS+Circle+Pad+Replacement/6064
6064	Nintendo 3DS Circle Pad Replacement	Nintendo 3DS	19	3	Nintendo_3DS/6064_Nintendo_3DS_Circle_Pad_Replacement/step19_3.jpg	https://guide-images.cdn.ifixit.com/igi/5MMDGphdb1IVdyhn.large	David Hodson	https://www.ifixit.com/Guide/Nintendo+3DS+Circle+Pad+Replacement/6064
6064	Nintendo 3DS Circle Pad Replacement	Nintendo 3DS	20	1	Nintendo_3DS/6064_Nintendo_3DS_Circle_Pad_Replacement/step20_1.jpg	https://guide-images.cdn.ifixit.com/igi/Ql2QL1iOEaeAbBlw.large	David Hodson	https://www.ifixit.com/Guide/Nintendo+3DS+Circle+Pad+Replacement/6064
6064	Nintendo 3DS Circle Pad Replacement	Nintendo 3DS	21	1	Nintendo_3DS/6064_Nintendo_3DS_Circle_Pad_Replacement/step21_1.jpg	https://guide-images.cdn.ifixit.com/igi/ZGqZL2onsIOC5UHQ.large	David Hodson	https://www.ifixit.com/Guide/Nintendo+3DS+Circle+Pad+Replacement/6064
6064	Nintendo 3DS Circle Pad Replacement	Nintendo 3DS	22	1	Nintendo_3DS/6064_Nintendo_3DS_Circle_Pad_Replacement/step22_1.jpg	https://guide-images.cdn.ifixit.com/igi/fGTN3BXKQyqeXBqs.large	David Hodson	https://www.ifixit.com/Guide/Nintendo+3DS+Circle+Pad+Replacement/6064
6064	Nintendo 3DS Circle Pad Replacement	Nintendo 3DS	22	2	Nintendo_3DS/6064_Nintendo_3DS_Circle_Pad_Replacement/step22_2.jpg	https://guide-images.cdn.ifixit.com/igi/GRX5oHJbCfKJnIdD.large	David Hodson	https://www.ifixit.com/Guide/Nintendo+3DS+Circle+Pad+Replacement/6064
6064	Nintendo 3DS Circle Pad Replacement	Nintendo 3DS	23	1	Nintendo_3DS/6064_Nintendo_3DS_Circle_Pad_Replacement/step23_1.jpg	https://guide-images.cdn.ifixit.com/igi/hlFCxpaKEGe2URUA.large	David Hodson	https://www.ifixit.com/Guide/Nintendo+3DS+Circle+Pad+Replacement/6064
6064	Nintendo 3DS Circle Pad Replacement	Nintendo 3DS	23	2	Nintendo_3DS/6064_Nintendo_3DS_Circle_Pad_Replacement/step23_2.jpg	https://guide-images.cdn.ifixit.com/igi/XBSIb3Ui2uLfPWHj.large	David Hodson	https://www.ifixit.com/Guide/Nintendo+3DS+Circle+Pad+Replacement/6064
6064	Nintendo 3DS Circle Pad Replacement	Nintendo 3DS	23	3	Nintendo_3DS/6064_Nintendo_3DS_Circle_Pad_Replacement/step23_3.jpg	https://guide-images.cdn.ifixit.com/igi/SsyDT25lfEGWVSOy.large	David Hodson	https://www.ifixit.com/Guide/Nintendo+3DS+Circle+Pad+Replacement/6064
6065	Nintendo 3DS Upper Display Front Panel Replacement	Nintendo 3DS	1	1	Nintendo_3DS/6065_Nintendo_3DS_Upper_Display_Front_Panel_Replacement/step01_1.jpg	https://guide-images.cdn.ifixit.com/igi/ITwcDRVYSfefXdaR.large	David Hodson	https://www.ifixit.com/Guide/Nintendo+3DS+Upper+Display+Front+Panel+Replacement/6065
6065	Nintendo 3DS Upper Display Front Panel Replacement	Nintendo 3DS	2	1	Nintendo_3DS/6065_Nintendo_3DS_Upper_Display_Front_Panel_Replacement/step02_1.jpg	https://guide-images.cdn.ifixit.com/igi/WujDe4xE4eI3tHJg.large	David Hodson	https://www.ifixit.com/Guide/Nintendo+3DS+Upper+Display+Front+Panel+Replacement/6065
6065	Nintendo 3DS Upper Display Front Panel Replacement	Nintendo 3DS	2	2	Nintendo_3DS/6065_Nintendo_3DS_Upper_Display_Front_Panel_Replacement/step02_2.jpg	https://guide-images.cdn.ifixit.com/igi/jc1ysoaDZCIw2TEj.large	David Hodson	https://www.ifixit.com/Guide/Nintendo+3DS+Upper+Display+Front+Panel+Replacement/6065
6065	Nintendo 3DS Upper Display Front Panel Replacement	Nintendo 3DS	3	1	Nintendo_3DS/6065_Nintendo_3DS_Upper_Display_Front_Panel_Replacement/step03_1.jpg	https://guide-images.cdn.ifixit.com/igi/dpUdpUimvCFfqOw1.large	David Hodson	https://www.ifixit.com/Guide/Nintendo+3DS+Upper+Display+Front+Panel+Replacement/6065
6065	Nintendo 3DS Upper Display Front Panel Replacement	Nintendo 3DS	3	2	Nintendo_3DS/6065_Nintendo_3DS_Upper_Display_Front_Panel_Replacement/step03_2.jpg	https://guide-images.cdn.ifixit.com/igi/lnBikT41fiBvcLcS.large	David Hodson	https://www.ifixit.com/Guide/Nintendo+3DS+Upper+Display+Front+Panel+Replacement/6065
6065	Nintendo 3DS Upper Display Front Panel Replacement	Nintendo 3DS	3	3	Nintendo_3DS/6065_Nintendo_3DS_Upper_Display_Front_Panel_Replacement/step03_3.jpg	https://guide-images.cdn.ifixit.com/igi/veZLHretTgIkbLcI.large	David Hodson	https://www.ifixit.com/Guide/Nintendo+3DS+Upper+Display+Front+Panel+Replacement/6065
6065	Nintendo 3DS Upper Display Front Panel Replacement	Nintendo 3DS	4	1	Nintendo_3DS/6065_Nintendo_3DS_Upper_Display_Front_Panel_Replacement/step04_1.jpg	https://guide-images.cdn.ifixit.com/igi/BkJd3OSBpy1Rvikh.large	David Hodson	https://www.ifixit.com/Guide/Nintendo+3DS+Upper+Display+Front+Panel+Replacement/6065
6065	Nintendo 3DS Upper Display Front Panel Replacement	Nintendo 3DS	5	1	Nintendo_3DS/6065_Nintendo_3DS_Upper_Display_Front_Panel_Replacement/step05_1.jpg	https://guide-images.cdn.ifixit.com/igi/S3qgP6SxRRPY5IxB.large	David Hodson	https://www.ifixit.com/Guide/Nintendo+3DS+Upper+Display+Front+Panel+Replacement/6065
6065	Nintendo 3DS Upper Display Front Panel Replacement	Nintendo 3DS	5	2	Nintendo_3DS/6065_Nintendo_3DS_Upper_Display_Front_Panel_Replacement/step05_2.jpg	https://guide-images.cdn.ifixit.com/igi/HILuUcmesyZeEmtm.large	David Hodson	https://www.ifixit.com/Guide/Nintendo+3DS+Upper+Display+Front+Panel+Replacement/6065
6065	Nintendo 3DS Upper Display Front Panel Replacement	Nintendo 3DS	5	3	Nintendo_3DS/6065_Nintendo_3DS_Upper_Display_Front_Panel_Replacement/step05_3.jpg	https://guide-images.cdn.ifixit.com/igi/jwM1ceschy1xdwE3.large	David Hodson	https://www.ifixit.com/Guide/Nintendo+3DS+Upper+Display+Front+Panel+Replacement/6065
6065	Nintendo 3DS Upper Display Front Panel Replacement	Nintendo 3DS	6	1	Nintendo_3DS/6065_Nintendo_3DS_Upper_Display_Front_Panel_Replacement/step06_1.jpg	https://guide-images.cdn.ifixit.com/igi/WciIxkCGqqeSwjDE.large	David Hodson	https://www.ifixit.com/Guide/Nintendo+3DS+Upper+Display+Front+Panel+Replacement/6065
6065	Nintendo 3DS Upper Display Front Panel Replacement	Nintendo 3DS	7	1	Nintendo_3DS/6065_Nintendo_3DS_Upper_Display_Front_Panel_Replacement/step07_1.jpg	https://guide-images.cdn.ifixit.com/igi/bMBnFDhOIiWPDfD6.large	David Hodson	https://www.ifixit.com/Guide/Nintendo+3DS+Upper+Display+Front+Panel+Replacement/6065
6065	Nintendo 3DS Upper Display Front Panel Replacement	Nintendo 3DS	7	2	Nintendo_3DS/6065_Nintendo_3DS_Upper_Display_Front_Panel_Replacement/step07_2.jpg	https://guide-images.cdn.ifixit.com/igi/E4TVtF3ttsxMSdVm.large	David Hodson	https://www.ifixit.com/Guide/Nintendo+3DS+Upper+Display+Front+Panel+Replacement/6065
6065	Nintendo 3DS Upper Display Front Panel Replacement	Nintendo 3DS	7	3	Nintendo_3DS/6065_Nintendo_3DS_Upper_Display_Front_Panel_Replacement/step07_3.jpg	https://guide-images.cdn.ifixit.com/igi/X2gZcTXBxZmTrD5t.large	David Hodson	https://www.ifixit.com/Guide/Nintendo+3DS+Upper+Display+Front+Panel+Replacement/6065
6065	Nintendo 3DS Upper Display Front Panel Replacement	Nintendo 3DS	8	1	Nintendo_3DS/6065_Nintendo_3DS_Upper_Display_Front_Panel_Replacement/step08_1.jpg	https://guide-images.cdn.ifixit.com/igi/IKPPuB5DIoRiDx2E.large	David Hodson	https://www.ifixit.com/Guide/Nintendo+3DS+Upper+Display+Front+Panel+Replacement/6065
6065	Nintendo 3DS Upper Display Front Panel Replacement	Nintendo 3DS	8	2	Nintendo_3DS/6065_Nintendo_3DS_Upper_Display_Front_Panel_Replacement/step08_2.jpg	https://guide-images.cdn.ifixit.com/igi/SLSbhMgUFDj5mMLx.large	David Hodson	https://www.ifixit.com/Guide/Nintendo+3DS+Upper+Display+Front+Panel+Replacement/6065
6065	Nintendo 3DS Upper Display Front Panel Replacement	Nintendo 3DS	8	3	Nintendo_3DS/6065_Nintendo_3DS_Upper_Display_Front_Panel_Replacement/step08_3.jpg	https://guide-images.cdn.ifixit.com/igi/aoqcp6SgbWFZPOht.large	David Hodson	https://www.ifixit.com/Guide/Nintendo+3DS+Upper+Display+Front+Panel+Replacement/6065
6065	Nintendo 3DS Upper Display Front Panel Replacement	Nintendo 3DS	9	1	Nintendo_3DS/6065_Nintendo_3DS_Upper_Display_Front_Panel_Replacement/step09_1.jpg	https://guide-images.cdn.ifixit.com/igi/avCvIWYWgJyNbmBI.large	David Hodson	https://www.ifixit.com/Guide/Nintendo+3DS+Upper+Display+Front+Panel+Replacement/6065
6065	Nintendo 3DS Upper Display Front Panel Replacement	Nintendo 3DS	9	2	Nintendo_3DS/6065_Nintendo_3DS_Upper_Display_Front_Panel_Replacement/step09_2.jpg	https://guide-images.cdn.ifixit.com/igi/pYrbGImK2u45deHC.large	David Hodson	https://www.ifixit.com/Guide/Nintendo+3DS+Upper+Display+Front+Panel+Replacement/6065
6065	Nintendo 3DS Upper Display Front Panel Replacement	Nintendo 3DS	10	1	Nintendo_3DS/6065_Nintendo_3DS_Upper_Display_Front_Panel_Replacement/step10_1.jpg	https://guide-images.cdn.ifixit.com/igi/KjtBrbEaOGvLPWcX.large	David Hodson	https://www.ifixit.com/Guide/Nintendo+3DS+Upper+Display+Front+Panel+Replacement/6065
6065	Nintendo 3DS Upper Display Front Panel Replacement	Nintendo 3DS	11	1	Nintendo_3DS/6065_Nintendo_3DS_Upper_Display_Front_Panel_Replacement/step11_1.jpg	https://guide-images.cdn.ifixit.com/igi/UF24JkJiQnIFyP6B.large	David Hodson	https://www.ifixit.com/Guide/Nintendo+3DS+Upper+Display+Front+Panel+Replacement/6065
6065	Nintendo 3DS Upper Display Front Panel Replacement	Nintendo 3DS	11	2	Nintendo_3DS/6065_Nintendo_3DS_Upper_Display_Front_Panel_Replacement/step11_2.jpg	https://guide-images.cdn.ifixit.com/igi/auwosXvOBdHtWtKv.large	David Hodson	https://www.ifixit.com/Guide/Nintendo+3DS+Upper+Display+Front+Panel+Replacement/6065
6065	Nintendo 3DS Upper Display Front Panel Replacement	Nintendo 3DS	12	1	Nintendo_3DS/6065_Nintendo_3DS_Upper_Display_Front_Panel_Replacement/step12_1.jpg	https://guide-images.cdn.ifixit.com/igi/dqVaYcHR1MgDcmdV.large	David Hodson	https://www.ifixit.com/Guide/Nintendo+3DS+Upper+Display+Front+Panel+Replacement/6065
6065	Nintendo 3DS Upper Display Front Panel Replacement	Nintendo 3DS	12	2	Nintendo_3DS/6065_Nintendo_3DS_Upper_Display_Front_Panel_Replacement/step12_2.jpg	https://guide-images.cdn.ifixit.com/igi/2VMuJYwG2iUrEsLA.large	David Hodson	https://www.ifixit.com/Guide/Nintendo+3DS+Upper+Display+Front+Panel+Replacement/6065
6065	Nintendo 3DS Upper Display Front Panel Replacement	Nintendo 3DS	12	3	Nintendo_3DS/6065_Nintendo_3DS_Upper_Display_Front_Panel_Replacement/step12_3.jpg	https://guide-images.cdn.ifixit.com/igi/jtGmtOcX1IDoOXDA.large	David Hodson	https://www.ifixit.com/Guide/Nintendo+3DS+Upper+Display+Front+Panel+Replacement/6065
6065	Nintendo 3DS Upper Display Front Panel Replacement	Nintendo 3DS	13	1	Nintendo_3DS/6065_Nintendo_3DS_Upper_Display_Front_Panel_Replacement/step13_1.jpg	https://guide-images.cdn.ifixit.com/igi/jBrYqTnBuAuWfLxA.large	David Hodson	https://www.ifixit.com/Guide/Nintendo+3DS+Upper+Display+Front+Panel+Replacement/6065
6065	Nintendo 3DS Upper Display Front Panel Replacement	Nintendo 3DS	13	2	Nintendo_3DS/6065_Nintendo_3DS_Upper_Display_Front_Panel_Replacement/step13_2.jpg	https://guide-images.cdn.ifixit.com/igi/VovJlB5sgUp3CMYO.large	David Hodson	https://www.ifixit.com/Guide/Nintendo+3DS+Upper+Display+Front+Panel+Replacement/6065
6065	Nintendo 3DS Upper Display Front Panel Replacement	Nintendo 3DS	14	1	Nintendo_3DS/6065_Nintendo_3DS_Upper_Display_Front_Panel_Replacement/step14_1.jpg	https://guide-images.cdn.ifixit.com/igi/SraCcIwGIBJJAuAp.large	David Hodson	https://www.ifixit.com/Guide/Nintendo+3DS+Upper+Display+Front+Panel+Replacement/6065
6065	Nintendo 3DS Upper Display Front Panel Replacement	Nintendo 3DS	14	2	Nintendo_3DS/6065_Nintendo_3DS_Upper_Display_Front_Panel_Replacement/step14_2.jpg	https://guide-images.cdn.ifixit.com/igi/LY3YrJcYkPo5gP6C.large	David Hodson	https://www.ifixit.com/Guide/Nintendo+3DS+Upper+Display+Front+Panel+Replacement/6065
6065	Nintendo 3DS Upper Display Front Panel Replacement	Nintendo 3DS	14	3	Nintendo_3DS/6065_Nintendo_3DS_Upper_Display_Front_Panel_Replacement/step14_3.jpg	https://guide-images.cdn.ifixit.com/igi/EAUNvpGX54AVCRTt.large	David Hodson	https://www.ifixit.com/Guide/Nintendo+3DS+Upper+Display+Front+Panel+Replacement/6065
6065	Nintendo 3DS Upper Display Front Panel Replacement	Nintendo 3DS	15	1	Nintendo_3DS/6065_Nintendo_3DS_Upper_Display_Front_Panel_Replacement/step15_1.jpg	https://guide-images.cdn.ifixit.com/igi/GvmVFKYnXCf4Ad2y.large	David Hodson	https://www.ifixit.com/Guide/Nintendo+3DS+Upper+Display+Front+Panel+Replacement/6065
6065	Nintendo 3DS Upper Display Front Panel Replacement	Nintendo 3DS	15	2	Nintendo_3DS/6065_Nintendo_3DS_Upper_Display_Front_Panel_Replacement/step15_2.jpg	https://guide-images.cdn.ifixit.com/igi/LZS3t4NaRFTpclGb.large	David Hodson	https://www.ifixit.com/Guide/Nintendo+3DS+Upper+Display+Front+Panel+Replacement/6065
6065	Nintendo 3DS Upper Display Front Panel Replacement	Nintendo 3DS	16	1	Nintendo_3DS/6065_Nintendo_3DS_Upper_Display_Front_Panel_Replacement/step16_1.jpg	https://guide-images.cdn.ifixit.com/igi/25ZFGvrIiHhJpHNJ.large	David Hodson	https://www.ifixit.com/Guide/Nintendo+3DS+Upper+Display+Front+Panel+Replacement/6065
6065	Nintendo 3DS Upper Display Front Panel Replacement	Nintendo 3DS	16	2	Nintendo_3DS/6065_Nintendo_3DS_Upper_Display_Front_Panel_Replacement/step16_2.jpg	https://guide-images.cdn.ifixit.com/igi/i4evTtTHPCBFDRMB.large	David Hodson	https://www.ifixit.com/Guide/Nintendo+3DS+Upper+Display+Front+Panel+Replacement/6065
6065	Nintendo 3DS Upper Display Front Panel Replacement	Nintendo 3DS	16	3	Nintendo_3DS/6065_Nintendo_3DS_Upper_Display_Front_Panel_Replacement/step16_3.jpg	https://guide-images.cdn.ifixit.com/igi/yNVXTtRLBpMiK2pb.large	David Hodson	https://www.ifixit.com/Guide/Nintendo+3DS+Upper+Display+Front+Panel+Replacement/6065
6065	Nintendo 3DS Upper Display Front Panel Replacement	Nintendo 3DS	17	1	Nintendo_3DS/6065_Nintendo_3DS_Upper_Display_Front_Panel_Replacement/step17_1.jpg	https://guide-images.cdn.ifixit.com/igi/yOUm6AVnsyNl2Kxx.large	David Hodson	https://www.ifixit.com/Guide/Nintendo+3DS+Upper+Display+Front+Panel+Replacement/6065
6065	Nintendo 3DS Upper Display Front Panel Replacement	Nintendo 3DS	17	2	Nintendo_3DS/6065_Nintendo_3DS_Upper_Display_Front_Panel_Replacement/step17_2.jpg	https://guide-images.cdn.ifixit.com/igi/c2ae6fi3IwlqKoxX.large	David Hodson	https://www.ifixit.com/Guide/Nintendo+3DS+Upper+Display+Front+Panel+Replacement/6065
6065	Nintendo 3DS Upper Display Front Panel Replacement	Nintendo 3DS	18	1	Nintendo_3DS/6065_Nintendo_3DS_Upper_Display_Front_Panel_Replacement/step18_1.jpg	https://guide-images.cdn.ifixit.com/igi/EmLwpIWMHAUXlKcg.large	David Hodson	https://www.ifixit.com/Guide/Nintendo+3DS+Upper+Display+Front+Panel+Replacement/6065
6065	Nintendo 3DS Upper Display Front Panel Replacement	Nintendo 3DS	18	2	Nintendo_3DS/6065_Nintendo_3DS_Upper_Display_Front_Panel_Replacement/step18_2.jpg	https://guide-images.cdn.ifixit.com/igi/IXUQYqG1gyvxYgwe.large	David Hodson	https://www.ifixit.com/Guide/Nintendo+3DS+Upper+Display+Front+Panel+Replacement/6065
6065	Nintendo 3DS Upper Display Front Panel Replacement	Nintendo 3DS	18	3	Nintendo_3DS/6065_Nintendo_3DS_Upper_Display_Front_Panel_Replacement/step18_3.jpg	https://guide-images.cdn.ifixit.com/igi/1kuDOCEI4UjfOZIM.large	David Hodson	https://www.ifixit.com/Guide/Nintendo+3DS+Upper+Display+Front+Panel+Replacement/6065
6065	Nintendo 3DS Upper Display Front Panel Replacement	Nintendo 3DS	19	1	Nintendo_3DS/6065_Nintendo_3DS_Upper_Display_Front_Panel_Replacement/step19_1.jpg	https://guide-images.cdn.ifixit.com/igi/mvScsefxXqHAGBLm.large	David Hodson	https://www.ifixit.com/Guide/Nintendo+3DS+Upper+Display+Front+Panel+Replacement/6065
6065	Nintendo 3DS Upper Display Front Panel Replacement	Nintendo 3DS	19	2	Nintendo_3DS/6065_Nintendo_3DS_Upper_Display_Front_Panel_Replacement/step19_2.jpg	https://guide-images.cdn.ifixit.com/igi/oGpw5HroZQgNsU1M.large	David Hodson	https://www.ifixit.com/Guide/Nintendo+3DS+Upper+Display+Front+Panel+Replacement/6065
6065	Nintendo 3DS Upper Display Front Panel Replacement	Nintendo 3DS	19	3	Nintendo_3DS/6065_Nintendo_3DS_Upper_Display_Front_Panel_Replacement/step19_3.jpg	https://guide-images.cdn.ifixit.com/igi/5MMDGphdb1IVdyhn.large	David Hodson	https://www.ifixit.com/Guide/Nintendo+3DS+Upper+Display+Front+Panel+Replacement/6065
6065	Nintendo 3DS Upper Display Front Panel Replacement	Nintendo 3DS	20	1	Nintendo_3DS/6065_Nintendo_3DS_Upper_Display_Front_Panel_Replacement/step20_1.jpg	https://guide-images.cdn.ifixit.com/igi/Ql2QL1iOEaeAbBlw.large	David Hodson	https://www.ifixit.com/Guide/Nintendo+3DS+Upper+Display+Front+Panel+Replacement/6065
6065	Nintendo 3DS Upper Display Front Panel Replacement	Nintendo 3DS	21	1	Nintendo_3DS/6065_Nintendo_3DS_Upper_Display_Front_Panel_Replacement/step21_1.jpg	https://guide-images.cdn.ifixit.com/igi/GQ4uJdtZuSTWU1Mg.large	David Hodson	https://www.ifixit.com/Guide/Nintendo+3DS+Upper+Display+Front+Panel+Replacement/6065
6065	Nintendo 3DS Upper Display Front Panel Replacement	Nintendo 3DS	22	1	Nintendo_3DS/6065_Nintendo_3DS_Upper_Display_Front_Panel_Replacement/step22_1.jpg	https://guide-images.cdn.ifixit.com/igi/QsISUGQUwDpkEOfn.large	David Hodson	https://www.ifixit.com/Guide/Nintendo+3DS+Upper+Display+Front+Panel+Replacement/6065
6065	Nintendo 3DS Upper Display Front Panel Replacement	Nintendo 3DS	22	2	Nintendo_3DS/6065_Nintendo_3DS_Upper_Display_Front_Panel_Replacement/step22_2.jpg	https://guide-images.cdn.ifixit.com/igi/PWhSLxvHRCKWOiUk.large	David Hodson	https://www.ifixit.com/Guide/Nintendo+3DS+Upper+Display+Front+Panel+Replacement/6065
6065	Nintendo 3DS Upper Display Front Panel Replacement	Nintendo 3DS	23	1	Nintendo_3DS/6065_Nintendo_3DS_Upper_Display_Front_Panel_Replacement/step23_1.jpg	https://guide-images.cdn.ifixit.com/igi/l52JVfBDIG53aUlr.large	David Hodson	https://www.ifixit.com/Guide/Nintendo+3DS+Upper+Display+Front+Panel+Replacement/6065
6065	Nintendo 3DS Upper Display Front Panel Replacement	Nintendo 3DS	23	2	Nintendo_3DS/6065_Nintendo_3DS_Upper_Display_Front_Panel_Replacement/step23_2.jpg	https://guide-images.cdn.ifixit.com/igi/YVXZqAQhGMQgCGHq.large	David Hodson	https://www.ifixit.com/Guide/Nintendo+3DS+Upper+Display+Front+Panel+Replacement/6065
6065	Nintendo 3DS Upper Display Front Panel Replacement	Nintendo 3DS	24	1	Nintendo_3DS/6065_Nintendo_3DS_Upper_Display_Front_Panel_Replacement/step24_1.jpg	https://guide-images.cdn.ifixit.com/igi/CcUHZWacehpZhwuv.large	David Hodson	https://www.ifixit.com/Guide/Nintendo+3DS+Upper+Display+Front+Panel+Replacement/6065
6065	Nintendo 3DS Upper Display Front Panel Replacement	Nintendo 3DS	24	2	Nintendo_3DS/6065_Nintendo_3DS_Upper_Display_Front_Panel_Replacement/step24_2.jpg	https://guide-images.cdn.ifixit.com/igi/ergZRkKDRqL4NaO2.large	David Hodson	https://www.ifixit.com/Guide/Nintendo+3DS+Upper+Display+Front+Panel+Replacement/6065
6065	Nintendo 3DS Upper Display Front Panel Replacement	Nintendo 3DS	25	1	Nintendo_3DS/6065_Nintendo_3DS_Upper_Display_Front_Panel_Replacement/step25_1.jpg	https://guide-images.cdn.ifixit.com/igi/vBXZXoIEb1MAw6nC.large	David Hodson	https://www.ifixit.com/Guide/Nintendo+3DS+Upper+Display+Front+Panel+Replacement/6065
6065	Nintendo 3DS Upper Display Front Panel Replacement	Nintendo 3DS	25	2	Nintendo_3DS/6065_Nintendo_3DS_Upper_Display_Front_Panel_Replacement/step25_2.jpg	https://guide-images.cdn.ifixit.com/igi/SOwuAwjY5Z1RrqPE.large	David Hodson	https://www.ifixit.com/Guide/Nintendo+3DS+Upper+Display+Front+Panel+Replacement/6065
6066	Nintendo 3DS Rear Display Bezel Replacement	Nintendo 3DS	1	1	Nintendo_3DS/6066_Nintendo_3DS_Rear_Display_Bezel_Replacement/step01_1.jpg	https://guide-images.cdn.ifixit.com/igi/ITwcDRVYSfefXdaR.large	David Hodson	https://www.ifixit.com/Guide/Nintendo+3DS+Rear+Display+Bezel+Replacement/6066
6066	Nintendo 3DS Rear Display Bezel Replacement	Nintendo 3DS	2	1	Nintendo_3DS/6066_Nintendo_3DS_Rear_Display_Bezel_Replacement/step02_1.jpg	https://guide-images.cdn.ifixit.com/igi/WujDe4xE4eI3tHJg.large	David Hodson	https://www.ifixit.com/Guide/Nintendo+3DS+Rear+Display+Bezel+Replacement/6066
6066	Nintendo 3DS Rear Display Bezel Replacement	Nintendo 3DS	2	2	Nintendo_3DS/6066_Nintendo_3DS_Rear_Display_Bezel_Replacement/step02_2.jpg	https://guide-images.cdn.ifixit.com/igi/jc1ysoaDZCIw2TEj.large	David Hodson	https://www.ifixit.com/Guide/Nintendo+3DS+Rear+Display+Bezel+Replacement/6066
6066	Nintendo 3DS Rear Display Bezel Replacement	Nintendo 3DS	3	1	Nintendo_3DS/6066_Nintendo_3DS_Rear_Display_Bezel_Replacement/step03_1.jpg	https://guide-images.cdn.ifixit.com/igi/dpUdpUimvCFfqOw1.large	David Hodson	https://www.ifixit.com/Guide/Nintendo+3DS+Rear+Display+Bezel+Replacement/6066
6066	Nintendo 3DS Rear Display Bezel Replacement	Nintendo 3DS	3	2	Nintendo_3DS/6066_Nintendo_3DS_Rear_Display_Bezel_Replacement/step03_2.jpg	https://guide-images.cdn.ifixit.com/igi/lnBikT41fiBvcLcS.large	David Hodson	https://www.ifixit.com/Guide/Nintendo+3DS+Rear+Display+Bezel+Replacement/6066
6066	Nintendo 3DS Rear Display Bezel Replacement	Nintendo 3DS	3	3	Nintendo_3DS/6066_Nintendo_3DS_Rear_Display_Bezel_Replacement/step03_3.jpg	https://guide-images.cdn.ifixit.com/igi/veZLHretTgIkbLcI.large	David Hodson	https://www.ifixit.com/Guide/Nintendo+3DS+Rear+Display+Bezel+Replacement/6066
6066	Nintendo 3DS Rear Display Bezel Replacement	Nintendo 3DS	4	1	Nintendo_3DS/6066_Nintendo_3DS_Rear_Display_Bezel_Replacement/step04_1.jpg	https://guide-images.cdn.ifixit.com/igi/BkJd3OSBpy1Rvikh.large	David Hodson	https://www.ifixit.com/Guide/Nintendo+3DS+Rear+Display+Bezel+Replacement/6066
6066	Nintendo 3DS Rear Display Bezel Replacement	Nintendo 3DS	5	1	Nintendo_3DS/6066_Nintendo_3DS_Rear_Display_Bezel_Replacement/step05_1.jpg	https://guide-images.cdn.ifixit.com/igi/S3qgP6SxRRPY5IxB.large	David Hodson	https://www.ifixit.com/Guide/Nintendo+3DS+Rear+Display+Bezel+Replacement/6066
6066	Nintendo 3DS Rear Display Bezel Replacement	Nintendo 3DS	5	2	Nintendo_3DS/6066_Nintendo_3DS_Rear_Display_Bezel_Replacement/step05_2.jpg	https://guide-images.cdn.ifixit.com/igi/HILuUcmesyZeEmtm.large	David Hodson	https://www.ifixit.com/Guide/Nintendo+3DS+Rear+Display+Bezel+Replacement/6066
6066	Nintendo 3DS Rear Display Bezel Replacement	Nintendo 3DS	5	3	Nintendo_3DS/6066_Nintendo_3DS_Rear_Display_Bezel_Replacement/step05_3.jpg	https://guide-images.cdn.ifixit.com/igi/jwM1ceschy1xdwE3.large	David Hodson	https://www.ifixit.com/Guide/Nintendo+3DS+Rear+Display+Bezel+Replacement/6066
6066	Nintendo 3DS Rear Display Bezel Replacement	Nintendo 3DS	6	1	Nintendo_3DS/6066_Nintendo_3DS_Rear_Display_Bezel_Replacement/step06_1.jpg	https://guide-images.cdn.ifixit.com/igi/WciIxkCGqqeSwjDE.large	David Hodson	https://www.ifixit.com/Guide/Nintendo+3DS+Rear+Display+Bezel+Replacement/6066
6066	Nintendo 3DS Rear Display Bezel Replacement	Nintendo 3DS	7	1	Nintendo_3DS/6066_Nintendo_3DS_Rear_Display_Bezel_Replacement/step07_1.jpg	https://guide-images.cdn.ifixit.com/igi/bMBnFDhOIiWPDfD6.large	David Hodson	https://www.ifixit.com/Guide/Nintendo+3DS+Rear+Display+Bezel+Replacement/6066
6066	Nintendo 3DS Rear Display Bezel Replacement	Nintendo 3DS	7	2	Nintendo_3DS/6066_Nintendo_3DS_Rear_Display_Bezel_Replacement/step07_2.jpg	https://guide-images.cdn.ifixit.com/igi/E4TVtF3ttsxMSdVm.large	David Hodson	https://www.ifixit.com/Guide/Nintendo+3DS+Rear+Display+Bezel+Replacement/6066
6066	Nintendo 3DS Rear Display Bezel Replacement	Nintendo 3DS	7	3	Nintendo_3DS/6066_Nintendo_3DS_Rear_Display_Bezel_Replacement/step07_3.jpg	https://guide-images.cdn.ifixit.com/igi/X2gZcTXBxZmTrD5t.large	David Hodson	https://www.ifixit.com/Guide/Nintendo+3DS+Rear+Display+Bezel+Replacement/6066
6066	Nintendo 3DS Rear Display Bezel Replacement	Nintendo 3DS	8	1	Nintendo_3DS/6066_Nintendo_3DS_Rear_Display_Bezel_Replacement/step08_1.jpg	https://guide-images.cdn.ifixit.com/igi/IKPPuB5DIoRiDx2E.large	David Hodson	https://www.ifixit.com/Guide/Nintendo+3DS+Rear+Display+Bezel+Replacement/6066
6066	Nintendo 3DS Rear Display Bezel Replacement	Nintendo 3DS	8	2	Nintendo_3DS/6066_Nintendo_3DS_Rear_Display_Bezel_Replacement/step08_2.jpg	https://guide-images.cdn.ifixit.com/igi/SLSbhMgUFDj5mMLx.large	David Hodson	https://www.ifixit.com/Guide/Nintendo+3DS+Rear+Display+Bezel+Replacement/6066
6066	Nintendo 3DS Rear Display Bezel Replacement	Nintendo 3DS	8	3	Nintendo_3DS/6066_Nintendo_3DS_Rear_Display_Bezel_Replacement/step08_3.jpg	https://guide-images.cdn.ifixit.com/igi/aoqcp6SgbWFZPOht.large	David Hodson	https://www.ifixit.com/Guide/Nintendo+3DS+Rear+Display+Bezel+Replacement/6066
6066	Nintendo 3DS Rear Display Bezel Replacement	Nintendo 3DS	9	1	Nintendo_3DS/6066_Nintendo_3DS_Rear_Display_Bezel_Replacement/step09_1.jpg	https://guide-images.cdn.ifixit.com/igi/avCvIWYWgJyNbmBI.large	David Hodson	https://www.ifixit.com/Guide/Nintendo+3DS+Rear+Display+Bezel+Replacement/6066
6066	Nintendo 3DS Rear Display Bezel Replacement	Nintendo 3DS	9	2	Nintendo_3DS/6066_Nintendo_3DS_Rear_Display_Bezel_Replacement/step09_2.jpg	https://guide-images.cdn.ifixit.com/igi/pYrbGImK2u45deHC.large	David Hodson	https://www.ifixit.com/Guide/Nintendo+3DS+Rear+Display+Bezel+Replacement/6066
6066	Nintendo 3DS Rear Display Bezel Replacement	Nintendo 3DS	10	1	Nintendo_3DS/6066_Nintendo_3DS_Rear_Display_Bezel_Replacement/step10_1.jpg	https://guide-images.cdn.ifixit.com/igi/KjtBrbEaOGvLPWcX.large	David Hodson	https://www.ifixit.com/Guide/Nintendo+3DS+Rear+Display+Bezel+Replacement/6066
6066	Nintendo 3DS Rear Display Bezel Replacement	Nintendo 3DS	11	1	Nintendo_3DS/6066_Nintendo_3DS_Rear_Display_Bezel_Replacement/step11_1.jpg	https://guide-images.cdn.ifixit.com/igi/UF24JkJiQnIFyP6B.large	David Hodson	https://www.ifixit.com/Guide/Nintendo+3DS+Rear+Display+Bezel+Replacement/6066
6066	Nintendo 3DS Rear Display Bezel Replacement	Nintendo 3DS	11	2	Nintendo_3DS/6066_Nintendo_3DS_Rear_Display_Bezel_Replacement/step11_2.jpg	https://guide-images.cdn.ifixit.com/igi/auwosXvOBdHtWtKv.large	David Hodson	https://www.ifixit.com/Guide/Nintendo+3DS+Rear+Display+Bezel+Replacement/6066
6066	Nintendo 3DS Rear Display Bezel Replacement	Nintendo 3DS	12	1	Nintendo_3DS/6066_Nintendo_3DS_Rear_Display_Bezel_Replacement/step12_1.jpg	https://guide-images.cdn.ifixit.com/igi/dqVaYcHR1MgDcmdV.large	David Hodson	https://www.ifixit.com/Guide/Nintendo+3DS+Rear+Display+Bezel+Replacement/6066
6066	Nintendo 3DS Rear Display Bezel Replacement	Nintendo 3DS	12	2	Nintendo_3DS/6066_Nintendo_3DS_Rear_Display_Bezel_Replacement/step12_2.jpg	https://guide-images.cdn.ifixit.com/igi/2VMuJYwG2iUrEsLA.large	David Hodson	https://www.ifixit.com/Guide/Nintendo+3DS+Rear+Display+Bezel+Replacement/6066
6066	Nintendo 3DS Rear Display Bezel Replacement	Nintendo 3DS	12	3	Nintendo_3DS/6066_Nintendo_3DS_Rear_Display_Bezel_Replacement/step12_3.jpg	https://guide-images.cdn.ifixit.com/igi/jtGmtOcX1IDoOXDA.large	David Hodson	https://www.ifixit.com/Guide/Nintendo+3DS+Rear+Display+Bezel+Replacement/6066
6066	Nintendo 3DS Rear Display Bezel Replacement	Nintendo 3DS	13	1	Nintendo_3DS/6066_Nintendo_3DS_Rear_Display_Bezel_Replacement/step13_1.jpg	https://guide-images.cdn.ifixit.com/igi/jBrYqTnBuAuWfLxA.large	David Hodson	https://www.ifixit.com/Guide/Nintendo+3DS+Rear+Display+Bezel+Replacement/6066
6066	Nintendo 3DS Rear Display Bezel Replacement	Nintendo 3DS	13	2	Nintendo_3DS/6066_Nintendo_3DS_Rear_Display_Bezel_Replacement/step13_2.jpg	https://guide-images.cdn.ifixit.com/igi/VovJlB5sgUp3CMYO.large	David Hodson	https://www.ifixit.com/Guide/Nintendo+3DS+Rear+Display+Bezel+Replacement/6066
6066	Nintendo 3DS Rear Display Bezel Replacement	Nintendo 3DS	14	1	Nintendo_3DS/6066_Nintendo_3DS_Rear_Display_Bezel_Replacement/step14_1.jpg	https://guide-images.cdn.ifixit.com/igi/SraCcIwGIBJJAuAp.large	David Hodson	https://www.ifixit.com/Guide/Nintendo+3DS+Rear+Display+Bezel+Replacement/6066
6066	Nintendo 3DS Rear Display Bezel Replacement	Nintendo 3DS	14	2	Nintendo_3DS/6066_Nintendo_3DS_Rear_Display_Bezel_Replacement/step14_2.jpg	https://guide-images.cdn.ifixit.com/igi/LY3YrJcYkPo5gP6C.large	David Hodson	https://www.ifixit.com/Guide/Nintendo+3DS+Rear+Display+Bezel+Replacement/6066
6066	Nintendo 3DS Rear Display Bezel Replacement	Nintendo 3DS	14	3	Nintendo_3DS/6066_Nintendo_3DS_Rear_Display_Bezel_Replacement/step14_3.jpg	https://guide-images.cdn.ifixit.com/igi/EAUNvpGX54AVCRTt.large	David Hodson	https://www.ifixit.com/Guide/Nintendo+3DS+Rear+Display+Bezel+Replacement/6066
6066	Nintendo 3DS Rear Display Bezel Replacement	Nintendo 3DS	15	1	Nintendo_3DS/6066_Nintendo_3DS_Rear_Display_Bezel_Replacement/step15_1.jpg	https://guide-images.cdn.ifixit.com/igi/GvmVFKYnXCf4Ad2y.large	David Hodson	https://www.ifixit.com/Guide/Nintendo+3DS+Rear+Display+Bezel+Replacement/6066
6066	Nintendo 3DS Rear Display Bezel Replacement	Nintendo 3DS	15	2	Nintendo_3DS/6066_Nintendo_3DS_Rear_Display_Bezel_Replacement/step15_2.jpg	https://guide-images.cdn.ifixit.com/igi/LZS3t4NaRFTpclGb.large	David Hodson	https://www.ifixit.com/Guide/Nintendo+3DS+Rear+Display+Bezel+Replacement/6066
6066	Nintendo 3DS Rear Display Bezel Replacement	Nintendo 3DS	16	1	Nintendo_3DS/6066_Nintendo_3DS_Rear_Display_Bezel_Replacement/step16_1.jpg	https://guide-images.cdn.ifixit.com/igi/25ZFGvrIiHhJpHNJ.large	David Hodson	https://www.ifixit.com/Guide/Nintendo+3DS+Rear+Display+Bezel+Replacement/6066
6066	Nintendo 3DS Rear Display Bezel Replacement	Nintendo 3DS	16	2	Nintendo_3DS/6066_Nintendo_3DS_Rear_Display_Bezel_Replacement/step16_2.jpg	https://guide-images.cdn.ifixit.com/igi/i4evTtTHPCBFDRMB.large	David Hodson	https://www.ifixit.com/Guide/Nintendo+3DS+Rear+Display+Bezel+Replacement/6066
6066	Nintendo 3DS Rear Display Bezel Replacement	Nintendo 3DS	16	3	Nintendo_3DS/6066_Nintendo_3DS_Rear_Display_Bezel_Replacement/step16_3.jpg	https://guide-images.cdn.ifixit.com/igi/yNVXTtRLBpMiK2pb.large	David Hodson	https://www.ifixit.com/Guide/Nintendo+3DS+Rear+Display+Bezel+Replacement/6066
6066	Nintendo 3DS Rear Display Bezel Replacement	Nintendo 3DS	17	1	Nintendo_3DS/6066_Nintendo_3DS_Rear_Display_Bezel_Replacement/step17_1.jpg	https://guide-images.cdn.ifixit.com/igi/yOUm6AVnsyNl2Kxx.large	David Hodson	https://www.ifixit.com/Guide/Nintendo+3DS+Rear+Display+Bezel+Replacement/6066
6066	Nintendo 3DS Rear Display Bezel Replacement	Nintendo 3DS	17	2	Nintendo_3DS/6066_Nintendo_3DS_Rear_Display_Bezel_Replacement/step17_2.jpg	https://guide-images.cdn.ifixit.com/igi/c2ae6fi3IwlqKoxX.large	David Hodson	https://www.ifixit.com/Guide/Nintendo+3DS+Rear+Display+Bezel+Replacement/6066
6066	Nintendo 3DS Rear Display Bezel Replacement	Nintendo 3DS	18	1	Nintendo_3DS/6066_Nintendo_3DS_Rear_Display_Bezel_Replacement/step18_1.jpg	https://guide-images.cdn.ifixit.com/igi/EmLwpIWMHAUXlKcg.large	David Hodson	https://www.ifixit.com/Guide/Nintendo+3DS+Rear+Display+Bezel+Replacement/6066
6066	Nintendo 3DS Rear Display Bezel Replacement	Nintendo 3DS	18	2	Nintendo_3DS/6066_Nintendo_3DS_Rear_Display_Bezel_Replacement/step18_2.jpg	https://guide-images.cdn.ifixit.com/igi/IXUQYqG1gyvxYgwe.large	David Hodson	https://www.ifixit.com/Guide/Nintendo+3DS+Rear+Display+Bezel+Replacement/6066
6066	Nintendo 3DS Rear Display Bezel Replacement	Nintendo 3DS	18	3	Nintendo_3DS/6066_Nintendo_3DS_Rear_Display_Bezel_Replacement/step18_3.jpg	https://guide-images.cdn.ifixit.com/igi/1kuDOCEI4UjfOZIM.large	David Hodson	https://www.ifixit.com/Guide/Nintendo+3DS+Rear+Display+Bezel+Replacement/6066
6066	Nintendo 3DS Rear Display Bezel Replacement	Nintendo 3DS	19	1	Nintendo_3DS/6066_Nintendo_3DS_Rear_Display_Bezel_Replacement/step19_1.jpg	https://guide-images.cdn.ifixit.com/igi/mvScsefxXqHAGBLm.large	David Hodson	https://www.ifixit.com/Guide/Nintendo+3DS+Rear+Display+Bezel+Replacement/6066
6066	Nintendo 3DS Rear Display Bezel Replacement	Nintendo 3DS	19	2	Nintendo_3DS/6066_Nintendo_3DS_Rear_Display_Bezel_Replacement/step19_2.jpg	https://guide-images.cdn.ifixit.com/igi/oGpw5HroZQgNsU1M.large	David Hodson	https://www.ifixit.com/Guide/Nintendo+3DS+Rear+Display+Bezel+Replacement/6066
6066	Nintendo 3DS Rear Display Bezel Replacement	Nintendo 3DS	19	3	Nintendo_3DS/6066_Nintendo_3DS_Rear_Display_Bezel_Replacement/step19_3.jpg	https://guide-images.cdn.ifixit.com/igi/5MMDGphdb1IVdyhn.large	David Hodson	https://www.ifixit.com/Guide/Nintendo+3DS+Rear+Display+Bezel+Replacement/6066
6066	Nintendo 3DS Rear Display Bezel Replacement	Nintendo 3DS	20	1	Nintendo_3DS/6066_Nintendo_3DS_Rear_Display_Bezel_Replacement/step20_1.jpg	https://guide-images.cdn.ifixit.com/igi/Ql2QL1iOEaeAbBlw.large	David Hodson	https://www.ifixit.com/Guide/Nintendo+3DS+Rear+Display+Bezel+Replacement/6066
6066	Nintendo 3DS Rear Display Bezel Replacement	Nintendo 3DS	21	1	Nintendo_3DS/6066_Nintendo_3DS_Rear_Display_Bezel_Replacement/step21_1.jpg	https://guide-images.cdn.ifixit.com/igi/GQ4uJdtZuSTWU1Mg.large	David Hodson	https://www.ifixit.com/Guide/Nintendo+3DS+Rear+Display+Bezel+Replacement/6066
6066	Nintendo 3DS Rear Display Bezel Replacement	Nintendo 3DS	22	1	Nintendo_3DS/6066_Nintendo_3DS_Rear_Display_Bezel_Replacement/step22_1.jpg	https://guide-images.cdn.ifixit.com/igi/QsISUGQUwDpkEOfn.large	David Hodson	https://www.ifixit.com/Guide/Nintendo+3DS+Rear+Display+Bezel+Replacement/6066
6066	Nintendo 3DS Rear Display Bezel Replacement	Nintendo 3DS	22	2	Nintendo_3DS/6066_Nintendo_3DS_Rear_Display_Bezel_Replacement/step22_2.jpg	https://guide-images.cdn.ifixit.com/igi/PWhSLxvHRCKWOiUk.large	David Hodson	https://www.ifixit.com/Guide/Nintendo+3DS+Rear+Display+Bezel+Replacement/6066
6066	Nintendo 3DS Rear Display Bezel Replacement	Nintendo 3DS	23	1	Nintendo_3DS/6066_Nintendo_3DS_Rear_Display_Bezel_Replacement/step23_1.jpg	https://guide-images.cdn.ifixit.com/igi/l52JVfBDIG53aUlr.large	David Hodson	https://www.ifixit.com/Guide/Nintendo+3DS+Rear+Display+Bezel+Replacement/6066
6066	Nintendo 3DS Rear Display Bezel Replacement	Nintendo 3DS	23	2	Nintendo_3DS/6066_Nintendo_3DS_Rear_Display_Bezel_Replacement/step23_2.jpg	https://guide-images.cdn.ifixit.com/igi/YVXZqAQhGMQgCGHq.large	David Hodson	https://www.ifixit.com/Guide/Nintendo+3DS+Rear+Display+Bezel+Replacement/6066
6066	Nintendo 3DS Rear Display Bezel Replacement	Nintendo 3DS	24	1	Nintendo_3DS/6066_Nintendo_3DS_Rear_Display_Bezel_Replacement/step24_1.jpg	https://guide-images.cdn.ifixit.com/igi/CcUHZWacehpZhwuv.large	David Hodson	https://www.ifixit.com/Guide/Nintendo+3DS+Rear+Display+Bezel+Replacement/6066
6066	Nintendo 3DS Rear Display Bezel Replacement	Nintendo 3DS	24	2	Nintendo_3DS/6066_Nintendo_3DS_Rear_Display_Bezel_Replacement/step24_2.jpg	https://guide-images.cdn.ifixit.com/igi/ergZRkKDRqL4NaO2.large	David Hodson	https://www.ifixit.com/Guide/Nintendo+3DS+Rear+Display+Bezel+Replacement/6066
6066	Nintendo 3DS Rear Display Bezel Replacement	Nintendo 3DS	25	1	Nintendo_3DS/6066_Nintendo_3DS_Rear_Display_Bezel_Replacement/step25_1.jpg	https://guide-images.cdn.ifixit.com/igi/vBXZXoIEb1MAw6nC.large	David Hodson	https://www.ifixit.com/Guide/Nintendo+3DS+Rear+Display+Bezel+Replacement/6066
6066	Nintendo 3DS Rear Display Bezel Replacement	Nintendo 3DS	25	2	Nintendo_3DS/6066_Nintendo_3DS_Rear_Display_Bezel_Replacement/step25_2.jpg	https://guide-images.cdn.ifixit.com/igi/SOwuAwjY5Z1RrqPE.large	David Hodson	https://www.ifixit.com/Guide/Nintendo+3DS+Rear+Display+Bezel+Replacement/6066
6066	Nintendo 3DS Rear Display Bezel Replacement	Nintendo 3DS	26	1	Nintendo_3DS/6066_Nintendo_3DS_Rear_Display_Bezel_Replacement/step26_1.jpg	https://guide-images.cdn.ifixit.com/igi/3vhNiyoUUBKsRXyw.large	David Hodson	https://www.ifixit.com/Guide/Nintendo+3DS+Rear+Display+Bezel+Replacement/6066
6066	Nintendo 3DS Rear Display Bezel Replacement	Nintendo 3DS	27	1	Nintendo_3DS/6066_Nintendo_3DS_Rear_Display_Bezel_Replacement/step27_1.jpg	https://guide-images.cdn.ifixit.com/igi/VJu6vq1AG5xsjxqJ.large	David Hodson	https://www.ifixit.com/Guide/Nintendo+3DS+Rear+Display+Bezel+Replacement/6066
6066	Nintendo 3DS Rear Display Bezel Replacement	Nintendo 3DS	27	2	Nintendo_3DS/6066_Nintendo_3DS_Rear_Display_Bezel_Replacement/step27_2.jpg	https://guide-images.cdn.ifixit.com/igi/VgAGWPtsWHtSwJIw.large	David Hodson	https://www.ifixit.com/Guide/Nintendo+3DS+Rear+Display+Bezel+Replacement/6066
6087	Nintendo 3DS D-pad Replacement	Nintendo 3DS	1	1	Nintendo_3DS/6087_Nintendo_3DS_D-pad_Replacement/step01_1.jpg	https://guide-images.cdn.ifixit.com/igi/ITwcDRVYSfefXdaR.large	David Hodson	https://www.ifixit.com/Guide/Nintendo+3DS+D-pad+Replacement/6087
6087	Nintendo 3DS D-pad Replacement	Nintendo 3DS	2	1	Nintendo_3DS/6087_Nintendo_3DS_D-pad_Replacement/step02_1.jpg	https://guide-images.cdn.ifixit.com/igi/WujDe4xE4eI3tHJg.large	David Hodson	https://www.ifixit.com/Guide/Nintendo+3DS+D-pad+Replacement/6087
6087	Nintendo 3DS D-pad Replacement	Nintendo 3DS	2	2	Nintendo_3DS/6087_Nintendo_3DS_D-pad_Replacement/step02_2.jpg	https://guide-images.cdn.ifixit.com/igi/jc1ysoaDZCIw2TEj.large	David Hodson	https://www.ifixit.com/Guide/Nintendo+3DS+D-pad+Replacement/6087
6087	Nintendo 3DS D-pad Replacement	Nintendo 3DS	3	1	Nintendo_3DS/6087_Nintendo_3DS_D-pad_Replacement/step03_1.jpg	https://guide-images.cdn.ifixit.com/igi/dpUdpUimvCFfqOw1.large	David Hodson	https://www.ifixit.com/Guide/Nintendo+3DS+D-pad+Replacement/6087
6087	Nintendo 3DS D-pad Replacement	Nintendo 3DS	3	2	Nintendo_3DS/6087_Nintendo_3DS_D-pad_Replacement/step03_2.jpg	https://guide-images.cdn.ifixit.com/igi/lnBikT41fiBvcLcS.large	David Hodson	https://www.ifixit.com/Guide/Nintendo+3DS+D-pad+Replacement/6087
6087	Nintendo 3DS D-pad Replacement	Nintendo 3DS	3	3	Nintendo_3DS/6087_Nintendo_3DS_D-pad_Replacement/step03_3.jpg	https://guide-images.cdn.ifixit.com/igi/veZLHretTgIkbLcI.large	David Hodson	https://www.ifixit.com/Guide/Nintendo+3DS+D-pad+Replacement/6087
6087	Nintendo 3DS D-pad Replacement	Nintendo 3DS	4	1	Nintendo_3DS/6087_Nintendo_3DS_D-pad_Replacement/step04_1.jpg	https://guide-images.cdn.ifixit.com/igi/BkJd3OSBpy1Rvikh.large	David Hodson	https://www.ifixit.com/Guide/Nintendo+3DS+D-pad+Replacement/6087
6087	Nintendo 3DS D-pad Replacement	Nintendo 3DS	5	1	Nintendo_3DS/6087_Nintendo_3DS_D-pad_Replacement/step05_1.jpg	https://guide-images.cdn.ifixit.com/igi/S3qgP6SxRRPY5IxB.large	David Hodson	https://www.ifixit.com/Guide/Nintendo+3DS+D-pad+Replacement/6087
6087	Nintendo 3DS D-pad Replacement	Nintendo 3DS	5	2	Nintendo_3DS/6087_Nintendo_3DS_D-pad_Replacement/step05_2.jpg	https://guide-images.cdn.ifixit.com/igi/HILuUcmesyZeEmtm.large	David Hodson	https://www.ifixit.com/Guide/Nintendo+3DS+D-pad+Replacement/6087
6087	Nintendo 3DS D-pad Replacement	Nintendo 3DS	5	3	Nintendo_3DS/6087_Nintendo_3DS_D-pad_Replacement/step05_3.jpg	https://guide-images.cdn.ifixit.com/igi/jwM1ceschy1xdwE3.large	David Hodson	https://www.ifixit.com/Guide/Nintendo+3DS+D-pad+Replacement/6087
6087	Nintendo 3DS D-pad Replacement	Nintendo 3DS	6	1	Nintendo_3DS/6087_Nintendo_3DS_D-pad_Replacement/step06_1.jpg	https://guide-images.cdn.ifixit.com/igi/WciIxkCGqqeSwjDE.large	David Hodson	https://www.ifixit.com/Guide/Nintendo+3DS+D-pad+Replacement/6087
6087	Nintendo 3DS D-pad Replacement	Nintendo 3DS	7	1	Nintendo_3DS/6087_Nintendo_3DS_D-pad_Replacement/step07_1.jpg	https://guide-images.cdn.ifixit.com/igi/bMBnFDhOIiWPDfD6.large	David Hodson	https://www.ifixit.com/Guide/Nintendo+3DS+D-pad+Replacement/6087
6087	Nintendo 3DS D-pad Replacement	Nintendo 3DS	7	2	Nintendo_3DS/6087_Nintendo_3DS_D-pad_Replacement/step07_2.jpg	https://guide-images.cdn.ifixit.com/igi/E4TVtF3ttsxMSdVm.large	David Hodson	https://www.ifixit.com/Guide/Nintendo+3DS+D-pad+Replacement/6087
6087	Nintendo 3DS D-pad Replacement	Nintendo 3DS	7	3	Nintendo_3DS/6087_Nintendo_3DS_D-pad_Replacement/step07_3.jpg	https://guide-images.cdn.ifixit.com/igi/X2gZcTXBxZmTrD5t.large	David Hodson	https://www.ifixit.com/Guide/Nintendo+3DS+D-pad+Replacement/6087
6087	Nintendo 3DS D-pad Replacement	Nintendo 3DS	8	1	Nintendo_3DS/6087_Nintendo_3DS_D-pad_Replacement/step08_1.jpg	https://guide-images.cdn.ifixit.com/igi/IKPPuB5DIoRiDx2E.large	David Hodson	https://www.ifixit.com/Guide/Nintendo+3DS+D-pad+Replacement/6087
6087	Nintendo 3DS D-pad Replacement	Nintendo 3DS	8	2	Nintendo_3DS/6087_Nintendo_3DS_D-pad_Replacement/step08_2.jpg	https://guide-images.cdn.ifixit.com/igi/SLSbhMgUFDj5mMLx.large	David Hodson	https://www.ifixit.com/Guide/Nintendo+3DS+D-pad+Replacement/6087
6087	Nintendo 3DS D-pad Replacement	Nintendo 3DS	8	3	Nintendo_3DS/6087_Nintendo_3DS_D-pad_Replacement/step08_3.jpg	https://guide-images.cdn.ifixit.com/igi/aoqcp6SgbWFZPOht.large	David Hodson	https://www.ifixit.com/Guide/Nintendo+3DS+D-pad+Replacement/6087
6087	Nintendo 3DS D-pad Replacement	Nintendo 3DS	9	1	Nintendo_3DS/6087_Nintendo_3DS_D-pad_Replacement/step09_1.jpg	https://guide-images.cdn.ifixit.com/igi/avCvIWYWgJyNbmBI.large	David Hodson	https://www.ifixit.com/Guide/Nintendo+3DS+D-pad+Replacement/6087
6087	Nintendo 3DS D-pad Replacement	Nintendo 3DS	9	2	Nintendo_3DS/6087_Nintendo_3DS_D-pad_Replacement/step09_2.jpg	https://guide-images.cdn.ifixit.com/igi/pYrbGImK2u45deHC.large	David Hodson	https://www.ifixit.com/Guide/Nintendo+3DS+D-pad+Replacement/6087
6087	Nintendo 3DS D-pad Replacement	Nintendo 3DS	10	1	Nintendo_3DS/6087_Nintendo_3DS_D-pad_Replacement/step10_1.jpg	https://guide-images.cdn.ifixit.com/igi/KjtBrbEaOGvLPWcX.large	David Hodson	https://www.ifixit.com/Guide/Nintendo+3DS+D-pad+Replacement/6087
6087	Nintendo 3DS D-pad Replacement	Nintendo 3DS	11	1	Nintendo_3DS/6087_Nintendo_3DS_D-pad_Replacement/step11_1.jpg	https://guide-images.cdn.ifixit.com/igi/UF24JkJiQnIFyP6B.large	David Hodson	https://www.ifixit.com/Guide/Nintendo+3DS+D-pad+Replacement/6087
6087	Nintendo 3DS D-pad Replacement	Nintendo 3DS	11	2	Nintendo_3DS/6087_Nintendo_3DS_D-pad_Replacement/step11_2.jpg	https://guide-images.cdn.ifixit.com/igi/auwosXvOBdHtWtKv.large	David Hodson	https://www.ifixit.com/Guide/Nintendo+3DS+D-pad+Replacement/6087
6087	Nintendo 3DS D-pad Replacement	Nintendo 3DS	12	1	Nintendo_3DS/6087_Nintendo_3DS_D-pad_Replacement/step12_1.jpg	https://guide-images.cdn.ifixit.com/igi/dqVaYcHR1MgDcmdV.large	David Hodson	https://www.ifixit.com/Guide/Nintendo+3DS+D-pad+Replacement/6087
6087	Nintendo 3DS D-pad Replacement	Nintendo 3DS	12	2	Nintendo_3DS/6087_Nintendo_3DS_D-pad_Replacement/step12_2.jpg	https://guide-images.cdn.ifixit.com/igi/2VMuJYwG2iUrEsLA.large	David Hodson	https://www.ifixit.com/Guide/Nintendo+3DS+D-pad+Replacement/6087
6087	Nintendo 3DS D-pad Replacement	Nintendo 3DS	12	3	Nintendo_3DS/6087_Nintendo_3DS_D-pad_Replacement/step12_3.jpg	https://guide-images.cdn.ifixit.com/igi/jtGmtOcX1IDoOXDA.large	David Hodson	https://www.ifixit.com/Guide/Nintendo+3DS+D-pad+Replacement/6087
6087	Nintendo 3DS D-pad Replacement	Nintendo 3DS	13	1	Nintendo_3DS/6087_Nintendo_3DS_D-pad_Replacement/step13_1.jpg	https://guide-images.cdn.ifixit.com/igi/jBrYqTnBuAuWfLxA.large	David Hodson	https://www.ifixit.com/Guide/Nintendo+3DS+D-pad+Replacement/6087
6087	Nintendo 3DS D-pad Replacement	Nintendo 3DS	13	2	Nintendo_3DS/6087_Nintendo_3DS_D-pad_Replacement/step13_2.jpg	https://guide-images.cdn.ifixit.com/igi/VovJlB5sgUp3CMYO.large	David Hodson	https://www.ifixit.com/Guide/Nintendo+3DS+D-pad+Replacement/6087
6087	Nintendo 3DS D-pad Replacement	Nintendo 3DS	14	1	Nintendo_3DS/6087_Nintendo_3DS_D-pad_Replacement/step14_1.jpg	https://guide-images.cdn.ifixit.com/igi/SraCcIwGIBJJAuAp.large	David Hodson	https://www.ifixit.com/Guide/Nintendo+3DS+D-pad+Replacement/6087
6087	Nintendo 3DS D-pad Replacement	Nintendo 3DS	14	2	Nintendo_3DS/6087_Nintendo_3DS_D-pad_Replacement/step14_2.jpg	https://guide-images.cdn.ifixit.com/igi/LY3YrJcYkPo5gP6C.large	David Hodson	https://www.ifixit.com/Guide/Nintendo+3DS+D-pad+Replacement/6087
6087	Nintendo 3DS D-pad Replacement	Nintendo 3DS	14	3	Nintendo_3DS/6087_Nintendo_3DS_D-pad_Replacement/step14_3.jpg	https://guide-images.cdn.ifixit.com/igi/EAUNvpGX54AVCRTt.large	David Hodson	https://www.ifixit.com/Guide/Nintendo+3DS+D-pad+Replacement/6087
6087	Nintendo 3DS D-pad Replacement	Nintendo 3DS	15	1	Nintendo_3DS/6087_Nintendo_3DS_D-pad_Replacement/step15_1.jpg	https://guide-images.cdn.ifixit.com/igi/GvmVFKYnXCf4Ad2y.large	David Hodson	https://www.ifixit.com/Guide/Nintendo+3DS+D-pad+Replacement/6087
6087	Nintendo 3DS D-pad Replacement	Nintendo 3DS	15	2	Nintendo_3DS/6087_Nintendo_3DS_D-pad_Replacement/step15_2.jpg	https://guide-images.cdn.ifixit.com/igi/LZS3t4NaRFTpclGb.large	David Hodson	https://www.ifixit.com/Guide/Nintendo+3DS+D-pad+Replacement/6087
6087	Nintendo 3DS D-pad Replacement	Nintendo 3DS	16	1	Nintendo_3DS/6087_Nintendo_3DS_D-pad_Replacement/step16_1.jpg	https://guide-images.cdn.ifixit.com/igi/25ZFGvrIiHhJpHNJ.large	David Hodson	https://www.ifixit.com/Guide/Nintendo+3DS+D-pad+Replacement/6087
6087	Nintendo 3DS D-pad Replacement	Nintendo 3DS	16	2	Nintendo_3DS/6087_Nintendo_3DS_D-pad_Replacement/step16_2.jpg	https://guide-images.cdn.ifixit.com/igi/i4evTtTHPCBFDRMB.large	David Hodson	https://www.ifixit.com/Guide/Nintendo+3DS+D-pad+Replacement/6087
6087	Nintendo 3DS D-pad Replacement	Nintendo 3DS	16	3	Nintendo_3DS/6087_Nintendo_3DS_D-pad_Replacement/step16_3.jpg	https://guide-images.cdn.ifixit.com/igi/yNVXTtRLBpMiK2pb.large	David Hodson	https://www.ifixit.com/Guide/Nintendo+3DS+D-pad+Replacement/6087
6087	Nintendo 3DS D-pad Replacement	Nintendo 3DS	17	1	Nintendo_3DS/6087_Nintendo_3DS_D-pad_Replacement/step17_1.jpg	https://guide-images.cdn.ifixit.com/igi/yOUm6AVnsyNl2Kxx.large	David Hodson	https://www.ifixit.com/Guide/Nintendo+3DS+D-pad+Replacement/6087
6087	Nintendo 3DS D-pad Replacement	Nintendo 3DS	17	2	Nintendo_3DS/6087_Nintendo_3DS_D-pad_Replacement/step17_2.jpg	https://guide-images.cdn.ifixit.com/igi/c2ae6fi3IwlqKoxX.large	David Hodson	https://www.ifixit.com/Guide/Nintendo+3DS+D-pad+Replacement/6087
6087	Nintendo 3DS D-pad Replacement	Nintendo 3DS	18	1	Nintendo_3DS/6087_Nintendo_3DS_D-pad_Replacement/step18_1.jpg	https://guide-images.cdn.ifixit.com/igi/EmLwpIWMHAUXlKcg.large	David Hodson	https://www.ifixit.com/Guide/Nintendo+3DS+D-pad+Replacement/6087
6087	Nintendo 3DS D-pad Replacement	Nintendo 3DS	18	2	Nintendo_3DS/6087_Nintendo_3DS_D-pad_Replacement/step18_2.jpg	https://guide-images.cdn.ifixit.com/igi/IXUQYqG1gyvxYgwe.large	David Hodson	https://www.ifixit.com/Guide/Nintendo+3DS+D-pad+Replacement/6087
6087	Nintendo 3DS D-pad Replacement	Nintendo 3DS	18	3	Nintendo_3DS/6087_Nintendo_3DS_D-pad_Replacement/step18_3.jpg	https://guide-images.cdn.ifixit.com/igi/1kuDOCEI4UjfOZIM.large	David Hodson	https://www.ifixit.com/Guide/Nintendo+3DS+D-pad+Replacement/6087
6087	Nintendo 3DS D-pad Replacement	Nintendo 3DS	19	1	Nintendo_3DS/6087_Nintendo_3DS_D-pad_Replacement/step19_1.jpg	https://guide-images.cdn.ifixit.com/igi/mvScsefxXqHAGBLm.large	David Hodson	https://www.ifixit.com/Guide/Nintendo+3DS+D-pad+Replacement/6087
6087	Nintendo 3DS D-pad Replacement	Nintendo 3DS	19	2	Nintendo_3DS/6087_Nintendo_3DS_D-pad_Replacement/step19_2.jpg	https://guide-images.cdn.ifixit.com/igi/oGpw5HroZQgNsU1M.large	David Hodson	https://www.ifixit.com/Guide/Nintendo+3DS+D-pad+Replacement/6087
6087	Nintendo 3DS D-pad Replacement	Nintendo 3DS	19	3	Nintendo_3DS/6087_Nintendo_3DS_D-pad_Replacement/step19_3.jpg	https://guide-images.cdn.ifixit.com/igi/5MMDGphdb1IVdyhn.large	David Hodson	https://www.ifixit.com/Guide/Nintendo+3DS+D-pad+Replacement/6087
6087	Nintendo 3DS D-pad Replacement	Nintendo 3DS	20	1	Nintendo_3DS/6087_Nintendo_3DS_D-pad_Replacement/step20_1.jpg	https://guide-images.cdn.ifixit.com/igi/Ql2QL1iOEaeAbBlw.large	David Hodson	https://www.ifixit.com/Guide/Nintendo+3DS+D-pad+Replacement/6087
6087	Nintendo 3DS D-pad Replacement	Nintendo 3DS	21	1	Nintendo_3DS/6087_Nintendo_3DS_D-pad_Replacement/step21_1.jpg	https://guide-images.cdn.ifixit.com/igi/KTDxLnSj3meVO5XA.large	David Hodson	https://www.ifixit.com/Guide/Nintendo+3DS+D-pad+Replacement/6087
6087	Nintendo 3DS D-pad Replacement	Nintendo 3DS	22	1	Nintendo_3DS/6087_Nintendo_3DS_D-pad_Replacement/step22_1.jpg	https://guide-images.cdn.ifixit.com/igi/tuHAdnECdnVCGbFH.large	David Hodson	https://www.ifixit.com/Guide/Nintendo+3DS+D-pad+Replacement/6087
6087	Nintendo 3DS D-pad Replacement	Nintendo 3DS	22	2	Nintendo_3DS/6087_Nintendo_3DS_D-pad_Replacement/step22_2.jpg	https://guide-images.cdn.ifixit.com/igi/lhTTJsQXXInfiBRF.large	David Hodson	https://www.ifixit.com/Guide/Nintendo+3DS+D-pad+Replacement/6087
6088	Nintendo 3DS Upper Display Assembly Replacement	Nintendo 3DS	1	1	Nintendo_3DS/6088_Nintendo_3DS_Upper_Display_Assembly_Replacement/step01_1.jpg	https://guide-images.cdn.ifixit.com/igi/YUyZkdPHGQjmdG1f.large	David Hodson	https://www.ifixit.com/Guide/Nintendo+3DS+Upper+Display+Assembly+Replacement/6088
6088	Nintendo 3DS Upper Display Assembly Replacement	Nintendo 3DS	2	1	Nintendo_3DS/6088_Nintendo_3DS_Upper_Display_Assembly_Replacement/step02_1.jpg	https://guide-images.cdn.ifixit.com/igi/ARwecy62kkQBvNdX.large	David Hodson	https://www.ifixit.com/Guide/Nintendo+3DS+Upper+Display+Assembly+Replacement/6088
6088	Nintendo 3DS Upper Display Assembly Replacement	Nintendo 3DS	2	2	Nintendo_3DS/6088_Nintendo_3DS_Upper_Display_Assembly_Replacement/step02_2.jpg	https://guide-images.cdn.ifixit.com/igi/hrbYeYIJ1f2FcAZW.large	David Hodson	https://www.ifixit.com/Guide/Nintendo+3DS+Upper+Display+Assembly+Replacement/6088
6088	Nintendo 3DS Upper Display Assembly Replacement	Nintendo 3DS	2	3	Nintendo_3DS/6088_Nintendo_3DS_Upper_Display_Assembly_Replacement/step02_3.jpg	https://guide-images.cdn.ifixit.com/igi/emHxSLPovUdP1cHq.large	David Hodson	https://www.ifixit.com/Guide/Nintendo+3DS+Upper+Display+Assembly+Replacement/6088
6088	Nintendo 3DS Upper Display Assembly Replacement	Nintendo 3DS	3	1	Nintendo_3DS/6088_Nintendo_3DS_Upper_Display_Assembly_Replacement/step03_1.jpg	https://guide-images.cdn.ifixit.com/igi/LssuoXDWZThkASXQ.large	David Hodson	https://www.ifixit.com/Guide/Nintendo+3DS+Upper+Display+Assembly+Replacement/6088
6088	Nintendo 3DS Upper Display Assembly Replacement	Nintendo 3DS	3	2	Nintendo_3DS/6088_Nintendo_3DS_Upper_Display_Assembly_Replacement/step03_2.jpg	https://guide-images.cdn.ifixit.com/igi/hphARWRxKARcNXAU.large	David Hodson	https://www.ifixit.com/Guide/Nintendo+3DS+Upper+Display+Assembly+Replacement/6088
6088	Nintendo 3DS Upper Display Assembly Replacement	Nintendo 3DS	3	3	Nintendo_3DS/6088_Nintendo_3DS_Upper_Display_Assembly_Replacement/step03_3.jpg	https://guide-images.cdn.ifixit.com/igi/v3OK1UBgXi5CHRIU.large	David Hodson	https://www.ifixit.com/Guide/Nintendo+3DS+Upper+Display+Assembly+Replacement/6088
6174	Nintendo 3DS Speaker Assembly Replacement	Nintendo 3DS	1	1	Nintendo_3DS/6174_Nintendo_3DS_Speaker_Assembly_Replacement/step01_1.jpg	https://guide-images.cdn.ifixit.com/igi/ITwcDRVYSfefXdaR.large	David Hodson	https://www.ifixit.com/Guide/Nintendo+3DS+Speaker+Assembly+Replacement/6174
6174	Nintendo 3DS Speaker Assembly Replacement	Nintendo 3DS	2	1	Nintendo_3DS/6174_Nintendo_3DS_Speaker_Assembly_Replacement/step02_1.jpg	https://guide-images.cdn.ifixit.com/igi/WujDe4xE4eI3tHJg.large	David Hodson	https://www.ifixit.com/Guide/Nintendo+3DS+Speaker+Assembly+Replacement/6174
6174	Nintendo 3DS Speaker Assembly Replacement	Nintendo 3DS	2	2	Nintendo_3DS/6174_Nintendo_3DS_Speaker_Assembly_Replacement/step02_2.jpg	https://guide-images.cdn.ifixit.com/igi/jc1ysoaDZCIw2TEj.large	David Hodson	https://www.ifixit.com/Guide/Nintendo+3DS+Speaker+Assembly+Replacement/6174
6174	Nintendo 3DS Speaker Assembly Replacement	Nintendo 3DS	3	1	Nintendo_3DS/6174_Nintendo_3DS_Speaker_Assembly_Replacement/step03_1.jpg	https://guide-images.cdn.ifixit.com/igi/dpUdpUimvCFfqOw1.large	David Hodson	https://www.ifixit.com/Guide/Nintendo+3DS+Speaker+Assembly+Replacement/6174
6174	Nintendo 3DS Speaker Assembly Replacement	Nintendo 3DS	3	2	Nintendo_3DS/6174_Nintendo_3DS_Speaker_Assembly_Replacement/step03_2.jpg	https://guide-images.cdn.ifixit.com/igi/lnBikT41fiBvcLcS.large	David Hodson	https://www.ifixit.com/Guide/Nintendo+3DS+Speaker+Assembly+Replacement/6174
6174	Nintendo 3DS Speaker Assembly Replacement	Nintendo 3DS	3	3	Nintendo_3DS/6174_Nintendo_3DS_Speaker_Assembly_Replacement/step03_3.jpg	https://guide-images.cdn.ifixit.com/igi/veZLHretTgIkbLcI.large	David Hodson	https://www.ifixit.com/Guide/Nintendo+3DS+Speaker+Assembly+Replacement/6174
6174	Nintendo 3DS Speaker Assembly Replacement	Nintendo 3DS	4	1	Nintendo_3DS/6174_Nintendo_3DS_Speaker_Assembly_Replacement/step04_1.jpg	https://guide-images.cdn.ifixit.com/igi/BkJd3OSBpy1Rvikh.large	David Hodson	https://www.ifixit.com/Guide/Nintendo+3DS+Speaker+Assembly+Replacement/6174
6174	Nintendo 3DS Speaker Assembly Replacement	Nintendo 3DS	5	1	Nintendo_3DS/6174_Nintendo_3DS_Speaker_Assembly_Replacement/step05_1.jpg	https://guide-images.cdn.ifixit.com/igi/S3qgP6SxRRPY5IxB.large	David Hodson	https://www.ifixit.com/Guide/Nintendo+3DS+Speaker+Assembly+Replacement/6174
6174	Nintendo 3DS Speaker Assembly Replacement	Nintendo 3DS	5	2	Nintendo_3DS/6174_Nintendo_3DS_Speaker_Assembly_Replacement/step05_2.jpg	https://guide-images.cdn.ifixit.com/igi/HILuUcmesyZeEmtm.large	David Hodson	https://www.ifixit.com/Guide/Nintendo+3DS+Speaker+Assembly+Replacement/6174
6174	Nintendo 3DS Speaker Assembly Replacement	Nintendo 3DS	5	3	Nintendo_3DS/6174_Nintendo_3DS_Speaker_Assembly_Replacement/step05_3.jpg	https://guide-images.cdn.ifixit.com/igi/jwM1ceschy1xdwE3.large	David Hodson	https://www.ifixit.com/Guide/Nintendo+3DS+Speaker+Assembly+Replacement/6174
6174	Nintendo 3DS Speaker Assembly Replacement	Nintendo 3DS	6	1	Nintendo_3DS/6174_Nintendo_3DS_Speaker_Assembly_Replacement/step06_1.jpg	https://guide-images.cdn.ifixit.com/igi/WciIxkCGqqeSwjDE.large	David Hodson	https://www.ifixit.com/Guide/Nintendo+3DS+Speaker+Assembly+Replacement/6174
6174	Nintendo 3DS Speaker Assembly Replacement	Nintendo 3DS	7	1	Nintendo_3DS/6174_Nintendo_3DS_Speaker_Assembly_Replacement/step07_1.jpg	https://guide-images.cdn.ifixit.com/igi/bMBnFDhOIiWPDfD6.large	David Hodson	https://www.ifixit.com/Guide/Nintendo+3DS+Speaker+Assembly+Replacement/6174
6174	Nintendo 3DS Speaker Assembly Replacement	Nintendo 3DS	7	2	Nintendo_3DS/6174_Nintendo_3DS_Speaker_Assembly_Replacement/step07_2.jpg	https://guide-images.cdn.ifixit.com/igi/E4TVtF3ttsxMSdVm.large	David Hodson	https://www.ifixit.com/Guide/Nintendo+3DS+Speaker+Assembly+Replacement/6174
6174	Nintendo 3DS Speaker Assembly Replacement	Nintendo 3DS	7	3	Nintendo_3DS/6174_Nintendo_3DS_Speaker_Assembly_Replacement/step07_3.jpg	https://guide-images.cdn.ifixit.com/igi/X2gZcTXBxZmTrD5t.large	David Hodson	https://www.ifixit.com/Guide/Nintendo+3DS+Speaker+Assembly+Replacement/6174
6174	Nintendo 3DS Speaker Assembly Replacement	Nintendo 3DS	8	1	Nintendo_3DS/6174_Nintendo_3DS_Speaker_Assembly_Replacement/step08_1.jpg	https://guide-images.cdn.ifixit.com/igi/IKPPuB5DIoRiDx2E.large	David Hodson	https://www.ifixit.com/Guide/Nintendo+3DS+Speaker+Assembly+Replacement/6174
6174	Nintendo 3DS Speaker Assembly Replacement	Nintendo 3DS	8	2	Nintendo_3DS/6174_Nintendo_3DS_Speaker_Assembly_Replacement/step08_2.jpg	https://guide-images.cdn.ifixit.com/igi/SLSbhMgUFDj5mMLx.large	David Hodson	https://www.ifixit.com/Guide/Nintendo+3DS+Speaker+Assembly+Replacement/6174
6174	Nintendo 3DS Speaker Assembly Replacement	Nintendo 3DS	8	3	Nintendo_3DS/6174_Nintendo_3DS_Speaker_Assembly_Replacement/step08_3.jpg	https://guide-images.cdn.ifixit.com/igi/aoqcp6SgbWFZPOht.large	David Hodson	https://www.ifixit.com/Guide/Nintendo+3DS+Speaker+Assembly+Replacement/6174
6174	Nintendo 3DS Speaker Assembly Replacement	Nintendo 3DS	9	1	Nintendo_3DS/6174_Nintendo_3DS_Speaker_Assembly_Replacement/step09_1.jpg	https://guide-images.cdn.ifixit.com/igi/avCvIWYWgJyNbmBI.large	David Hodson	https://www.ifixit.com/Guide/Nintendo+3DS+Speaker+Assembly+Replacement/6174
6174	Nintendo 3DS Speaker Assembly Replacement	Nintendo 3DS	9	2	Nintendo_3DS/6174_Nintendo_3DS_Speaker_Assembly_Replacement/step09_2.jpg	https://guide-images.cdn.ifixit.com/igi/pYrbGImK2u45deHC.large	David Hodson	https://www.ifixit.com/Guide/Nintendo+3DS+Speaker+Assembly+Replacement/6174
6174	Nintendo 3DS Speaker Assembly Replacement	Nintendo 3DS	10	1	Nintendo_3DS/6174_Nintendo_3DS_Speaker_Assembly_Replacement/step10_1.jpg	https://guide-images.cdn.ifixit.com/igi/KjtBrbEaOGvLPWcX.large	David Hodson	https://www.ifixit.com/Guide/Nintendo+3DS+Speaker+Assembly+Replacement/6174
6174	Nintendo 3DS Speaker Assembly Replacement	Nintendo 3DS	11	1	Nintendo_3DS/6174_Nintendo_3DS_Speaker_Assembly_Replacement/step11_1.jpg	https://guide-images.cdn.ifixit.com/igi/UF24JkJiQnIFyP6B.large	David Hodson	https://www.ifixit.com/Guide/Nintendo+3DS+Speaker+Assembly+Replacement/6174
6174	Nintendo 3DS Speaker Assembly Replacement	Nintendo 3DS	11	2	Nintendo_3DS/6174_Nintendo_3DS_Speaker_Assembly_Replacement/step11_2.jpg	https://guide-images.cdn.ifixit.com/igi/auwosXvOBdHtWtKv.large	David Hodson	https://www.ifixit.com/Guide/Nintendo+3DS+Speaker+Assembly+Replacement/6174
6174	Nintendo 3DS Speaker Assembly Replacement	Nintendo 3DS	12	1	Nintendo_3DS/6174_Nintendo_3DS_Speaker_Assembly_Replacement/step12_1.jpg	https://guide-images.cdn.ifixit.com/igi/dqVaYcHR1MgDcmdV.large	David Hodson	https://www.ifixit.com/Guide/Nintendo+3DS+Speaker+Assembly+Replacement/6174
6174	Nintendo 3DS Speaker Assembly Replacement	Nintendo 3DS	12	2	Nintendo_3DS/6174_Nintendo_3DS_Speaker_Assembly_Replacement/step12_2.jpg	https://guide-images.cdn.ifixit.com/igi/2VMuJYwG2iUrEsLA.large	David Hodson	https://www.ifixit.com/Guide/Nintendo+3DS+Speaker+Assembly+Replacement/6174
6174	Nintendo 3DS Speaker Assembly Replacement	Nintendo 3DS	12	3	Nintendo_3DS/6174_Nintendo_3DS_Speaker_Assembly_Replacement/step12_3.jpg	https://guide-images.cdn.ifixit.com/igi/jtGmtOcX1IDoOXDA.large	David Hodson	https://www.ifixit.com/Guide/Nintendo+3DS+Speaker+Assembly+Replacement/6174
6174	Nintendo 3DS Speaker Assembly Replacement	Nintendo 3DS	13	1	Nintendo_3DS/6174_Nintendo_3DS_Speaker_Assembly_Replacement/step13_1.jpg	https://guide-images.cdn.ifixit.com/igi/jBrYqTnBuAuWfLxA.large	David Hodson	https://www.ifixit.com/Guide/Nintendo+3DS+Speaker+Assembly+Replacement/6174
6174	Nintendo 3DS Speaker Assembly Replacement	Nintendo 3DS	13	2	Nintendo_3DS/6174_Nintendo_3DS_Speaker_Assembly_Replacement/step13_2.jpg	https://guide-images.cdn.ifixit.com/igi/VovJlB5sgUp3CMYO.large	David Hodson	https://www.ifixit.com/Guide/Nintendo+3DS+Speaker+Assembly+Replacement/6174
6174	Nintendo 3DS Speaker Assembly Replacement	Nintendo 3DS	14	1	Nintendo_3DS/6174_Nintendo_3DS_Speaker_Assembly_Replacement/step14_1.jpg	https://guide-images.cdn.ifixit.com/igi/SraCcIwGIBJJAuAp.large	David Hodson	https://www.ifixit.com/Guide/Nintendo+3DS+Speaker+Assembly+Replacement/6174
6174	Nintendo 3DS Speaker Assembly Replacement	Nintendo 3DS	14	2	Nintendo_3DS/6174_Nintendo_3DS_Speaker_Assembly_Replacement/step14_2.jpg	https://guide-images.cdn.ifixit.com/igi/LY3YrJcYkPo5gP6C.large	David Hodson	https://www.ifixit.com/Guide/Nintendo+3DS+Speaker+Assembly+Replacement/6174
6174	Nintendo 3DS Speaker Assembly Replacement	Nintendo 3DS	14	3	Nintendo_3DS/6174_Nintendo_3DS_Speaker_Assembly_Replacement/step14_3.jpg	https://guide-images.cdn.ifixit.com/igi/EAUNvpGX54AVCRTt.large	David Hodson	https://www.ifixit.com/Guide/Nintendo+3DS+Speaker+Assembly+Replacement/6174
6174	Nintendo 3DS Speaker Assembly Replacement	Nintendo 3DS	15	1	Nintendo_3DS/6174_Nintendo_3DS_Speaker_Assembly_Replacement/step15_1.jpg	https://guide-images.cdn.ifixit.com/igi/GvmVFKYnXCf4Ad2y.large	David Hodson	https://www.ifixit.com/Guide/Nintendo+3DS+Speaker+Assembly+Replacement/6174
6174	Nintendo 3DS Speaker Assembly Replacement	Nintendo 3DS	15	2	Nintendo_3DS/6174_Nintendo_3DS_Speaker_Assembly_Replacement/step15_2.jpg	https://guide-images.cdn.ifixit.com/igi/LZS3t4NaRFTpclGb.large	David Hodson	https://www.ifixit.com/Guide/Nintendo+3DS+Speaker+Assembly+Replacement/6174
6174	Nintendo 3DS Speaker Assembly Replacement	Nintendo 3DS	16	1	Nintendo_3DS/6174_Nintendo_3DS_Speaker_Assembly_Replacement/step16_1.jpg	https://guide-images.cdn.ifixit.com/igi/25ZFGvrIiHhJpHNJ.large	David Hodson	https://www.ifixit.com/Guide/Nintendo+3DS+Speaker+Assembly+Replacement/6174
6174	Nintendo 3DS Speaker Assembly Replacement	Nintendo 3DS	16	2	Nintendo_3DS/6174_Nintendo_3DS_Speaker_Assembly_Replacement/step16_2.jpg	https://guide-images.cdn.ifixit.com/igi/i4evTtTHPCBFDRMB.large	David Hodson	https://www.ifixit.com/Guide/Nintendo+3DS+Speaker+Assembly+Replacement/6174
6174	Nintendo 3DS Speaker Assembly Replacement	Nintendo 3DS	16	3	Nintendo_3DS/6174_Nintendo_3DS_Speaker_Assembly_Replacement/step16_3.jpg	https://guide-images.cdn.ifixit.com/igi/yNVXTtRLBpMiK2pb.large	David Hodson	https://www.ifixit.com/Guide/Nintendo+3DS+Speaker+Assembly+Replacement/6174
6174	Nintendo 3DS Speaker Assembly Replacement	Nintendo 3DS	17	1	Nintendo_3DS/6174_Nintendo_3DS_Speaker_Assembly_Replacement/step17_1.jpg	https://guide-images.cdn.ifixit.com/igi/yOUm6AVnsyNl2Kxx.large	David Hodson	https://www.ifixit.com/Guide/Nintendo+3DS+Speaker+Assembly+Replacement/6174
6174	Nintendo 3DS Speaker Assembly Replacement	Nintendo 3DS	17	2	Nintendo_3DS/6174_Nintendo_3DS_Speaker_Assembly_Replacement/step17_2.jpg	https://guide-images.cdn.ifixit.com/igi/c2ae6fi3IwlqKoxX.large	David Hodson	https://www.ifixit.com/Guide/Nintendo+3DS+Speaker+Assembly+Replacement/6174
6174	Nintendo 3DS Speaker Assembly Replacement	Nintendo 3DS	18	1	Nintendo_3DS/6174_Nintendo_3DS_Speaker_Assembly_Replacement/step18_1.jpg	https://guide-images.cdn.ifixit.com/igi/EmLwpIWMHAUXlKcg.large	David Hodson	https://www.ifixit.com/Guide/Nintendo+3DS+Speaker+Assembly+Replacement/6174
6174	Nintendo 3DS Speaker Assembly Replacement	Nintendo 3DS	18	2	Nintendo_3DS/6174_Nintendo_3DS_Speaker_Assembly_Replacement/step18_2.jpg	https://guide-images.cdn.ifixit.com/igi/IXUQYqG1gyvxYgwe.large	David Hodson	https://www.ifixit.com/Guide/Nintendo+3DS+Speaker+Assembly+Replacement/6174
6174	Nintendo 3DS Speaker Assembly Replacement	Nintendo 3DS	18	3	Nintendo_3DS/6174_Nintendo_3DS_Speaker_Assembly_Replacement/step18_3.jpg	https://guide-images.cdn.ifixit.com/igi/1kuDOCEI4UjfOZIM.large	David Hodson	https://www.ifixit.com/Guide/Nintendo+3DS+Speaker+Assembly+Replacement/6174
6174	Nintendo 3DS Speaker Assembly Replacement	Nintendo 3DS	19	1	Nintendo_3DS/6174_Nintendo_3DS_Speaker_Assembly_Replacement/step19_1.jpg	https://guide-images.cdn.ifixit.com/igi/mvScsefxXqHAGBLm.large	David Hodson	https://www.ifixit.com/Guide/Nintendo+3DS+Speaker+Assembly+Replacement/6174
6174	Nintendo 3DS Speaker Assembly Replacement	Nintendo 3DS	19	2	Nintendo_3DS/6174_Nintendo_3DS_Speaker_Assembly_Replacement/step19_2.jpg	https://guide-images.cdn.ifixit.com/igi/oGpw5HroZQgNsU1M.large	David Hodson	https://www.ifixit.com/Guide/Nintendo+3DS+Speaker+Assembly+Replacement/6174
6174	Nintendo 3DS Speaker Assembly Replacement	Nintendo 3DS	19	3	Nintendo_3DS/6174_Nintendo_3DS_Speaker_Assembly_Replacement/step19_3.jpg	https://guide-images.cdn.ifixit.com/igi/5MMDGphdb1IVdyhn.large	David Hodson	https://www.ifixit.com/Guide/Nintendo+3DS+Speaker+Assembly+Replacement/6174
6174	Nintendo 3DS Speaker Assembly Replacement	Nintendo 3DS	20	1	Nintendo_3DS/6174_Nintendo_3DS_Speaker_Assembly_Replacement/step20_1.jpg	https://guide-images.cdn.ifixit.com/igi/Ql2QL1iOEaeAbBlw.large	David Hodson	https://www.ifixit.com/Guide/Nintendo+3DS+Speaker+Assembly+Replacement/6174
6174	Nintendo 3DS Speaker Assembly Replacement	Nintendo 3DS	21	1	Nintendo_3DS/6174_Nintendo_3DS_Speaker_Assembly_Replacement/step21_1.jpg	https://guide-images.cdn.ifixit.com/igi/GQ4uJdtZuSTWU1Mg.large	David Hodson	https://www.ifixit.com/Guide/Nintendo+3DS+Speaker+Assembly+Replacement/6174
6174	Nintendo 3DS Speaker Assembly Replacement	Nintendo 3DS	22	1	Nintendo_3DS/6174_Nintendo_3DS_Speaker_Assembly_Replacement/step22_1.jpg	https://guide-images.cdn.ifixit.com/igi/QsISUGQUwDpkEOfn.large	David Hodson	https://www.ifixit.com/Guide/Nintendo+3DS+Speaker+Assembly+Replacement/6174
6174	Nintendo 3DS Speaker Assembly Replacement	Nintendo 3DS	22	2	Nintendo_3DS/6174_Nintendo_3DS_Speaker_Assembly_Replacement/step22_2.jpg	https://guide-images.cdn.ifixit.com/igi/PWhSLxvHRCKWOiUk.large	David Hodson	https://www.ifixit.com/Guide/Nintendo+3DS+Speaker+Assembly+Replacement/6174
6174	Nintendo 3DS Speaker Assembly Replacement	Nintendo 3DS	23	1	Nintendo_3DS/6174_Nintendo_3DS_Speaker_Assembly_Replacement/step23_1.jpg	https://guide-images.cdn.ifixit.com/igi/l52JVfBDIG53aUlr.large	David Hodson	https://www.ifixit.com/Guide/Nintendo+3DS+Speaker+Assembly+Replacement/6174
6174	Nintendo 3DS Speaker Assembly Replacement	Nintendo 3DS	23	2	Nintendo_3DS/6174_Nintendo_3DS_Speaker_Assembly_Replacement/step23_2.jpg	https://guide-images.cdn.ifixit.com/igi/YVXZqAQhGMQgCGHq.large	David Hodson	https://www.ifixit.com/Guide/Nintendo+3DS+Speaker+Assembly+Replacement/6174
6174	Nintendo 3DS Speaker Assembly Replacement	Nintendo 3DS	24	1	Nintendo_3DS/6174_Nintendo_3DS_Speaker_Assembly_Replacement/step24_1.jpg	https://guide-images.cdn.ifixit.com/igi/CcUHZWacehpZhwuv.large	David Hodson	https://www.ifixit.com/Guide/Nintendo+3DS+Speaker+Assembly+Replacement/6174
6174	Nintendo 3DS Speaker Assembly Replacement	Nintendo 3DS	24	2	Nintendo_3DS/6174_Nintendo_3DS_Speaker_Assembly_Replacement/step24_2.jpg	https://guide-images.cdn.ifixit.com/igi/ergZRkKDRqL4NaO2.large	David Hodson	https://www.ifixit.com/Guide/Nintendo+3DS+Speaker+Assembly+Replacement/6174
6174	Nintendo 3DS Speaker Assembly Replacement	Nintendo 3DS	25	1	Nintendo_3DS/6174_Nintendo_3DS_Speaker_Assembly_Replacement/step25_1.jpg	https://guide-images.cdn.ifixit.com/igi/vBXZXoIEb1MAw6nC.large	David Hodson	https://www.ifixit.com/Guide/Nintendo+3DS+Speaker+Assembly+Replacement/6174
6174	Nintendo 3DS Speaker Assembly Replacement	Nintendo 3DS	25	2	Nintendo_3DS/6174_Nintendo_3DS_Speaker_Assembly_Replacement/step25_2.jpg	https://guide-images.cdn.ifixit.com/igi/SOwuAwjY5Z1RrqPE.large	David Hodson	https://www.ifixit.com/Guide/Nintendo+3DS+Speaker+Assembly+Replacement/6174
6174	Nintendo 3DS Speaker Assembly Replacement	Nintendo 3DS	26	1	Nintendo_3DS/6174_Nintendo_3DS_Speaker_Assembly_Replacement/step26_1.jpg	https://guide-images.cdn.ifixit.com/igi/3vhNiyoUUBKsRXyw.large	David Hodson	https://www.ifixit.com/Guide/Nintendo+3DS+Speaker+Assembly+Replacement/6174
6174	Nintendo 3DS Speaker Assembly Replacement	Nintendo 3DS	27	1	Nintendo_3DS/6174_Nintendo_3DS_Speaker_Assembly_Replacement/step27_1.jpg	https://guide-images.cdn.ifixit.com/igi/VJu6vq1AG5xsjxqJ.large	David Hodson	https://www.ifixit.com/Guide/Nintendo+3DS+Speaker+Assembly+Replacement/6174
6174	Nintendo 3DS Speaker Assembly Replacement	Nintendo 3DS	27	2	Nintendo_3DS/6174_Nintendo_3DS_Speaker_Assembly_Replacement/step27_2.jpg	https://guide-images.cdn.ifixit.com/igi/VgAGWPtsWHtSwJIw.large	David Hodson	https://www.ifixit.com/Guide/Nintendo+3DS+Speaker+Assembly+Replacement/6174
6174	Nintendo 3DS Speaker Assembly Replacement	Nintendo 3DS	28	1	Nintendo_3DS/6174_Nintendo_3DS_Speaker_Assembly_Replacement/step28_1.jpg	https://guide-images.cdn.ifixit.com/igi/YUyZkdPHGQjmdG1f.large	David Hodson	https://www.ifixit.com/Guide/Nintendo+3DS+Speaker+Assembly+Replacement/6174
6174	Nintendo 3DS Speaker Assembly Replacement	Nintendo 3DS	29	1	Nintendo_3DS/6174_Nintendo_3DS_Speaker_Assembly_Replacement/step29_1.jpg	https://guide-images.cdn.ifixit.com/igi/ARwecy62kkQBvNdX.large	David Hodson	https://www.ifixit.com/Guide/Nintendo+3DS+Speaker+Assembly+Replacement/6174
6174	Nintendo 3DS Speaker Assembly Replacement	Nintendo 3DS	29	2	Nintendo_3DS/6174_Nintendo_3DS_Speaker_Assembly_Replacement/step29_2.jpg	https://guide-images.cdn.ifixit.com/igi/hrbYeYIJ1f2FcAZW.large	David Hodson	https://www.ifixit.com/Guide/Nintendo+3DS+Speaker+Assembly+Replacement/6174
6174	Nintendo 3DS Speaker Assembly Replacement	Nintendo 3DS	29	3	Nintendo_3DS/6174_Nintendo_3DS_Speaker_Assembly_Replacement/step29_3.jpg	https://guide-images.cdn.ifixit.com/igi/emHxSLPovUdP1cHq.large	David Hodson	https://www.ifixit.com/Guide/Nintendo+3DS+Speaker+Assembly+Replacement/6174
6174	Nintendo 3DS Speaker Assembly Replacement	Nintendo 3DS	30	1	Nintendo_3DS/6174_Nintendo_3DS_Speaker_Assembly_Replacement/step30_1.jpg	https://guide-images.cdn.ifixit.com/igi/LssuoXDWZThkASXQ.large	David Hodson	https://www.ifixit.com/Guide/Nintendo+3DS+Speaker+Assembly+Replacement/6174
6174	Nintendo 3DS Speaker Assembly Replacement	Nintendo 3DS	30	2	Nintendo_3DS/6174_Nintendo_3DS_Speaker_Assembly_Replacement/step30_2.jpg	https://guide-images.cdn.ifixit.com/igi/hphARWRxKARcNXAU.large	David Hodson	https://www.ifixit.com/Guide/Nintendo+3DS+Speaker+Assembly+Replacement/6174
6174	Nintendo 3DS Speaker Assembly Replacement	Nintendo 3DS	30	3	Nintendo_3DS/6174_Nintendo_3DS_Speaker_Assembly_Replacement/step30_3.jpg	https://guide-images.cdn.ifixit.com/igi/v3OK1UBgXi5CHRIU.large	David Hodson	https://www.ifixit.com/Guide/Nintendo+3DS+Speaker+Assembly+Replacement/6174
6174	Nintendo 3DS Speaker Assembly Replacement	Nintendo 3DS	31	1	Nintendo_3DS/6174_Nintendo_3DS_Speaker_Assembly_Replacement/step31_1.jpg	https://guide-images.cdn.ifixit.com/igi/66d3uIMZDexSZwIC.large	David Hodson	https://www.ifixit.com/Guide/Nintendo+3DS+Speaker+Assembly+Replacement/6174
6174	Nintendo 3DS Speaker Assembly Replacement	Nintendo 3DS	31	2	Nintendo_3DS/6174_Nintendo_3DS_Speaker_Assembly_Replacement/step31_2.jpg	https://guide-images.cdn.ifixit.com/igi/2dqjXMhmsSREAIWy.large	David Hodson	https://www.ifixit.com/Guide/Nintendo+3DS+Speaker+Assembly+Replacement/6174
6174	Nintendo 3DS Speaker Assembly Replacement	Nintendo 3DS	32	1	Nintendo_3DS/6174_Nintendo_3DS_Speaker_Assembly_Replacement/step32_1.jpg	https://guide-images.cdn.ifixit.com/igi/sng12ENNQSTnpgJr.large	David Hodson	https://www.ifixit.com/Guide/Nintendo+3DS+Speaker+Assembly+Replacement/6174
6174	Nintendo 3DS Speaker Assembly Replacement	Nintendo 3DS	33	1	Nintendo_3DS/6174_Nintendo_3DS_Speaker_Assembly_Replacement/step33_1.jpg	https://guide-images.cdn.ifixit.com/igi/FDG22u42MIiidkrj.large	David Hodson	https://www.ifixit.com/Guide/Nintendo+3DS+Speaker+Assembly+Replacement/6174
6174	Nintendo 3DS Speaker Assembly Replacement	Nintendo 3DS	33	2	Nintendo_3DS/6174_Nintendo_3DS_Speaker_Assembly_Replacement/step33_2.jpg	https://guide-images.cdn.ifixit.com/igi/WYCVrLNo2GTIE52b.large	David Hodson	https://www.ifixit.com/Guide/Nintendo+3DS+Speaker+Assembly+Replacement/6174
6174	Nintendo 3DS Speaker Assembly Replacement	Nintendo 3DS	33	3	Nintendo_3DS/6174_Nintendo_3DS_Speaker_Assembly_Replacement/step33_3.jpg	https://guide-images.cdn.ifixit.com/igi/FLKgZpawlJpUFKOs.large	David Hodson	https://www.ifixit.com/Guide/Nintendo+3DS+Speaker+Assembly+Replacement/6174
6174	Nintendo 3DS Speaker Assembly Replacement	Nintendo 3DS	34	1	Nintendo_3DS/6174_Nintendo_3DS_Speaker_Assembly_Replacement/step34_1.jpg	https://guide-images.cdn.ifixit.com/igi/CVRyutJikGedTBkY.large	David Hodson	https://www.ifixit.com/Guide/Nintendo+3DS+Speaker+Assembly+Replacement/6174
6174	Nintendo 3DS Speaker Assembly Replacement	Nintendo 3DS	34	2	Nintendo_3DS/6174_Nintendo_3DS_Speaker_Assembly_Replacement/step34_2.jpg	https://guide-images.cdn.ifixit.com/igi/OQiNnCWXLP1F6SmG.large	David Hodson	https://www.ifixit.com/Guide/Nintendo+3DS+Speaker+Assembly+Replacement/6174
6174	Nintendo 3DS Speaker Assembly Replacement	Nintendo 3DS	34	3	Nintendo_3DS/6174_Nintendo_3DS_Speaker_Assembly_Replacement/step34_3.jpg	https://guide-images.cdn.ifixit.com/igi/BTRMCm3C4OZugVaY.large	David Hodson	https://www.ifixit.com/Guide/Nintendo+3DS+Speaker+Assembly+Replacement/6174
6174	Nintendo 3DS Speaker Assembly Replacement	Nintendo 3DS	35	1	Nintendo_3DS/6174_Nintendo_3DS_Speaker_Assembly_Replacement/step35_1.jpg	https://guide-images.cdn.ifixit.com/igi/UgR2YYdI5pdo6SIb.large	David Hodson	https://www.ifixit.com/Guide/Nintendo+3DS+Speaker+Assembly+Replacement/6174
6175	Nintendo 3DS Cameras Replacement	Nintendo 3DS	1	1	Nintendo_3DS/6175_Nintendo_3DS_Cameras_Replacement/step01_1.jpg	https://guide-images.cdn.ifixit.com/igi/ITwcDRVYSfefXdaR.large	David Hodson	https://www.ifixit.com/Guide/Nintendo+3DS+Cameras+Replacement/6175
6175	Nintendo 3DS Cameras Replacement	Nintendo 3DS	2	1	Nintendo_3DS/6175_Nintendo_3DS_Cameras_Replacement/step02_1.jpg	https://guide-images.cdn.ifixit.com/igi/WujDe4xE4eI3tHJg.large	David Hodson	https://www.ifixit.com/Guide/Nintendo+3DS+Cameras+Replacement/6175
6175	Nintendo 3DS Cameras Replacement	Nintendo 3DS	2	2	Nintendo_3DS/6175_Nintendo_3DS_Cameras_Replacement/step02_2.jpg	https://guide-images.cdn.ifixit.com/igi/jc1ysoaDZCIw2TEj.large	David Hodson	https://www.ifixit.com/Guide/Nintendo+3DS+Cameras+Replacement/6175
6175	Nintendo 3DS Cameras Replacement	Nintendo 3DS	3	1	Nintendo_3DS/6175_Nintendo_3DS_Cameras_Replacement/step03_1.jpg	https://guide-images.cdn.ifixit.com/igi/dpUdpUimvCFfqOw1.large	David Hodson	https://www.ifixit.com/Guide/Nintendo+3DS+Cameras+Replacement/6175
6175	Nintendo 3DS Cameras Replacement	Nintendo 3DS	3	2	Nintendo_3DS/6175_Nintendo_3DS_Cameras_Replacement/step03_2.jpg	https://guide-images.cdn.ifixit.com/igi/lnBikT41fiBvcLcS.large	David Hodson	https://www.ifixit.com/Guide/Nintendo+3DS+Cameras+Replacement/6175
6175	Nintendo 3DS Cameras Replacement	Nintendo 3DS	3	3	Nintendo_3DS/6175_Nintendo_3DS_Cameras_Replacement/step03_3.jpg	https://guide-images.cdn.ifixit.com/igi/veZLHretTgIkbLcI.large	David Hodson	https://www.ifixit.com/Guide/Nintendo+3DS+Cameras+Replacement/6175
6175	Nintendo 3DS Cameras Replacement	Nintendo 3DS	4	1	Nintendo_3DS/6175_Nintendo_3DS_Cameras_Replacement/step04_1.jpg	https://guide-images.cdn.ifixit.com/igi/BkJd3OSBpy1Rvikh.large	David Hodson	https://www.ifixit.com/Guide/Nintendo+3DS+Cameras+Replacement/6175
6175	Nintendo 3DS Cameras Replacement	Nintendo 3DS	5	1	Nintendo_3DS/6175_Nintendo_3DS_Cameras_Replacement/step05_1.jpg	https://guide-images.cdn.ifixit.com/igi/S3qgP6SxRRPY5IxB.large	David Hodson	https://www.ifixit.com/Guide/Nintendo+3DS+Cameras+Replacement/6175
6175	Nintendo 3DS Cameras Replacement	Nintendo 3DS	5	2	Nintendo_3DS/6175_Nintendo_3DS_Cameras_Replacement/step05_2.jpg	https://guide-images.cdn.ifixit.com/igi/HILuUcmesyZeEmtm.large	David Hodson	https://www.ifixit.com/Guide/Nintendo+3DS+Cameras+Replacement/6175
6175	Nintendo 3DS Cameras Replacement	Nintendo 3DS	5	3	Nintendo_3DS/6175_Nintendo_3DS_Cameras_Replacement/step05_3.jpg	https://guide-images.cdn.ifixit.com/igi/jwM1ceschy1xdwE3.large	David Hodson	https://www.ifixit.com/Guide/Nintendo+3DS+Cameras+Replacement/6175
6175	Nintendo 3DS Cameras Replacement	Nintendo 3DS	6	1	Nintendo_3DS/6175_Nintendo_3DS_Cameras_Replacement/step06_1.jpg	https://guide-images.cdn.ifixit.com/igi/WciIxkCGqqeSwjDE.large	David Hodson	https://www.ifixit.com/Guide/Nintendo+3DS+Cameras+Replacement/6175
6175	Nintendo 3DS Cameras Replacement	Nintendo 3DS	7	1	Nintendo_3DS/6175_Nintendo_3DS_Cameras_Replacement/step07_1.jpg	https://guide-images.cdn.ifixit.com/igi/bMBnFDhOIiWPDfD6.large	David Hodson	https://www.ifixit.com/Guide/Nintendo+3DS+Cameras+Replacement/6175
6175	Nintendo 3DS Cameras Replacement	Nintendo 3DS	7	2	Nintendo_3DS/6175_Nintendo_3DS_Cameras_Replacement/step07_2.jpg	https://guide-images.cdn.ifixit.com/igi/E4TVtF3ttsxMSdVm.large	David Hodson	https://www.ifixit.com/Guide/Nintendo+3DS+Cameras+Replacement/6175
6175	Nintendo 3DS Cameras Replacement	Nintendo 3DS	7	3	Nintendo_3DS/6175_Nintendo_3DS_Cameras_Replacement/step07_3.jpg	https://guide-images.cdn.ifixit.com/igi/X2gZcTXBxZmTrD5t.large	David Hodson	https://www.ifixit.com/Guide/Nintendo+3DS+Cameras+Replacement/6175
6175	Nintendo 3DS Cameras Replacement	Nintendo 3DS	8	1	Nintendo_3DS/6175_Nintendo_3DS_Cameras_Replacement/step08_1.jpg	https://guide-images.cdn.ifixit.com/igi/IKPPuB5DIoRiDx2E.large	David Hodson	https://www.ifixit.com/Guide/Nintendo+3DS+Cameras+Replacement/6175
6175	Nintendo 3DS Cameras Replacement	Nintendo 3DS	8	2	Nintendo_3DS/6175_Nintendo_3DS_Cameras_Replacement/step08_2.jpg	https://guide-images.cdn.ifixit.com/igi/SLSbhMgUFDj5mMLx.large	David Hodson	https://www.ifixit.com/Guide/Nintendo+3DS+Cameras+Replacement/6175
6175	Nintendo 3DS Cameras Replacement	Nintendo 3DS	8	3	Nintendo_3DS/6175_Nintendo_3DS_Cameras_Replacement/step08_3.jpg	https://guide-images.cdn.ifixit.com/igi/aoqcp6SgbWFZPOht.large	David Hodson	https://www.ifixit.com/Guide/Nintendo+3DS+Cameras+Replacement/6175
6175	Nintendo 3DS Cameras Replacement	Nintendo 3DS	9	1	Nintendo_3DS/6175_Nintendo_3DS_Cameras_Replacement/step09_1.jpg	https://guide-images.cdn.ifixit.com/igi/avCvIWYWgJyNbmBI.large	David Hodson	https://www.ifixit.com/Guide/Nintendo+3DS+Cameras+Replacement/6175
6175	Nintendo 3DS Cameras Replacement	Nintendo 3DS	9	2	Nintendo_3DS/6175_Nintendo_3DS_Cameras_Replacement/step09_2.jpg	https://guide-images.cdn.ifixit.com/igi/pYrbGImK2u45deHC.large	David Hodson	https://www.ifixit.com/Guide/Nintendo+3DS+Cameras+Replacement/6175
6175	Nintendo 3DS Cameras Replacement	Nintendo 3DS	10	1	Nintendo_3DS/6175_Nintendo_3DS_Cameras_Replacement/step10_1.jpg	https://guide-images.cdn.ifixit.com/igi/KjtBrbEaOGvLPWcX.large	David Hodson	https://www.ifixit.com/Guide/Nintendo+3DS+Cameras+Replacement/6175
6175	Nintendo 3DS Cameras Replacement	Nintendo 3DS	11	1	Nintendo_3DS/6175_Nintendo_3DS_Cameras_Replacement/step11_1.jpg	https://guide-images.cdn.ifixit.com/igi/UF24JkJiQnIFyP6B.large	David Hodson	https://www.ifixit.com/Guide/Nintendo+3DS+Cameras+Replacement/6175
6175	Nintendo 3DS Cameras Replacement	Nintendo 3DS	11	2	Nintendo_3DS/6175_Nintendo_3DS_Cameras_Replacement/step11_2.jpg	https://guide-images.cdn.ifixit.com/igi/auwosXvOBdHtWtKv.large	David Hodson	https://www.ifixit.com/Guide/Nintendo+3DS+Cameras+Replacement/6175
6175	Nintendo 3DS Cameras Replacement	Nintendo 3DS	12	1	Nintendo_3DS/6175_Nintendo_3DS_Cameras_Replacement/step12_1.jpg	https://guide-images.cdn.ifixit.com/igi/dqVaYcHR1MgDcmdV.large	David Hodson	https://www.ifixit.com/Guide/Nintendo+3DS+Cameras+Replacement/6175
6175	Nintendo 3DS Cameras Replacement	Nintendo 3DS	12	2	Nintendo_3DS/6175_Nintendo_3DS_Cameras_Replacement/step12_2.jpg	https://guide-images.cdn.ifixit.com/igi/2VMuJYwG2iUrEsLA.large	David Hodson	https://www.ifixit.com/Guide/Nintendo+3DS+Cameras+Replacement/6175
6175	Nintendo 3DS Cameras Replacement	Nintendo 3DS	12	3	Nintendo_3DS/6175_Nintendo_3DS_Cameras_Replacement/step12_3.jpg	https://guide-images.cdn.ifixit.com/igi/jtGmtOcX1IDoOXDA.large	David Hodson	https://www.ifixit.com/Guide/Nintendo+3DS+Cameras+Replacement/6175
6175	Nintendo 3DS Cameras Replacement	Nintendo 3DS	13	1	Nintendo_3DS/6175_Nintendo_3DS_Cameras_Replacement/step13_1.jpg	https://guide-images.cdn.ifixit.com/igi/jBrYqTnBuAuWfLxA.large	David Hodson	https://www.ifixit.com/Guide/Nintendo+3DS+Cameras+Replacement/6175
6175	Nintendo 3DS Cameras Replacement	Nintendo 3DS	13	2	Nintendo_3DS/6175_Nintendo_3DS_Cameras_Replacement/step13_2.jpg	https://guide-images.cdn.ifixit.com/igi/VovJlB5sgUp3CMYO.large	David Hodson	https://www.ifixit.com/Guide/Nintendo+3DS+Cameras+Replacement/6175
6175	Nintendo 3DS Cameras Replacement	Nintendo 3DS	14	1	Nintendo_3DS/6175_Nintendo_3DS_Cameras_Replacement/step14_1.jpg	https://guide-images.cdn.ifixit.com/igi/SraCcIwGIBJJAuAp.large	David Hodson	https://www.ifixit.com/Guide/Nintendo+3DS+Cameras+Replacement/6175
6175	Nintendo 3DS Cameras Replacement	Nintendo 3DS	14	2	Nintendo_3DS/6175_Nintendo_3DS_Cameras_Replacement/step14_2.jpg	https://guide-images.cdn.ifixit.com/igi/LY3YrJcYkPo5gP6C.large	David Hodson	https://www.ifixit.com/Guide/Nintendo+3DS+Cameras+Replacement/6175
6175	Nintendo 3DS Cameras Replacement	Nintendo 3DS	14	3	Nintendo_3DS/6175_Nintendo_3DS_Cameras_Replacement/step14_3.jpg	https://guide-images.cdn.ifixit.com/igi/EAUNvpGX54AVCRTt.large	David Hodson	https://www.ifixit.com/Guide/Nintendo+3DS+Cameras+Replacement/6175
6175	Nintendo 3DS Cameras Replacement	Nintendo 3DS	15	1	Nintendo_3DS/6175_Nintendo_3DS_Cameras_Replacement/step15_1.jpg	https://guide-images.cdn.ifixit.com/igi/GvmVFKYnXCf4Ad2y.large	David Hodson	https://www.ifixit.com/Guide/Nintendo+3DS+Cameras+Replacement/6175
6175	Nintendo 3DS Cameras Replacement	Nintendo 3DS	15	2	Nintendo_3DS/6175_Nintendo_3DS_Cameras_Replacement/step15_2.jpg	https://guide-images.cdn.ifixit.com/igi/LZS3t4NaRFTpclGb.large	David Hodson	https://www.ifixit.com/Guide/Nintendo+3DS+Cameras+Replacement/6175
6175	Nintendo 3DS Cameras Replacement	Nintendo 3DS	16	1	Nintendo_3DS/6175_Nintendo_3DS_Cameras_Replacement/step16_1.jpg	https://guide-images.cdn.ifixit.com/igi/25ZFGvrIiHhJpHNJ.large	David Hodson	https://www.ifixit.com/Guide/Nintendo+3DS+Cameras+Replacement/6175
6175	Nintendo 3DS Cameras Replacement	Nintendo 3DS	16	2	Nintendo_3DS/6175_Nintendo_3DS_Cameras_Replacement/step16_2.jpg	https://guide-images.cdn.ifixit.com/igi/i4evTtTHPCBFDRMB.large	David Hodson	https://www.ifixit.com/Guide/Nintendo+3DS+Cameras+Replacement/6175
6175	Nintendo 3DS Cameras Replacement	Nintendo 3DS	16	3	Nintendo_3DS/6175_Nintendo_3DS_Cameras_Replacement/step16_3.jpg	https://guide-images.cdn.ifixit.com/igi/yNVXTtRLBpMiK2pb.large	David Hodson	https://www.ifixit.com/Guide/Nintendo+3DS+Cameras+Replacement/6175
6175	Nintendo 3DS Cameras Replacement	Nintendo 3DS	17	1	Nintendo_3DS/6175_Nintendo_3DS_Cameras_Replacement/step17_1.jpg	https://guide-images.cdn.ifixit.com/igi/yOUm6AVnsyNl2Kxx.large	David Hodson	https://www.ifixit.com/Guide/Nintendo+3DS+Cameras+Replacement/6175
6175	Nintendo 3DS Cameras Replacement	Nintendo 3DS	17	2	Nintendo_3DS/6175_Nintendo_3DS_Cameras_Replacement/step17_2.jpg	https://guide-images.cdn.ifixit.com/igi/c2ae6fi3IwlqKoxX.large	David Hodson	https://www.ifixit.com/Guide/Nintendo+3DS+Cameras+Replacement/6175
6175	Nintendo 3DS Cameras Replacement	Nintendo 3DS	18	1	Nintendo_3DS/6175_Nintendo_3DS_Cameras_Replacement/step18_1.jpg	https://guide-images.cdn.ifixit.com/igi/EmLwpIWMHAUXlKcg.large	David Hodson	https://www.ifixit.com/Guide/Nintendo+3DS+Cameras+Replacement/6175
6175	Nintendo 3DS Cameras Replacement	Nintendo 3DS	18	2	Nintendo_3DS/6175_Nintendo_3DS_Cameras_Replacement/step18_2.jpg	https://guide-images.cdn.ifixit.com/igi/IXUQYqG1gyvxYgwe.large	David Hodson	https://www.ifixit.com/Guide/Nintendo+3DS+Cameras+Replacement/6175
6175	Nintendo 3DS Cameras Replacement	Nintendo 3DS	18	3	Nintendo_3DS/6175_Nintendo_3DS_Cameras_Replacement/step18_3.jpg	https://guide-images.cdn.ifixit.com/igi/1kuDOCEI4UjfOZIM.large	David Hodson	https://www.ifixit.com/Guide/Nintendo+3DS+Cameras+Replacement/6175
6175	Nintendo 3DS Cameras Replacement	Nintendo 3DS	19	1	Nintendo_3DS/6175_Nintendo_3DS_Cameras_Replacement/step19_1.jpg	https://guide-images.cdn.ifixit.com/igi/mvScsefxXqHAGBLm.large	David Hodson	https://www.ifixit.com/Guide/Nintendo+3DS+Cameras+Replacement/6175
6175	Nintendo 3DS Cameras Replacement	Nintendo 3DS	19	2	Nintendo_3DS/6175_Nintendo_3DS_Cameras_Replacement/step19_2.jpg	https://guide-images.cdn.ifixit.com/igi/oGpw5HroZQgNsU1M.large	David Hodson	https://www.ifixit.com/Guide/Nintendo+3DS+Cameras+Replacement/6175
6175	Nintendo 3DS Cameras Replacement	Nintendo 3DS	19	3	Nintendo_3DS/6175_Nintendo_3DS_Cameras_Replacement/step19_3.jpg	https://guide-images.cdn.ifixit.com/igi/5MMDGphdb1IVdyhn.large	David Hodson	https://www.ifixit.com/Guide/Nintendo+3DS+Cameras+Replacement/6175
6175	Nintendo 3DS Cameras Replacement	Nintendo 3DS	20	1	Nintendo_3DS/6175_Nintendo_3DS_Cameras_Replacement/step20_1.jpg	https://guide-images.cdn.ifixit.com/igi/Ql2QL1iOEaeAbBlw.large	David Hodson	https://www.ifixit.com/Guide/Nintendo+3DS+Cameras+Replacement/6175
6175	Nintendo 3DS Cameras Replacement	Nintendo 3DS	21	1	Nintendo_3DS/6175_Nintendo_3DS_Cameras_Replacement/step21_1.jpg	https://guide-images.cdn.ifixit.com/igi/GQ4uJdtZuSTWU1Mg.large	David Hodson	https://www.ifixit.com/Guide/Nintendo+3DS+Cameras+Replacement/6175
6175	Nintendo 3DS Cameras Replacement	Nintendo 3DS	22	1	Nintendo_3DS/6175_Nintendo_3DS_Cameras_Replacement/step22_1.jpg	https://guide-images.cdn.ifixit.com/igi/QsISUGQUwDpkEOfn.large	David Hodson	https://www.ifixit.com/Guide/Nintendo+3DS+Cameras+Replacement/6175
6175	Nintendo 3DS Cameras Replacement	Nintendo 3DS	22	2	Nintendo_3DS/6175_Nintendo_3DS_Cameras_Replacement/step22_2.jpg	https://guide-images.cdn.ifixit.com/igi/PWhSLxvHRCKWOiUk.large	David Hodson	https://www.ifixit.com/Guide/Nintendo+3DS+Cameras+Replacement/6175
6175	Nintendo 3DS Cameras Replacement	Nintendo 3DS	23	1	Nintendo_3DS/6175_Nintendo_3DS_Cameras_Replacement/step23_1.jpg	https://guide-images.cdn.ifixit.com/igi/l52JVfBDIG53aUlr.large	David Hodson	https://www.ifixit.com/Guide/Nintendo+3DS+Cameras+Replacement/6175
6175	Nintendo 3DS Cameras Replacement	Nintendo 3DS	23	2	Nintendo_3DS/6175_Nintendo_3DS_Cameras_Replacement/step23_2.jpg	https://guide-images.cdn.ifixit.com/igi/YVXZqAQhGMQgCGHq.large	David Hodson	https://www.ifixit.com/Guide/Nintendo+3DS+Cameras+Replacement/6175
6175	Nintendo 3DS Cameras Replacement	Nintendo 3DS	24	1	Nintendo_3DS/6175_Nintendo_3DS_Cameras_Replacement/step24_1.jpg	https://guide-images.cdn.ifixit.com/igi/CcUHZWacehpZhwuv.large	David Hodson	https://www.ifixit.com/Guide/Nintendo+3DS+Cameras+Replacement/6175
6175	Nintendo 3DS Cameras Replacement	Nintendo 3DS	24	2	Nintendo_3DS/6175_Nintendo_3DS_Cameras_Replacement/step24_2.jpg	https://guide-images.cdn.ifixit.com/igi/ergZRkKDRqL4NaO2.large	David Hodson	https://www.ifixit.com/Guide/Nintendo+3DS+Cameras+Replacement/6175
6175	Nintendo 3DS Cameras Replacement	Nintendo 3DS	25	1	Nintendo_3DS/6175_Nintendo_3DS_Cameras_Replacement/step25_1.jpg	https://guide-images.cdn.ifixit.com/igi/vBXZXoIEb1MAw6nC.large	David Hodson	https://www.ifixit.com/Guide/Nintendo+3DS+Cameras+Replacement/6175
6175	Nintendo 3DS Cameras Replacement	Nintendo 3DS	25	2	Nintendo_3DS/6175_Nintendo_3DS_Cameras_Replacement/step25_2.jpg	https://guide-images.cdn.ifixit.com/igi/SOwuAwjY5Z1RrqPE.large	David Hodson	https://www.ifixit.com/Guide/Nintendo+3DS+Cameras+Replacement/6175
6175	Nintendo 3DS Cameras Replacement	Nintendo 3DS	26	1	Nintendo_3DS/6175_Nintendo_3DS_Cameras_Replacement/step26_1.jpg	https://guide-images.cdn.ifixit.com/igi/3vhNiyoUUBKsRXyw.large	David Hodson	https://www.ifixit.com/Guide/Nintendo+3DS+Cameras+Replacement/6175
6175	Nintendo 3DS Cameras Replacement	Nintendo 3DS	27	1	Nintendo_3DS/6175_Nintendo_3DS_Cameras_Replacement/step27_1.jpg	https://guide-images.cdn.ifixit.com/igi/VJu6vq1AG5xsjxqJ.large	David Hodson	https://www.ifixit.com/Guide/Nintendo+3DS+Cameras+Replacement/6175
6175	Nintendo 3DS Cameras Replacement	Nintendo 3DS	27	2	Nintendo_3DS/6175_Nintendo_3DS_Cameras_Replacement/step27_2.jpg	https://guide-images.cdn.ifixit.com/igi/VgAGWPtsWHtSwJIw.large	David Hodson	https://www.ifixit.com/Guide/Nintendo+3DS+Cameras+Replacement/6175
6175	Nintendo 3DS Cameras Replacement	Nintendo 3DS	28	1	Nintendo_3DS/6175_Nintendo_3DS_Cameras_Replacement/step28_1.jpg	https://guide-images.cdn.ifixit.com/igi/YUyZkdPHGQjmdG1f.large	David Hodson	https://www.ifixit.com/Guide/Nintendo+3DS+Cameras+Replacement/6175
6175	Nintendo 3DS Cameras Replacement	Nintendo 3DS	29	1	Nintendo_3DS/6175_Nintendo_3DS_Cameras_Replacement/step29_1.jpg	https://guide-images.cdn.ifixit.com/igi/ARwecy62kkQBvNdX.large	David Hodson	https://www.ifixit.com/Guide/Nintendo+3DS+Cameras+Replacement/6175
6175	Nintendo 3DS Cameras Replacement	Nintendo 3DS	29	2	Nintendo_3DS/6175_Nintendo_3DS_Cameras_Replacement/step29_2.jpg	https://guide-images.cdn.ifixit.com/igi/hrbYeYIJ1f2FcAZW.large	David Hodson	https://www.ifixit.com/Guide/Nintendo+3DS+Cameras+Replacement/6175
6175	Nintendo 3DS Cameras Replacement	Nintendo 3DS	29	3	Nintendo_3DS/6175_Nintendo_3DS_Cameras_Replacement/step29_3.jpg	https://guide-images.cdn.ifixit.com/igi/emHxSLPovUdP1cHq.large	David Hodson	https://www.ifixit.com/Guide/Nintendo+3DS+Cameras+Replacement/6175
6175	Nintendo 3DS Cameras Replacement	Nintendo 3DS	30	1	Nintendo_3DS/6175_Nintendo_3DS_Cameras_Replacement/step30_1.jpg	https://guide-images.cdn.ifixit.com/igi/LssuoXDWZThkASXQ.large	David Hodson	https://www.ifixit.com/Guide/Nintendo+3DS+Cameras+Replacement/6175
6175	Nintendo 3DS Cameras Replacement	Nintendo 3DS	30	2	Nintendo_3DS/6175_Nintendo_3DS_Cameras_Replacement/step30_2.jpg	https://guide-images.cdn.ifixit.com/igi/hphARWRxKARcNXAU.large	David Hodson	https://www.ifixit.com/Guide/Nintendo+3DS+Cameras+Replacement/6175
6175	Nintendo 3DS Cameras Replacement	Nintendo 3DS	30	3	Nintendo_3DS/6175_Nintendo_3DS_Cameras_Replacement/step30_3.jpg	https://guide-images.cdn.ifixit.com/igi/v3OK1UBgXi5CHRIU.large	David Hodson	https://www.ifixit.com/Guide/Nintendo+3DS+Cameras+Replacement/6175
6175	Nintendo 3DS Cameras Replacement	Nintendo 3DS	31	1	Nintendo_3DS/6175_Nintendo_3DS_Cameras_Replacement/step31_1.jpg	https://guide-images.cdn.ifixit.com/igi/66d3uIMZDexSZwIC.large	David Hodson	https://www.ifixit.com/Guide/Nintendo+3DS+Cameras+Replacement/6175
6175	Nintendo 3DS Cameras Replacement	Nintendo 3DS	31	2	Nintendo_3DS/6175_Nintendo_3DS_Cameras_Replacement/step31_2.jpg	https://guide-images.cdn.ifixit.com/igi/2dqjXMhmsSREAIWy.large	David Hodson	https://www.ifixit.com/Guide/Nintendo+3DS+Cameras+Replacement/6175
6175	Nintendo 3DS Cameras Replacement	Nintendo 3DS	32	1	Nintendo_3DS/6175_Nintendo_3DS_Cameras_Replacement/step32_1.jpg	https://guide-images.cdn.ifixit.com/igi/sng12ENNQSTnpgJr.large	David Hodson	https://www.ifixit.com/Guide/Nintendo+3DS+Cameras+Replacement/6175
6175	Nintendo 3DS Cameras Replacement	Nintendo 3DS	33	1	Nintendo_3DS/6175_Nintendo_3DS_Cameras_Replacement/step33_1.jpg	https://guide-images.cdn.ifixit.com/igi/FDG22u42MIiidkrj.large	David Hodson	https://www.ifixit.com/Guide/Nintendo+3DS+Cameras+Replacement/6175
6175	Nintendo 3DS Cameras Replacement	Nintendo 3DS	33	2	Nintendo_3DS/6175_Nintendo_3DS_Cameras_Replacement/step33_2.jpg	https://guide-images.cdn.ifixit.com/igi/WYCVrLNo2GTIE52b.large	David Hodson	https://www.ifixit.com/Guide/Nintendo+3DS+Cameras+Replacement/6175
6175	Nintendo 3DS Cameras Replacement	Nintendo 3DS	33	3	Nintendo_3DS/6175_Nintendo_3DS_Cameras_Replacement/step33_3.jpg	https://guide-images.cdn.ifixit.com/igi/FLKgZpawlJpUFKOs.large	David Hodson	https://www.ifixit.com/Guide/Nintendo+3DS+Cameras+Replacement/6175
6175	Nintendo 3DS Cameras Replacement	Nintendo 3DS	34	1	Nintendo_3DS/6175_Nintendo_3DS_Cameras_Replacement/step34_1.jpg	https://guide-images.cdn.ifixit.com/igi/CVRyutJikGedTBkY.large	David Hodson	https://www.ifixit.com/Guide/Nintendo+3DS+Cameras+Replacement/6175
6175	Nintendo 3DS Cameras Replacement	Nintendo 3DS	34	2	Nintendo_3DS/6175_Nintendo_3DS_Cameras_Replacement/step34_2.jpg	https://guide-images.cdn.ifixit.com/igi/OQiNnCWXLP1F6SmG.large	David Hodson	https://www.ifixit.com/Guide/Nintendo+3DS+Cameras+Replacement/6175
6175	Nintendo 3DS Cameras Replacement	Nintendo 3DS	34	3	Nintendo_3DS/6175_Nintendo_3DS_Cameras_Replacement/step34_3.jpg	https://guide-images.cdn.ifixit.com/igi/BTRMCm3C4OZugVaY.large	David Hodson	https://www.ifixit.com/Guide/Nintendo+3DS+Cameras+Replacement/6175
6175	Nintendo 3DS Cameras Replacement	Nintendo 3DS	35	1	Nintendo_3DS/6175_Nintendo_3DS_Cameras_Replacement/step35_1.jpg	https://guide-images.cdn.ifixit.com/igi/UgR2YYdI5pdo6SIb.large	David Hodson	https://www.ifixit.com/Guide/Nintendo+3DS+Cameras+Replacement/6175
6175	Nintendo 3DS Cameras Replacement	Nintendo 3DS	36	1	Nintendo_3DS/6175_Nintendo_3DS_Cameras_Replacement/step36_1.jpg	https://guide-images.cdn.ifixit.com/igi/qpT2FpyYNMfIAErC.large	David Hodson	https://www.ifixit.com/Guide/Nintendo+3DS+Cameras+Replacement/6175
6175	Nintendo 3DS Cameras Replacement	Nintendo 3DS	36	2	Nintendo_3DS/6175_Nintendo_3DS_Cameras_Replacement/step36_2.jpg	https://guide-images.cdn.ifixit.com/igi/hPS5mNxroaeyAXrf.large	David Hodson	https://www.ifixit.com/Guide/Nintendo+3DS+Cameras+Replacement/6175
6175	Nintendo 3DS Cameras Replacement	Nintendo 3DS	37	1	Nintendo_3DS/6175_Nintendo_3DS_Cameras_Replacement/step37_1.jpg	https://guide-images.cdn.ifixit.com/igi/lTDbDIBsepQCAQwT.large	David Hodson	https://www.ifixit.com/Guide/Nintendo+3DS+Cameras+Replacement/6175
6175	Nintendo 3DS Cameras Replacement	Nintendo 3DS	37	2	Nintendo_3DS/6175_Nintendo_3DS_Cameras_Replacement/step37_2.jpg	https://guide-images.cdn.ifixit.com/igi/byRCB6ALXhaSxqSC.large	David Hodson	https://www.ifixit.com/Guide/Nintendo+3DS+Cameras+Replacement/6175
6175	Nintendo 3DS Cameras Replacement	Nintendo 3DS	37	3	Nintendo_3DS/6175_Nintendo_3DS_Cameras_Replacement/step37_3.jpg	https://guide-images.cdn.ifixit.com/igi/mVgRXYMMZSZLXqIQ.large	David Hodson	https://www.ifixit.com/Guide/Nintendo+3DS+Cameras+Replacement/6175
6175	Nintendo 3DS Cameras Replacement	Nintendo 3DS	38	1	Nintendo_3DS/6175_Nintendo_3DS_Cameras_Replacement/step38_1.jpg	https://guide-images.cdn.ifixit.com/igi/MGFjYfQVQcBfCOqF.large	David Hodson	https://www.ifixit.com/Guide/Nintendo+3DS+Cameras+Replacement/6175
6175	Nintendo 3DS Cameras Replacement	Nintendo 3DS	38	2	Nintendo_3DS/6175_Nintendo_3DS_Cameras_Replacement/step38_2.jpg	https://guide-images.cdn.ifixit.com/igi/JErsZIMOSRSPytZI.large	David Hodson	https://www.ifixit.com/Guide/Nintendo+3DS+Cameras+Replacement/6175
6176	Nintendo 3DS Upper LCD Replacement	Nintendo 3DS	1	1	Nintendo_3DS/6176_Nintendo_3DS_Upper_LCD_Replacement/step01_1.jpg	https://guide-images.cdn.ifixit.com/igi/ITwcDRVYSfefXdaR.large	David Hodson	https://www.ifixit.com/Guide/Nintendo+3DS+Upper+LCD+Replacement/6176
6176	Nintendo 3DS Upper LCD Replacement	Nintendo 3DS	2	1	Nintendo_3DS/6176_Nintendo_3DS_Upper_LCD_Replacement/step02_1.jpg	https://guide-images.cdn.ifixit.com/igi/WujDe4xE4eI3tHJg.large	David Hodson	https://www.ifixit.com/Guide/Nintendo+3DS+Upper+LCD+Replacement/6176
6176	Nintendo 3DS Upper LCD Replacement	Nintendo 3DS	2	2	Nintendo_3DS/6176_Nintendo_3DS_Upper_LCD_Replacement/step02_2.jpg	https://guide-images.cdn.ifixit.com/igi/jc1ysoaDZCIw2TEj.large	David Hodson	https://www.ifixit.com/Guide/Nintendo+3DS+Upper+LCD+Replacement/6176
6176	Nintendo 3DS Upper LCD Replacement	Nintendo 3DS	3	1	Nintendo_3DS/6176_Nintendo_3DS_Upper_LCD_Replacement/step03_1.jpg	https://guide-images.cdn.ifixit.com/igi/dpUdpUimvCFfqOw1.large	David Hodson	https://www.ifixit.com/Guide/Nintendo+3DS+Upper+LCD+Replacement/6176
6176	Nintendo 3DS Upper LCD Replacement	Nintendo 3DS	3	2	Nintendo_3DS/6176_Nintendo_3DS_Upper_LCD_Replacement/step03_2.jpg	https://guide-images.cdn.ifixit.com/igi/lnBikT41fiBvcLcS.large	David Hodson	https://www.ifixit.com/Guide/Nintendo+3DS+Upper+LCD+Replacement/6176
6176	Nintendo 3DS Upper LCD Replacement	Nintendo 3DS	3	3	Nintendo_3DS/6176_Nintendo_3DS_Upper_LCD_Replacement/step03_3.jpg	https://guide-images.cdn.ifixit.com/igi/veZLHretTgIkbLcI.large	David Hodson	https://www.ifixit.com/Guide/Nintendo+3DS+Upper+LCD+Replacement/6176
6176	Nintendo 3DS Upper LCD Replacement	Nintendo 3DS	4	1	Nintendo_3DS/6176_Nintendo_3DS_Upper_LCD_Replacement/step04_1.jpg	https://guide-images.cdn.ifixit.com/igi/BkJd3OSBpy1Rvikh.large	David Hodson	https://www.ifixit.com/Guide/Nintendo+3DS+Upper+LCD+Replacement/6176
6176	Nintendo 3DS Upper LCD Replacement	Nintendo 3DS	5	1	Nintendo_3DS/6176_Nintendo_3DS_Upper_LCD_Replacement/step05_1.jpg	https://guide-images.cdn.ifixit.com/igi/S3qgP6SxRRPY5IxB.large	David Hodson	https://www.ifixit.com/Guide/Nintendo+3DS+Upper+LCD+Replacement/6176
6176	Nintendo 3DS Upper LCD Replacement	Nintendo 3DS	5	2	Nintendo_3DS/6176_Nintendo_3DS_Upper_LCD_Replacement/step05_2.jpg	https://guide-images.cdn.ifixit.com/igi/HILuUcmesyZeEmtm.large	David Hodson	https://www.ifixit.com/Guide/Nintendo+3DS+Upper+LCD+Replacement/6176
6176	Nintendo 3DS Upper LCD Replacement	Nintendo 3DS	5	3	Nintendo_3DS/6176_Nintendo_3DS_Upper_LCD_Replacement/step05_3.jpg	https://guide-images.cdn.ifixit.com/igi/jwM1ceschy1xdwE3.large	David Hodson	https://www.ifixit.com/Guide/Nintendo+3DS+Upper+LCD+Replacement/6176
6176	Nintendo 3DS Upper LCD Replacement	Nintendo 3DS	6	1	Nintendo_3DS/6176_Nintendo_3DS_Upper_LCD_Replacement/step06_1.jpg	https://guide-images.cdn.ifixit.com/igi/WciIxkCGqqeSwjDE.large	David Hodson	https://www.ifixit.com/Guide/Nintendo+3DS+Upper+LCD+Replacement/6176
6176	Nintendo 3DS Upper LCD Replacement	Nintendo 3DS	7	1	Nintendo_3DS/6176_Nintendo_3DS_Upper_LCD_Replacement/step07_1.jpg	https://guide-images.cdn.ifixit.com/igi/bMBnFDhOIiWPDfD6.large	David Hodson	https://www.ifixit.com/Guide/Nintendo+3DS+Upper+LCD+Replacement/6176
6176	Nintendo 3DS Upper LCD Replacement	Nintendo 3DS	7	2	Nintendo_3DS/6176_Nintendo_3DS_Upper_LCD_Replacement/step07_2.jpg	https://guide-images.cdn.ifixit.com/igi/E4TVtF3ttsxMSdVm.large	David Hodson	https://www.ifixit.com/Guide/Nintendo+3DS+Upper+LCD+Replacement/6176
6176	Nintendo 3DS Upper LCD Replacement	Nintendo 3DS	7	3	Nintendo_3DS/6176_Nintendo_3DS_Upper_LCD_Replacement/step07_3.jpg	https://guide-images.cdn.ifixit.com/igi/X2gZcTXBxZmTrD5t.large	David Hodson	https://www.ifixit.com/Guide/Nintendo+3DS+Upper+LCD+Replacement/6176
6176	Nintendo 3DS Upper LCD Replacement	Nintendo 3DS	8	1	Nintendo_3DS/6176_Nintendo_3DS_Upper_LCD_Replacement/step08_1.jpg	https://guide-images.cdn.ifixit.com/igi/IKPPuB5DIoRiDx2E.large	David Hodson	https://www.ifixit.com/Guide/Nintendo+3DS+Upper+LCD+Replacement/6176
6176	Nintendo 3DS Upper LCD Replacement	Nintendo 3DS	8	2	Nintendo_3DS/6176_Nintendo_3DS_Upper_LCD_Replacement/step08_2.jpg	https://guide-images.cdn.ifixit.com/igi/SLSbhMgUFDj5mMLx.large	David Hodson	https://www.ifixit.com/Guide/Nintendo+3DS+Upper+LCD+Replacement/6176
6176	Nintendo 3DS Upper LCD Replacement	Nintendo 3DS	8	3	Nintendo_3DS/6176_Nintendo_3DS_Upper_LCD_Replacement/step08_3.jpg	https://guide-images.cdn.ifixit.com/igi/aoqcp6SgbWFZPOht.large	David Hodson	https://www.ifixit.com/Guide/Nintendo+3DS+Upper+LCD+Replacement/6176
6176	Nintendo 3DS Upper LCD Replacement	Nintendo 3DS	9	1	Nintendo_3DS/6176_Nintendo_3DS_Upper_LCD_Replacement/step09_1.jpg	https://guide-images.cdn.ifixit.com/igi/avCvIWYWgJyNbmBI.large	David Hodson	https://www.ifixit.com/Guide/Nintendo+3DS+Upper+LCD+Replacement/6176
6176	Nintendo 3DS Upper LCD Replacement	Nintendo 3DS	9	2	Nintendo_3DS/6176_Nintendo_3DS_Upper_LCD_Replacement/step09_2.jpg	https://guide-images.cdn.ifixit.com/igi/pYrbGImK2u45deHC.large	David Hodson	https://www.ifixit.com/Guide/Nintendo+3DS+Upper+LCD+Replacement/6176
6176	Nintendo 3DS Upper LCD Replacement	Nintendo 3DS	10	1	Nintendo_3DS/6176_Nintendo_3DS_Upper_LCD_Replacement/step10_1.jpg	https://guide-images.cdn.ifixit.com/igi/KjtBrbEaOGvLPWcX.large	David Hodson	https://www.ifixit.com/Guide/Nintendo+3DS+Upper+LCD+Replacement/6176
6176	Nintendo 3DS Upper LCD Replacement	Nintendo 3DS	11	1	Nintendo_3DS/6176_Nintendo_3DS_Upper_LCD_Replacement/step11_1.jpg	https://guide-images.cdn.ifixit.com/igi/UF24JkJiQnIFyP6B.large	David Hodson	https://www.ifixit.com/Guide/Nintendo+3DS+Upper+LCD+Replacement/6176
6176	Nintendo 3DS Upper LCD Replacement	Nintendo 3DS	11	2	Nintendo_3DS/6176_Nintendo_3DS_Upper_LCD_Replacement/step11_2.jpg	https://guide-images.cdn.ifixit.com/igi/auwosXvOBdHtWtKv.large	David Hodson	https://www.ifixit.com/Guide/Nintendo+3DS+Upper+LCD+Replacement/6176
6176	Nintendo 3DS Upper LCD Replacement	Nintendo 3DS	12	1	Nintendo_3DS/6176_Nintendo_3DS_Upper_LCD_Replacement/step12_1.jpg	https://guide-images.cdn.ifixit.com/igi/dqVaYcHR1MgDcmdV.large	David Hodson	https://www.ifixit.com/Guide/Nintendo+3DS+Upper+LCD+Replacement/6176
6176	Nintendo 3DS Upper LCD Replacement	Nintendo 3DS	12	2	Nintendo_3DS/6176_Nintendo_3DS_Upper_LCD_Replacement/step12_2.jpg	https://guide-images.cdn.ifixit.com/igi/2VMuJYwG2iUrEsLA.large	David Hodson	https://www.ifixit.com/Guide/Nintendo+3DS+Upper+LCD+Replacement/6176
6176	Nintendo 3DS Upper LCD Replacement	Nintendo 3DS	12	3	Nintendo_3DS/6176_Nintendo_3DS_Upper_LCD_Replacement/step12_3.jpg	https://guide-images.cdn.ifixit.com/igi/jtGmtOcX1IDoOXDA.large	David Hodson	https://www.ifixit.com/Guide/Nintendo+3DS+Upper+LCD+Replacement/6176
6176	Nintendo 3DS Upper LCD Replacement	Nintendo 3DS	13	1	Nintendo_3DS/6176_Nintendo_3DS_Upper_LCD_Replacement/step13_1.jpg	https://guide-images.cdn.ifixit.com/igi/jBrYqTnBuAuWfLxA.large	David Hodson	https://www.ifixit.com/Guide/Nintendo+3DS+Upper+LCD+Replacement/6176
6176	Nintendo 3DS Upper LCD Replacement	Nintendo 3DS	13	2	Nintendo_3DS/6176_Nintendo_3DS_Upper_LCD_Replacement/step13_2.jpg	https://guide-images.cdn.ifixit.com/igi/VovJlB5sgUp3CMYO.large	David Hodson	https://www.ifixit.com/Guide/Nintendo+3DS+Upper+LCD+Replacement/6176
6176	Nintendo 3DS Upper LCD Replacement	Nintendo 3DS	14	1	Nintendo_3DS/6176_Nintendo_3DS_Upper_LCD_Replacement/step14_1.jpg	https://guide-images.cdn.ifixit.com/igi/SraCcIwGIBJJAuAp.large	David Hodson	https://www.ifixit.com/Guide/Nintendo+3DS+Upper+LCD+Replacement/6176
6176	Nintendo 3DS Upper LCD Replacement	Nintendo 3DS	14	2	Nintendo_3DS/6176_Nintendo_3DS_Upper_LCD_Replacement/step14_2.jpg	https://guide-images.cdn.ifixit.com/igi/LY3YrJcYkPo5gP6C.large	David Hodson	https://www.ifixit.com/Guide/Nintendo+3DS+Upper+LCD+Replacement/6176
6176	Nintendo 3DS Upper LCD Replacement	Nintendo 3DS	14	3	Nintendo_3DS/6176_Nintendo_3DS_Upper_LCD_Replacement/step14_3.jpg	https://guide-images.cdn.ifixit.com/igi/EAUNvpGX54AVCRTt.large	David Hodson	https://www.ifixit.com/Guide/Nintendo+3DS+Upper+LCD+Replacement/6176
6176	Nintendo 3DS Upper LCD Replacement	Nintendo 3DS	15	1	Nintendo_3DS/6176_Nintendo_3DS_Upper_LCD_Replacement/step15_1.jpg	https://guide-images.cdn.ifixit.com/igi/GvmVFKYnXCf4Ad2y.large	David Hodson	https://www.ifixit.com/Guide/Nintendo+3DS+Upper+LCD+Replacement/6176
6176	Nintendo 3DS Upper LCD Replacement	Nintendo 3DS	15	2	Nintendo_3DS/6176_Nintendo_3DS_Upper_LCD_Replacement/step15_2.jpg	https://guide-images.cdn.ifixit.com/igi/LZS3t4NaRFTpclGb.large	David Hodson	https://www.ifixit.com/Guide/Nintendo+3DS+Upper+LCD+Replacement/6176
6176	Nintendo 3DS Upper LCD Replacement	Nintendo 3DS	16	1	Nintendo_3DS/6176_Nintendo_3DS_Upper_LCD_Replacement/step16_1.jpg	https://guide-images.cdn.ifixit.com/igi/25ZFGvrIiHhJpHNJ.large	David Hodson	https://www.ifixit.com/Guide/Nintendo+3DS+Upper+LCD+Replacement/6176
6176	Nintendo 3DS Upper LCD Replacement	Nintendo 3DS	16	2	Nintendo_3DS/6176_Nintendo_3DS_Upper_LCD_Replacement/step16_2.jpg	https://guide-images.cdn.ifixit.com/igi/i4evTtTHPCBFDRMB.large	David Hodson	https://www.ifixit.com/Guide/Nintendo+3DS+Upper+LCD+Replacement/6176
6176	Nintendo 3DS Upper LCD Replacement	Nintendo 3DS	16	3	Nintendo_3DS/6176_Nintendo_3DS_Upper_LCD_Replacement/step16_3.jpg	https://guide-images.cdn.ifixit.com/igi/yNVXTtRLBpMiK2pb.large	David Hodson	https://www.ifixit.com/Guide/Nintendo+3DS+Upper+LCD+Replacement/6176
6176	Nintendo 3DS Upper LCD Replacement	Nintendo 3DS	17	1	Nintendo_3DS/6176_Nintendo_3DS_Upper_LCD_Replacement/step17_1.jpg	https://guide-images.cdn.ifixit.com/igi/yOUm6AVnsyNl2Kxx.large	David Hodson	https://www.ifixit.com/Guide/Nintendo+3DS+Upper+LCD+Replacement/6176
6176	Nintendo 3DS Upper LCD Replacement	Nintendo 3DS	17	2	Nintendo_3DS/6176_Nintendo_3DS_Upper_LCD_Replacement/step17_2.jpg	https://guide-images.cdn.ifixit.com/igi/c2ae6fi3IwlqKoxX.large	David Hodson	https://www.ifixit.com/Guide/Nintendo+3DS+Upper+LCD+Replacement/6176
6176	Nintendo 3DS Upper LCD Replacement	Nintendo 3DS	18	1	Nintendo_3DS/6176_Nintendo_3DS_Upper_LCD_Replacement/step18_1.jpg	https://guide-images.cdn.ifixit.com/igi/EmLwpIWMHAUXlKcg.large	David Hodson	https://www.ifixit.com/Guide/Nintendo+3DS+Upper+LCD+Replacement/6176
6176	Nintendo 3DS Upper LCD Replacement	Nintendo 3DS	18	2	Nintendo_3DS/6176_Nintendo_3DS_Upper_LCD_Replacement/step18_2.jpg	https://guide-images.cdn.ifixit.com/igi/IXUQYqG1gyvxYgwe.large	David Hodson	https://www.ifixit.com/Guide/Nintendo+3DS+Upper+LCD+Replacement/6176
6176	Nintendo 3DS Upper LCD Replacement	Nintendo 3DS	18	3	Nintendo_3DS/6176_Nintendo_3DS_Upper_LCD_Replacement/step18_3.jpg	https://guide-images.cdn.ifixit.com/igi/1kuDOCEI4UjfOZIM.large	David Hodson	https://www.ifixit.com/Guide/Nintendo+3DS+Upper+LCD+Replacement/6176
6176	Nintendo 3DS Upper LCD Replacement	Nintendo 3DS	19	1	Nintendo_3DS/6176_Nintendo_3DS_Upper_LCD_Replacement/step19_1.jpg	https://guide-images.cdn.ifixit.com/igi/mvScsefxXqHAGBLm.large	David Hodson	https://www.ifixit.com/Guide/Nintendo+3DS+Upper+LCD+Replacement/6176
6176	Nintendo 3DS Upper LCD Replacement	Nintendo 3DS	19	2	Nintendo_3DS/6176_Nintendo_3DS_Upper_LCD_Replacement/step19_2.jpg	https://guide-images.cdn.ifixit.com/igi/oGpw5HroZQgNsU1M.large	David Hodson	https://www.ifixit.com/Guide/Nintendo+3DS+Upper+LCD+Replacement/6176
6176	Nintendo 3DS Upper LCD Replacement	Nintendo 3DS	19	3	Nintendo_3DS/6176_Nintendo_3DS_Upper_LCD_Replacement/step19_3.jpg	https://guide-images.cdn.ifixit.com/igi/5MMDGphdb1IVdyhn.large	David Hodson	https://www.ifixit.com/Guide/Nintendo+3DS+Upper+LCD+Replacement/6176
6176	Nintendo 3DS Upper LCD Replacement	Nintendo 3DS	20	1	Nintendo_3DS/6176_Nintendo_3DS_Upper_LCD_Replacement/step20_1.jpg	https://guide-images.cdn.ifixit.com/igi/Ql2QL1iOEaeAbBlw.large	David Hodson	https://www.ifixit.com/Guide/Nintendo+3DS+Upper+LCD+Replacement/6176
6176	Nintendo 3DS Upper LCD Replacement	Nintendo 3DS	21	1	Nintendo_3DS/6176_Nintendo_3DS_Upper_LCD_Replacement/step21_1.jpg	https://guide-images.cdn.ifixit.com/igi/GQ4uJdtZuSTWU1Mg.large	David Hodson	https://www.ifixit.com/Guide/Nintendo+3DS+Upper+LCD+Replacement/6176
6176	Nintendo 3DS Upper LCD Replacement	Nintendo 3DS	22	1	Nintendo_3DS/6176_Nintendo_3DS_Upper_LCD_Replacement/step22_1.jpg	https://guide-images.cdn.ifixit.com/igi/QsISUGQUwDpkEOfn.large	David Hodson	https://www.ifixit.com/Guide/Nintendo+3DS+Upper+LCD+Replacement/6176
6176	Nintendo 3DS Upper LCD Replacement	Nintendo 3DS	22	2	Nintendo_3DS/6176_Nintendo_3DS_Upper_LCD_Replacement/step22_2.jpg	https://guide-images.cdn.ifixit.com/igi/PWhSLxvHRCKWOiUk.large	David Hodson	https://www.ifixit.com/Guide/Nintendo+3DS+Upper+LCD+Replacement/6176
6176	Nintendo 3DS Upper LCD Replacement	Nintendo 3DS	23	1	Nintendo_3DS/6176_Nintendo_3DS_Upper_LCD_Replacement/step23_1.jpg	https://guide-images.cdn.ifixit.com/igi/l52JVfBDIG53aUlr.large	David Hodson	https://www.ifixit.com/Guide/Nintendo+3DS+Upper+LCD+Replacement/6176
6176	Nintendo 3DS Upper LCD Replacement	Nintendo 3DS	23	2	Nintendo_3DS/6176_Nintendo_3DS_Upper_LCD_Replacement/step23_2.jpg	https://guide-images.cdn.ifixit.com/igi/YVXZqAQhGMQgCGHq.large	David Hodson	https://www.ifixit.com/Guide/Nintendo+3DS+Upper+LCD+Replacement/6176
6176	Nintendo 3DS Upper LCD Replacement	Nintendo 3DS	24	1	Nintendo_3DS/6176_Nintendo_3DS_Upper_LCD_Replacement/step24_1.jpg	https://guide-images.cdn.ifixit.com/igi/CcUHZWacehpZhwuv.large	David Hodson	https://www.ifixit.com/Guide/Nintendo+3DS+Upper+LCD+Replacement/6176
6176	Nintendo 3DS Upper LCD Replacement	Nintendo 3DS	24	2	Nintendo_3DS/6176_Nintendo_3DS_Upper_LCD_Replacement/step24_2.jpg	https://guide-images.cdn.ifixit.com/igi/ergZRkKDRqL4NaO2.large	David Hodson	https://www.ifixit.com/Guide/Nintendo+3DS+Upper+LCD+Replacement/6176
6176	Nintendo 3DS Upper LCD Replacement	Nintendo 3DS	25	1	Nintendo_3DS/6176_Nintendo_3DS_Upper_LCD_Replacement/step25_1.jpg	https://guide-images.cdn.ifixit.com/igi/vBXZXoIEb1MAw6nC.large	David Hodson	https://www.ifixit.com/Guide/Nintendo+3DS+Upper+LCD+Replacement/6176
6176	Nintendo 3DS Upper LCD Replacement	Nintendo 3DS	25	2	Nintendo_3DS/6176_Nintendo_3DS_Upper_LCD_Replacement/step25_2.jpg	https://guide-images.cdn.ifixit.com/igi/SOwuAwjY5Z1RrqPE.large	David Hodson	https://www.ifixit.com/Guide/Nintendo+3DS+Upper+LCD+Replacement/6176
6176	Nintendo 3DS Upper LCD Replacement	Nintendo 3DS	26	1	Nintendo_3DS/6176_Nintendo_3DS_Upper_LCD_Replacement/step26_1.jpg	https://guide-images.cdn.ifixit.com/igi/3vhNiyoUUBKsRXyw.large	David Hodson	https://www.ifixit.com/Guide/Nintendo+3DS+Upper+LCD+Replacement/6176
6176	Nintendo 3DS Upper LCD Replacement	Nintendo 3DS	27	1	Nintendo_3DS/6176_Nintendo_3DS_Upper_LCD_Replacement/step27_1.jpg	https://guide-images.cdn.ifixit.com/igi/VJu6vq1AG5xsjxqJ.large	David Hodson	https://www.ifixit.com/Guide/Nintendo+3DS+Upper+LCD+Replacement/6176
6176	Nintendo 3DS Upper LCD Replacement	Nintendo 3DS	27	2	Nintendo_3DS/6176_Nintendo_3DS_Upper_LCD_Replacement/step27_2.jpg	https://guide-images.cdn.ifixit.com/igi/VgAGWPtsWHtSwJIw.large	David Hodson	https://www.ifixit.com/Guide/Nintendo+3DS+Upper+LCD+Replacement/6176
6176	Nintendo 3DS Upper LCD Replacement	Nintendo 3DS	28	1	Nintendo_3DS/6176_Nintendo_3DS_Upper_LCD_Replacement/step28_1.jpg	https://guide-images.cdn.ifixit.com/igi/YUyZkdPHGQjmdG1f.large	David Hodson	https://www.ifixit.com/Guide/Nintendo+3DS+Upper+LCD+Replacement/6176
6176	Nintendo 3DS Upper LCD Replacement	Nintendo 3DS	29	1	Nintendo_3DS/6176_Nintendo_3DS_Upper_LCD_Replacement/step29_1.jpg	https://guide-images.cdn.ifixit.com/igi/ARwecy62kkQBvNdX.large	David Hodson	https://www.ifixit.com/Guide/Nintendo+3DS+Upper+LCD+Replacement/6176
6176	Nintendo 3DS Upper LCD Replacement	Nintendo 3DS	29	2	Nintendo_3DS/6176_Nintendo_3DS_Upper_LCD_Replacement/step29_2.jpg	https://guide-images.cdn.ifixit.com/igi/hrbYeYIJ1f2FcAZW.large	David Hodson	https://www.ifixit.com/Guide/Nintendo+3DS+Upper+LCD+Replacement/6176
6176	Nintendo 3DS Upper LCD Replacement	Nintendo 3DS	29	3	Nintendo_3DS/6176_Nintendo_3DS_Upper_LCD_Replacement/step29_3.jpg	https://guide-images.cdn.ifixit.com/igi/emHxSLPovUdP1cHq.large	David Hodson	https://www.ifixit.com/Guide/Nintendo+3DS+Upper+LCD+Replacement/6176
6176	Nintendo 3DS Upper LCD Replacement	Nintendo 3DS	30	1	Nintendo_3DS/6176_Nintendo_3DS_Upper_LCD_Replacement/step30_1.jpg	https://guide-images.cdn.ifixit.com/igi/LssuoXDWZThkASXQ.large	David Hodson	https://www.ifixit.com/Guide/Nintendo+3DS+Upper+LCD+Replacement/6176
6176	Nintendo 3DS Upper LCD Replacement	Nintendo 3DS	30	2	Nintendo_3DS/6176_Nintendo_3DS_Upper_LCD_Replacement/step30_2.jpg	https://guide-images.cdn.ifixit.com/igi/hphARWRxKARcNXAU.large	David Hodson	https://www.ifixit.com/Guide/Nintendo+3DS+Upper+LCD+Replacement/6176
6176	Nintendo 3DS Upper LCD Replacement	Nintendo 3DS	30	3	Nintendo_3DS/6176_Nintendo_3DS_Upper_LCD_Replacement/step30_3.jpg	https://guide-images.cdn.ifixit.com/igi/v3OK1UBgXi5CHRIU.large	David Hodson	https://www.ifixit.com/Guide/Nintendo+3DS+Upper+LCD+Replacement/6176
6176	Nintendo 3DS Upper LCD Replacement	Nintendo 3DS	31	1	Nintendo_3DS/6176_Nintendo_3DS_Upper_LCD_Replacement/step31_1.jpg	https://guide-images.cdn.ifixit.com/igi/66d3uIMZDexSZwIC.large	David Hodson	https://www.ifixit.com/Guide/Nintendo+3DS+Upper+LCD+Replacement/6176
6176	Nintendo 3DS Upper LCD Replacement	Nintendo 3DS	31	2	Nintendo_3DS/6176_Nintendo_3DS_Upper_LCD_Replacement/step31_2.jpg	https://guide-images.cdn.ifixit.com/igi/2dqjXMhmsSREAIWy.large	David Hodson	https://www.ifixit.com/Guide/Nintendo+3DS+Upper+LCD+Replacement/6176
6176	Nintendo 3DS Upper LCD Replacement	Nintendo 3DS	32	1	Nintendo_3DS/6176_Nintendo_3DS_Upper_LCD_Replacement/step32_1.jpg	https://guide-images.cdn.ifixit.com/igi/sng12ENNQSTnpgJr.large	David Hodson	https://www.ifixit.com/Guide/Nintendo+3DS+Upper+LCD+Replacement/6176
6176	Nintendo 3DS Upper LCD Replacement	Nintendo 3DS	33	1	Nintendo_3DS/6176_Nintendo_3DS_Upper_LCD_Replacement/step33_1.jpg	https://guide-images.cdn.ifixit.com/igi/FDG22u42MIiidkrj.large	David Hodson	https://www.ifixit.com/Guide/Nintendo+3DS+Upper+LCD+Replacement/6176
6176	Nintendo 3DS Upper LCD Replacement	Nintendo 3DS	33	2	Nintendo_3DS/6176_Nintendo_3DS_Upper_LCD_Replacement/step33_2.jpg	https://guide-images.cdn.ifixit.com/igi/WYCVrLNo2GTIE52b.large	David Hodson	https://www.ifixit.com/Guide/Nintendo+3DS+Upper+LCD+Replacement/6176
6176	Nintendo 3DS Upper LCD Replacement	Nintendo 3DS	33	3	Nintendo_3DS/6176_Nintendo_3DS_Upper_LCD_Replacement/step33_3.jpg	https://guide-images.cdn.ifixit.com/igi/FLKgZpawlJpUFKOs.large	David Hodson	https://www.ifixit.com/Guide/Nintendo+3DS+Upper+LCD+Replacement/6176
6176	Nintendo 3DS Upper LCD Replacement	Nintendo 3DS	34	1	Nintendo_3DS/6176_Nintendo_3DS_Upper_LCD_Replacement/step34_1.jpg	https://guide-images.cdn.ifixit.com/igi/CVRyutJikGedTBkY.large	David Hodson	https://www.ifixit.com/Guide/Nintendo+3DS+Upper+LCD+Replacement/6176
6176	Nintendo 3DS Upper LCD Replacement	Nintendo 3DS	34	2	Nintendo_3DS/6176_Nintendo_3DS_Upper_LCD_Replacement/step34_2.jpg	https://guide-images.cdn.ifixit.com/igi/OQiNnCWXLP1F6SmG.large	David Hodson	https://www.ifixit.com/Guide/Nintendo+3DS+Upper+LCD+Replacement/6176
6176	Nintendo 3DS Upper LCD Replacement	Nintendo 3DS	34	3	Nintendo_3DS/6176_Nintendo_3DS_Upper_LCD_Replacement/step34_3.jpg	https://guide-images.cdn.ifixit.com/igi/BTRMCm3C4OZugVaY.large	David Hodson	https://www.ifixit.com/Guide/Nintendo+3DS+Upper+LCD+Replacement/6176
6176	Nintendo 3DS Upper LCD Replacement	Nintendo 3DS	35	1	Nintendo_3DS/6176_Nintendo_3DS_Upper_LCD_Replacement/step35_1.jpg	https://guide-images.cdn.ifixit.com/igi/UgR2YYdI5pdo6SIb.large	David Hodson	https://www.ifixit.com/Guide/Nintendo+3DS+Upper+LCD+Replacement/6176
6176	Nintendo 3DS Upper LCD Replacement	Nintendo 3DS	36	1	Nintendo_3DS/6176_Nintendo_3DS_Upper_LCD_Replacement/step36_1.jpg	https://guide-images.cdn.ifixit.com/igi/qpT2FpyYNMfIAErC.large	David Hodson	https://www.ifixit.com/Guide/Nintendo+3DS+Upper+LCD+Replacement/6176
6176	Nintendo 3DS Upper LCD Replacement	Nintendo 3DS	36	2	Nintendo_3DS/6176_Nintendo_3DS_Upper_LCD_Replacement/step36_2.jpg	https://guide-images.cdn.ifixit.com/igi/hPS5mNxroaeyAXrf.large	David Hodson	https://www.ifixit.com/Guide/Nintendo+3DS+Upper+LCD+Replacement/6176
6176	Nintendo 3DS Upper LCD Replacement	Nintendo 3DS	37	1	Nintendo_3DS/6176_Nintendo_3DS_Upper_LCD_Replacement/step37_1.jpg	https://guide-images.cdn.ifixit.com/igi/lTDbDIBsepQCAQwT.large	David Hodson	https://www.ifixit.com/Guide/Nintendo+3DS+Upper+LCD+Replacement/6176
6176	Nintendo 3DS Upper LCD Replacement	Nintendo 3DS	37	2	Nintendo_3DS/6176_Nintendo_3DS_Upper_LCD_Replacement/step37_2.jpg	https://guide-images.cdn.ifixit.com/igi/byRCB6ALXhaSxqSC.large	David Hodson	https://www.ifixit.com/Guide/Nintendo+3DS+Upper+LCD+Replacement/6176
6176	Nintendo 3DS Upper LCD Replacement	Nintendo 3DS	37	3	Nintendo_3DS/6176_Nintendo_3DS_Upper_LCD_Replacement/step37_3.jpg	https://guide-images.cdn.ifixit.com/igi/mVgRXYMMZSZLXqIQ.large	David Hodson	https://www.ifixit.com/Guide/Nintendo+3DS+Upper+LCD+Replacement/6176
6176	Nintendo 3DS Upper LCD Replacement	Nintendo 3DS	38	1	Nintendo_3DS/6176_Nintendo_3DS_Upper_LCD_Replacement/step38_1.jpg	https://guide-images.cdn.ifixit.com/igi/MGFjYfQVQcBfCOqF.large	David Hodson	https://www.ifixit.com/Guide/Nintendo+3DS+Upper+LCD+Replacement/6176
6176	Nintendo 3DS Upper LCD Replacement	Nintendo 3DS	38	2	Nintendo_3DS/6176_Nintendo_3DS_Upper_LCD_Replacement/step38_2.jpg	https://guide-images.cdn.ifixit.com/igi/JErsZIMOSRSPytZI.large	David Hodson	https://www.ifixit.com/Guide/Nintendo+3DS+Upper+LCD+Replacement/6176
6176	Nintendo 3DS Upper LCD Replacement	Nintendo 3DS	39	1	Nintendo_3DS/6176_Nintendo_3DS_Upper_LCD_Replacement/step39_1.jpg	https://guide-images.cdn.ifixit.com/igi/wAGI5sZJOgPREQPC.large	David Hodson	https://www.ifixit.com/Guide/Nintendo+3DS+Upper+LCD+Replacement/6176
6176	Nintendo 3DS Upper LCD Replacement	Nintendo 3DS	39	2	Nintendo_3DS/6176_Nintendo_3DS_Upper_LCD_Replacement/step39_2.jpg	https://guide-images.cdn.ifixit.com/igi/k3OBAhEVyoQeKpc6.large	David Hodson	https://www.ifixit.com/Guide/Nintendo+3DS+Upper+LCD+Replacement/6176
6176	Nintendo 3DS Upper LCD Replacement	Nintendo 3DS	40	1	Nintendo_3DS/6176_Nintendo_3DS_Upper_LCD_Replacement/step40_1.jpg	https://guide-images.cdn.ifixit.com/igi/5puGrADovPgBSSAB.large	David Hodson	https://www.ifixit.com/Guide/Nintendo+3DS+Upper+LCD+Replacement/6176
6177	Nintendo 3DS Wi-Fi Antenna Replacement	Nintendo 3DS	1	1	Nintendo_3DS/6177_Nintendo_3DS_Wi-Fi_Antenna_Replacement/step01_1.jpg	https://guide-images.cdn.ifixit.com/igi/ITwcDRVYSfefXdaR.large	David Hodson	https://www.ifixit.com/Guide/Nintendo+3DS+Wi-Fi+Antenna+Replacement/6177
6177	Nintendo 3DS Wi-Fi Antenna Replacement	Nintendo 3DS	2	1	Nintendo_3DS/6177_Nintendo_3DS_Wi-Fi_Antenna_Replacement/step02_1.jpg	https://guide-images.cdn.ifixit.com/igi/WujDe4xE4eI3tHJg.large	David Hodson	https://www.ifixit.com/Guide/Nintendo+3DS+Wi-Fi+Antenna+Replacement/6177
6177	Nintendo 3DS Wi-Fi Antenna Replacement	Nintendo 3DS	2	2	Nintendo_3DS/6177_Nintendo_3DS_Wi-Fi_Antenna_Replacement/step02_2.jpg	https://guide-images.cdn.ifixit.com/igi/jc1ysoaDZCIw2TEj.large	David Hodson	https://www.ifixit.com/Guide/Nintendo+3DS+Wi-Fi+Antenna+Replacement/6177
6177	Nintendo 3DS Wi-Fi Antenna Replacement	Nintendo 3DS	3	1	Nintendo_3DS/6177_Nintendo_3DS_Wi-Fi_Antenna_Replacement/step03_1.jpg	https://guide-images.cdn.ifixit.com/igi/dpUdpUimvCFfqOw1.large	David Hodson	https://www.ifixit.com/Guide/Nintendo+3DS+Wi-Fi+Antenna+Replacement/6177
6177	Nintendo 3DS Wi-Fi Antenna Replacement	Nintendo 3DS	3	2	Nintendo_3DS/6177_Nintendo_3DS_Wi-Fi_Antenna_Replacement/step03_2.jpg	https://guide-images.cdn.ifixit.com/igi/lnBikT41fiBvcLcS.large	David Hodson	https://www.ifixit.com/Guide/Nintendo+3DS+Wi-Fi+Antenna+Replacement/6177
6177	Nintendo 3DS Wi-Fi Antenna Replacement	Nintendo 3DS	3	3	Nintendo_3DS/6177_Nintendo_3DS_Wi-Fi_Antenna_Replacement/step03_3.jpg	https://guide-images.cdn.ifixit.com/igi/veZLHretTgIkbLcI.large	David Hodson	https://www.ifixit.com/Guide/Nintendo+3DS+Wi-Fi+Antenna+Replacement/6177
6177	Nintendo 3DS Wi-Fi Antenna Replacement	Nintendo 3DS	4	1	Nintendo_3DS/6177_Nintendo_3DS_Wi-Fi_Antenna_Replacement/step04_1.jpg	https://guide-images.cdn.ifixit.com/igi/BkJd3OSBpy1Rvikh.large	David Hodson	https://www.ifixit.com/Guide/Nintendo+3DS+Wi-Fi+Antenna+Replacement/6177
6177	Nintendo 3DS Wi-Fi Antenna Replacement	Nintendo 3DS	5	1	Nintendo_3DS/6177_Nintendo_3DS_Wi-Fi_Antenna_Replacement/step05_1.jpg	https://guide-images.cdn.ifixit.com/igi/S3qgP6SxRRPY5IxB.large	David Hodson	https://www.ifixit.com/Guide/Nintendo+3DS+Wi-Fi+Antenna+Replacement/6177
6177	Nintendo 3DS Wi-Fi Antenna Replacement	Nintendo 3DS	5	2	Nintendo_3DS/6177_Nintendo_3DS_Wi-Fi_Antenna_Replacement/step05_2.jpg	https://guide-images.cdn.ifixit.com/igi/HILuUcmesyZeEmtm.large	David Hodson	https://www.ifixit.com/Guide/Nintendo+3DS+Wi-Fi+Antenna+Replacement/6177
6177	Nintendo 3DS Wi-Fi Antenna Replacement	Nintendo 3DS	5	3	Nintendo_3DS/6177_Nintendo_3DS_Wi-Fi_Antenna_Replacement/step05_3.jpg	https://guide-images.cdn.ifixit.com/igi/jwM1ceschy1xdwE3.large	David Hodson	https://www.ifixit.com/Guide/Nintendo+3DS+Wi-Fi+Antenna+Replacement/6177
6177	Nintendo 3DS Wi-Fi Antenna Replacement	Nintendo 3DS	6	1	Nintendo_3DS/6177_Nintendo_3DS_Wi-Fi_Antenna_Replacement/step06_1.jpg	https://guide-images.cdn.ifixit.com/igi/WciIxkCGqqeSwjDE.large	David Hodson	https://www.ifixit.com/Guide/Nintendo+3DS+Wi-Fi+Antenna+Replacement/6177
6177	Nintendo 3DS Wi-Fi Antenna Replacement	Nintendo 3DS	7	1	Nintendo_3DS/6177_Nintendo_3DS_Wi-Fi_Antenna_Replacement/step07_1.jpg	https://guide-images.cdn.ifixit.com/igi/bMBnFDhOIiWPDfD6.large	David Hodson	https://www.ifixit.com/Guide/Nintendo+3DS+Wi-Fi+Antenna+Replacement/6177
6177	Nintendo 3DS Wi-Fi Antenna Replacement	Nintendo 3DS	7	2	Nintendo_3DS/6177_Nintendo_3DS_Wi-Fi_Antenna_Replacement/step07_2.jpg	https://guide-images.cdn.ifixit.com/igi/E4TVtF3ttsxMSdVm.large	David Hodson	https://www.ifixit.com/Guide/Nintendo+3DS+Wi-Fi+Antenna+Replacement/6177
6177	Nintendo 3DS Wi-Fi Antenna Replacement	Nintendo 3DS	7	3	Nintendo_3DS/6177_Nintendo_3DS_Wi-Fi_Antenna_Replacement/step07_3.jpg	https://guide-images.cdn.ifixit.com/igi/X2gZcTXBxZmTrD5t.large	David Hodson	https://www.ifixit.com/Guide/Nintendo+3DS+Wi-Fi+Antenna+Replacement/6177
6177	Nintendo 3DS Wi-Fi Antenna Replacement	Nintendo 3DS	8	1	Nintendo_3DS/6177_Nintendo_3DS_Wi-Fi_Antenna_Replacement/step08_1.jpg	https://guide-images.cdn.ifixit.com/igi/IKPPuB5DIoRiDx2E.large	David Hodson	https://www.ifixit.com/Guide/Nintendo+3DS+Wi-Fi+Antenna+Replacement/6177
6177	Nintendo 3DS Wi-Fi Antenna Replacement	Nintendo 3DS	8	2	Nintendo_3DS/6177_Nintendo_3DS_Wi-Fi_Antenna_Replacement/step08_2.jpg	https://guide-images.cdn.ifixit.com/igi/SLSbhMgUFDj5mMLx.large	David Hodson	https://www.ifixit.com/Guide/Nintendo+3DS+Wi-Fi+Antenna+Replacement/6177
6177	Nintendo 3DS Wi-Fi Antenna Replacement	Nintendo 3DS	8	3	Nintendo_3DS/6177_Nintendo_3DS_Wi-Fi_Antenna_Replacement/step08_3.jpg	https://guide-images.cdn.ifixit.com/igi/aoqcp6SgbWFZPOht.large	David Hodson	https://www.ifixit.com/Guide/Nintendo+3DS+Wi-Fi+Antenna+Replacement/6177
6177	Nintendo 3DS Wi-Fi Antenna Replacement	Nintendo 3DS	9	1	Nintendo_3DS/6177_Nintendo_3DS_Wi-Fi_Antenna_Replacement/step09_1.jpg	https://guide-images.cdn.ifixit.com/igi/avCvIWYWgJyNbmBI.large	David Hodson	https://www.ifixit.com/Guide/Nintendo+3DS+Wi-Fi+Antenna+Replacement/6177
6177	Nintendo 3DS Wi-Fi Antenna Replacement	Nintendo 3DS	9	2	Nintendo_3DS/6177_Nintendo_3DS_Wi-Fi_Antenna_Replacement/step09_2.jpg	https://guide-images.cdn.ifixit.com/igi/pYrbGImK2u45deHC.large	David Hodson	https://www.ifixit.com/Guide/Nintendo+3DS+Wi-Fi+Antenna+Replacement/6177
6177	Nintendo 3DS Wi-Fi Antenna Replacement	Nintendo 3DS	10	1	Nintendo_3DS/6177_Nintendo_3DS_Wi-Fi_Antenna_Replacement/step10_1.jpg	https://guide-images.cdn.ifixit.com/igi/KjtBrbEaOGvLPWcX.large	David Hodson	https://www.ifixit.com/Guide/Nintendo+3DS+Wi-Fi+Antenna+Replacement/6177
6177	Nintendo 3DS Wi-Fi Antenna Replacement	Nintendo 3DS	11	1	Nintendo_3DS/6177_Nintendo_3DS_Wi-Fi_Antenna_Replacement/step11_1.jpg	https://guide-images.cdn.ifixit.com/igi/UF24JkJiQnIFyP6B.large	David Hodson	https://www.ifixit.com/Guide/Nintendo+3DS+Wi-Fi+Antenna+Replacement/6177
6177	Nintendo 3DS Wi-Fi Antenna Replacement	Nintendo 3DS	11	2	Nintendo_3DS/6177_Nintendo_3DS_Wi-Fi_Antenna_Replacement/step11_2.jpg	https://guide-images.cdn.ifixit.com/igi/auwosXvOBdHtWtKv.large	David Hodson	https://www.ifixit.com/Guide/Nintendo+3DS+Wi-Fi+Antenna+Replacement/6177
6177	Nintendo 3DS Wi-Fi Antenna Replacement	Nintendo 3DS	12	1	Nintendo_3DS/6177_Nintendo_3DS_Wi-Fi_Antenna_Replacement/step12_1.jpg	https://guide-images.cdn.ifixit.com/igi/dqVaYcHR1MgDcmdV.large	David Hodson	https://www.ifixit.com/Guide/Nintendo+3DS+Wi-Fi+Antenna+Replacement/6177
6177	Nintendo 3DS Wi-Fi Antenna Replacement	Nintendo 3DS	12	2	Nintendo_3DS/6177_Nintendo_3DS_Wi-Fi_Antenna_Replacement/step12_2.jpg	https://guide-images.cdn.ifixit.com/igi/2VMuJYwG2iUrEsLA.large	David Hodson	https://www.ifixit.com/Guide/Nintendo+3DS+Wi-Fi+Antenna+Replacement/6177
6177	Nintendo 3DS Wi-Fi Antenna Replacement	Nintendo 3DS	12	3	Nintendo_3DS/6177_Nintendo_3DS_Wi-Fi_Antenna_Replacement/step12_3.jpg	https://guide-images.cdn.ifixit.com/igi/jtGmtOcX1IDoOXDA.large	David Hodson	https://www.ifixit.com/Guide/Nintendo+3DS+Wi-Fi+Antenna+Replacement/6177
6177	Nintendo 3DS Wi-Fi Antenna Replacement	Nintendo 3DS	13	1	Nintendo_3DS/6177_Nintendo_3DS_Wi-Fi_Antenna_Replacement/step13_1.jpg	https://guide-images.cdn.ifixit.com/igi/jBrYqTnBuAuWfLxA.large	David Hodson	https://www.ifixit.com/Guide/Nintendo+3DS+Wi-Fi+Antenna+Replacement/6177
6177	Nintendo 3DS Wi-Fi Antenna Replacement	Nintendo 3DS	13	2	Nintendo_3DS/6177_Nintendo_3DS_Wi-Fi_Antenna_Replacement/step13_2.jpg	https://guide-images.cdn.ifixit.com/igi/VovJlB5sgUp3CMYO.large	David Hodson	https://www.ifixit.com/Guide/Nintendo+3DS+Wi-Fi+Antenna+Replacement/6177
6177	Nintendo 3DS Wi-Fi Antenna Replacement	Nintendo 3DS	14	1	Nintendo_3DS/6177_Nintendo_3DS_Wi-Fi_Antenna_Replacement/step14_1.jpg	https://guide-images.cdn.ifixit.com/igi/SraCcIwGIBJJAuAp.large	David Hodson	https://www.ifixit.com/Guide/Nintendo+3DS+Wi-Fi+Antenna+Replacement/6177
6177	Nintendo 3DS Wi-Fi Antenna Replacement	Nintendo 3DS	14	2	Nintendo_3DS/6177_Nintendo_3DS_Wi-Fi_Antenna_Replacement/step14_2.jpg	https://guide-images.cdn.ifixit.com/igi/LY3YrJcYkPo5gP6C.large	David Hodson	https://www.ifixit.com/Guide/Nintendo+3DS+Wi-Fi+Antenna+Replacement/6177
6177	Nintendo 3DS Wi-Fi Antenna Replacement	Nintendo 3DS	14	3	Nintendo_3DS/6177_Nintendo_3DS_Wi-Fi_Antenna_Replacement/step14_3.jpg	https://guide-images.cdn.ifixit.com/igi/EAUNvpGX54AVCRTt.large	David Hodson	https://www.ifixit.com/Guide/Nintendo+3DS+Wi-Fi+Antenna+Replacement/6177
6177	Nintendo 3DS Wi-Fi Antenna Replacement	Nintendo 3DS	15	1	Nintendo_3DS/6177_Nintendo_3DS_Wi-Fi_Antenna_Replacement/step15_1.jpg	https://guide-images.cdn.ifixit.com/igi/GvmVFKYnXCf4Ad2y.large	David Hodson	https://www.ifixit.com/Guide/Nintendo+3DS+Wi-Fi+Antenna+Replacement/6177
6177	Nintendo 3DS Wi-Fi Antenna Replacement	Nintendo 3DS	15	2	Nintendo_3DS/6177_Nintendo_3DS_Wi-Fi_Antenna_Replacement/step15_2.jpg	https://guide-images.cdn.ifixit.com/igi/LZS3t4NaRFTpclGb.large	David Hodson	https://www.ifixit.com/Guide/Nintendo+3DS+Wi-Fi+Antenna+Replacement/6177
6177	Nintendo 3DS Wi-Fi Antenna Replacement	Nintendo 3DS	16	1	Nintendo_3DS/6177_Nintendo_3DS_Wi-Fi_Antenna_Replacement/step16_1.jpg	https://guide-images.cdn.ifixit.com/igi/25ZFGvrIiHhJpHNJ.large	David Hodson	https://www.ifixit.com/Guide/Nintendo+3DS+Wi-Fi+Antenna+Replacement/6177
6177	Nintendo 3DS Wi-Fi Antenna Replacement	Nintendo 3DS	16	2	Nintendo_3DS/6177_Nintendo_3DS_Wi-Fi_Antenna_Replacement/step16_2.jpg	https://guide-images.cdn.ifixit.com/igi/i4evTtTHPCBFDRMB.large	David Hodson	https://www.ifixit.com/Guide/Nintendo+3DS+Wi-Fi+Antenna+Replacement/6177
6177	Nintendo 3DS Wi-Fi Antenna Replacement	Nintendo 3DS	16	3	Nintendo_3DS/6177_Nintendo_3DS_Wi-Fi_Antenna_Replacement/step16_3.jpg	https://guide-images.cdn.ifixit.com/igi/yNVXTtRLBpMiK2pb.large	David Hodson	https://www.ifixit.com/Guide/Nintendo+3DS+Wi-Fi+Antenna+Replacement/6177
6177	Nintendo 3DS Wi-Fi Antenna Replacement	Nintendo 3DS	17	1	Nintendo_3DS/6177_Nintendo_3DS_Wi-Fi_Antenna_Replacement/step17_1.jpg	https://guide-images.cdn.ifixit.com/igi/yOUm6AVnsyNl2Kxx.large	David Hodson	https://www.ifixit.com/Guide/Nintendo+3DS+Wi-Fi+Antenna+Replacement/6177
6177	Nintendo 3DS Wi-Fi Antenna Replacement	Nintendo 3DS	17	2	Nintendo_3DS/6177_Nintendo_3DS_Wi-Fi_Antenna_Replacement/step17_2.jpg	https://guide-images.cdn.ifixit.com/igi/c2ae6fi3IwlqKoxX.large	David Hodson	https://www.ifixit.com/Guide/Nintendo+3DS+Wi-Fi+Antenna+Replacement/6177
6177	Nintendo 3DS Wi-Fi Antenna Replacement	Nintendo 3DS	18	1	Nintendo_3DS/6177_Nintendo_3DS_Wi-Fi_Antenna_Replacement/step18_1.jpg	https://guide-images.cdn.ifixit.com/igi/EmLwpIWMHAUXlKcg.large	David Hodson	https://www.ifixit.com/Guide/Nintendo+3DS+Wi-Fi+Antenna+Replacement/6177
6177	Nintendo 3DS Wi-Fi Antenna Replacement	Nintendo 3DS	18	2	Nintendo_3DS/6177_Nintendo_3DS_Wi-Fi_Antenna_Replacement/step18_2.jpg	https://guide-images.cdn.ifixit.com/igi/IXUQYqG1gyvxYgwe.large	David Hodson	https://www.ifixit.com/Guide/Nintendo+3DS+Wi-Fi+Antenna+Replacement/6177
6177	Nintendo 3DS Wi-Fi Antenna Replacement	Nintendo 3DS	18	3	Nintendo_3DS/6177_Nintendo_3DS_Wi-Fi_Antenna_Replacement/step18_3.jpg	https://guide-images.cdn.ifixit.com/igi/1kuDOCEI4UjfOZIM.large	David Hodson	https://www.ifixit.com/Guide/Nintendo+3DS+Wi-Fi+Antenna+Replacement/6177
6177	Nintendo 3DS Wi-Fi Antenna Replacement	Nintendo 3DS	19	1	Nintendo_3DS/6177_Nintendo_3DS_Wi-Fi_Antenna_Replacement/step19_1.jpg	https://guide-images.cdn.ifixit.com/igi/mvScsefxXqHAGBLm.large	David Hodson	https://www.ifixit.com/Guide/Nintendo+3DS+Wi-Fi+Antenna+Replacement/6177
6177	Nintendo 3DS Wi-Fi Antenna Replacement	Nintendo 3DS	19	2	Nintendo_3DS/6177_Nintendo_3DS_Wi-Fi_Antenna_Replacement/step19_2.jpg	https://guide-images.cdn.ifixit.com/igi/oGpw5HroZQgNsU1M.large	David Hodson	https://www.ifixit.com/Guide/Nintendo+3DS+Wi-Fi+Antenna+Replacement/6177
6177	Nintendo 3DS Wi-Fi Antenna Replacement	Nintendo 3DS	19	3	Nintendo_3DS/6177_Nintendo_3DS_Wi-Fi_Antenna_Replacement/step19_3.jpg	https://guide-images.cdn.ifixit.com/igi/5MMDGphdb1IVdyhn.large	David Hodson	https://www.ifixit.com/Guide/Nintendo+3DS+Wi-Fi+Antenna+Replacement/6177
6177	Nintendo 3DS Wi-Fi Antenna Replacement	Nintendo 3DS	20	1	Nintendo_3DS/6177_Nintendo_3DS_Wi-Fi_Antenna_Replacement/step20_1.jpg	https://guide-images.cdn.ifixit.com/igi/Ql2QL1iOEaeAbBlw.large	David Hodson	https://www.ifixit.com/Guide/Nintendo+3DS+Wi-Fi+Antenna+Replacement/6177
6177	Nintendo 3DS Wi-Fi Antenna Replacement	Nintendo 3DS	21	1	Nintendo_3DS/6177_Nintendo_3DS_Wi-Fi_Antenna_Replacement/step21_1.jpg	https://guide-images.cdn.ifixit.com/igi/GQ4uJdtZuSTWU1Mg.large	David Hodson	https://www.ifixit.com/Guide/Nintendo+3DS+Wi-Fi+Antenna+Replacement/6177
6177	Nintendo 3DS Wi-Fi Antenna Replacement	Nintendo 3DS	22	1	Nintendo_3DS/6177_Nintendo_3DS_Wi-Fi_Antenna_Replacement/step22_1.jpg	https://guide-images.cdn.ifixit.com/igi/QsISUGQUwDpkEOfn.large	David Hodson	https://www.ifixit.com/Guide/Nintendo+3DS+Wi-Fi+Antenna+Replacement/6177
6177	Nintendo 3DS Wi-Fi Antenna Replacement	Nintendo 3DS	22	2	Nintendo_3DS/6177_Nintendo_3DS_Wi-Fi_Antenna_Replacement/step22_2.jpg	https://guide-images.cdn.ifixit.com/igi/PWhSLxvHRCKWOiUk.large	David Hodson	https://www.ifixit.com/Guide/Nintendo+3DS+Wi-Fi+Antenna+Replacement/6177
6177	Nintendo 3DS Wi-Fi Antenna Replacement	Nintendo 3DS	23	1	Nintendo_3DS/6177_Nintendo_3DS_Wi-Fi_Antenna_Replacement/step23_1.jpg	https://guide-images.cdn.ifixit.com/igi/l52JVfBDIG53aUlr.large	David Hodson	https://www.ifixit.com/Guide/Nintendo+3DS+Wi-Fi+Antenna+Replacement/6177
6177	Nintendo 3DS Wi-Fi Antenna Replacement	Nintendo 3DS	23	2	Nintendo_3DS/6177_Nintendo_3DS_Wi-Fi_Antenna_Replacement/step23_2.jpg	https://guide-images.cdn.ifixit.com/igi/YVXZqAQhGMQgCGHq.large	David Hodson	https://www.ifixit.com/Guide/Nintendo+3DS+Wi-Fi+Antenna+Replacement/6177
6177	Nintendo 3DS Wi-Fi Antenna Replacement	Nintendo 3DS	24	1	Nintendo_3DS/6177_Nintendo_3DS_Wi-Fi_Antenna_Replacement/step24_1.jpg	https://guide-images.cdn.ifixit.com/igi/CcUHZWacehpZhwuv.large	David Hodson	https://www.ifixit.com/Guide/Nintendo+3DS+Wi-Fi+Antenna+Replacement/6177
6177	Nintendo 3DS Wi-Fi Antenna Replacement	Nintendo 3DS	24	2	Nintendo_3DS/6177_Nintendo_3DS_Wi-Fi_Antenna_Replacement/step24_2.jpg	https://guide-images.cdn.ifixit.com/igi/ergZRkKDRqL4NaO2.large	David Hodson	https://www.ifixit.com/Guide/Nintendo+3DS+Wi-Fi+Antenna+Replacement/6177
6177	Nintendo 3DS Wi-Fi Antenna Replacement	Nintendo 3DS	25	1	Nintendo_3DS/6177_Nintendo_3DS_Wi-Fi_Antenna_Replacement/step25_1.jpg	https://guide-images.cdn.ifixit.com/igi/vBXZXoIEb1MAw6nC.large	David Hodson	https://www.ifixit.com/Guide/Nintendo+3DS+Wi-Fi+Antenna+Replacement/6177
6177	Nintendo 3DS Wi-Fi Antenna Replacement	Nintendo 3DS	25	2	Nintendo_3DS/6177_Nintendo_3DS_Wi-Fi_Antenna_Replacement/step25_2.jpg	https://guide-images.cdn.ifixit.com/igi/SOwuAwjY5Z1RrqPE.large	David Hodson	https://www.ifixit.com/Guide/Nintendo+3DS+Wi-Fi+Antenna+Replacement/6177
6177	Nintendo 3DS Wi-Fi Antenna Replacement	Nintendo 3DS	26	1	Nintendo_3DS/6177_Nintendo_3DS_Wi-Fi_Antenna_Replacement/step26_1.jpg	https://guide-images.cdn.ifixit.com/igi/3vhNiyoUUBKsRXyw.large	David Hodson	https://www.ifixit.com/Guide/Nintendo+3DS+Wi-Fi+Antenna+Replacement/6177
6177	Nintendo 3DS Wi-Fi Antenna Replacement	Nintendo 3DS	27	1	Nintendo_3DS/6177_Nintendo_3DS_Wi-Fi_Antenna_Replacement/step27_1.jpg	https://guide-images.cdn.ifixit.com/igi/VJu6vq1AG5xsjxqJ.large	David Hodson	https://www.ifixit.com/Guide/Nintendo+3DS+Wi-Fi+Antenna+Replacement/6177
6177	Nintendo 3DS Wi-Fi Antenna Replacement	Nintendo 3DS	27	2	Nintendo_3DS/6177_Nintendo_3DS_Wi-Fi_Antenna_Replacement/step27_2.jpg	https://guide-images.cdn.ifixit.com/igi/VgAGWPtsWHtSwJIw.large	David Hodson	https://www.ifixit.com/Guide/Nintendo+3DS+Wi-Fi+Antenna+Replacement/6177
6177	Nintendo 3DS Wi-Fi Antenna Replacement	Nintendo 3DS	28	1	Nintendo_3DS/6177_Nintendo_3DS_Wi-Fi_Antenna_Replacement/step28_1.jpg	https://guide-images.cdn.ifixit.com/igi/YUyZkdPHGQjmdG1f.large	David Hodson	https://www.ifixit.com/Guide/Nintendo+3DS+Wi-Fi+Antenna+Replacement/6177
6177	Nintendo 3DS Wi-Fi Antenna Replacement	Nintendo 3DS	29	1	Nintendo_3DS/6177_Nintendo_3DS_Wi-Fi_Antenna_Replacement/step29_1.jpg	https://guide-images.cdn.ifixit.com/igi/ARwecy62kkQBvNdX.large	David Hodson	https://www.ifixit.com/Guide/Nintendo+3DS+Wi-Fi+Antenna+Replacement/6177
6177	Nintendo 3DS Wi-Fi Antenna Replacement	Nintendo 3DS	29	2	Nintendo_3DS/6177_Nintendo_3DS_Wi-Fi_Antenna_Replacement/step29_2.jpg	https://guide-images.cdn.ifixit.com/igi/hrbYeYIJ1f2FcAZW.large	David Hodson	https://www.ifixit.com/Guide/Nintendo+3DS+Wi-Fi+Antenna+Replacement/6177
6177	Nintendo 3DS Wi-Fi Antenna Replacement	Nintendo 3DS	29	3	Nintendo_3DS/6177_Nintendo_3DS_Wi-Fi_Antenna_Replacement/step29_3.jpg	https://guide-images.cdn.ifixit.com/igi/emHxSLPovUdP1cHq.large	David Hodson	https://www.ifixit.com/Guide/Nintendo+3DS+Wi-Fi+Antenna+Replacement/6177
6177	Nintendo 3DS Wi-Fi Antenna Replacement	Nintendo 3DS	30	1	Nintendo_3DS/6177_Nintendo_3DS_Wi-Fi_Antenna_Replacement/step30_1.jpg	https://guide-images.cdn.ifixit.com/igi/LssuoXDWZThkASXQ.large	David Hodson	https://www.ifixit.com/Guide/Nintendo+3DS+Wi-Fi+Antenna+Replacement/6177
6177	Nintendo 3DS Wi-Fi Antenna Replacement	Nintendo 3DS	30	2	Nintendo_3DS/6177_Nintendo_3DS_Wi-Fi_Antenna_Replacement/step30_2.jpg	https://guide-images.cdn.ifixit.com/igi/hphARWRxKARcNXAU.large	David Hodson	https://www.ifixit.com/Guide/Nintendo+3DS+Wi-Fi+Antenna+Replacement/6177
6177	Nintendo 3DS Wi-Fi Antenna Replacement	Nintendo 3DS	30	3	Nintendo_3DS/6177_Nintendo_3DS_Wi-Fi_Antenna_Replacement/step30_3.jpg	https://guide-images.cdn.ifixit.com/igi/v3OK1UBgXi5CHRIU.large	David Hodson	https://www.ifixit.com/Guide/Nintendo+3DS+Wi-Fi+Antenna+Replacement/6177
6177	Nintendo 3DS Wi-Fi Antenna Replacement	Nintendo 3DS	31	1	Nintendo_3DS/6177_Nintendo_3DS_Wi-Fi_Antenna_Replacement/step31_1.jpg	https://guide-images.cdn.ifixit.com/igi/66d3uIMZDexSZwIC.large	David Hodson	https://www.ifixit.com/Guide/Nintendo+3DS+Wi-Fi+Antenna+Replacement/6177
6177	Nintendo 3DS Wi-Fi Antenna Replacement	Nintendo 3DS	31	2	Nintendo_3DS/6177_Nintendo_3DS_Wi-Fi_Antenna_Replacement/step31_2.jpg	https://guide-images.cdn.ifixit.com/igi/2dqjXMhmsSREAIWy.large	David Hodson	https://www.ifixit.com/Guide/Nintendo+3DS+Wi-Fi+Antenna+Replacement/6177
6177	Nintendo 3DS Wi-Fi Antenna Replacement	Nintendo 3DS	32	1	Nintendo_3DS/6177_Nintendo_3DS_Wi-Fi_Antenna_Replacement/step32_1.jpg	https://guide-images.cdn.ifixit.com/igi/sng12ENNQSTnpgJr.large	David Hodson	https://www.ifixit.com/Guide/Nintendo+3DS+Wi-Fi+Antenna+Replacement/6177
6177	Nintendo 3DS Wi-Fi Antenna Replacement	Nintendo 3DS	33	1	Nintendo_3DS/6177_Nintendo_3DS_Wi-Fi_Antenna_Replacement/step33_1.jpg	https://guide-images.cdn.ifixit.com/igi/FDG22u42MIiidkrj.large	David Hodson	https://www.ifixit.com/Guide/Nintendo+3DS+Wi-Fi+Antenna+Replacement/6177
6177	Nintendo 3DS Wi-Fi Antenna Replacement	Nintendo 3DS	33	2	Nintendo_3DS/6177_Nintendo_3DS_Wi-Fi_Antenna_Replacement/step33_2.jpg	https://guide-images.cdn.ifixit.com/igi/WYCVrLNo2GTIE52b.large	David Hodson	https://www.ifixit.com/Guide/Nintendo+3DS+Wi-Fi+Antenna+Replacement/6177
6177	Nintendo 3DS Wi-Fi Antenna Replacement	Nintendo 3DS	33	3	Nintendo_3DS/6177_Nintendo_3DS_Wi-Fi_Antenna_Replacement/step33_3.jpg	https://guide-images.cdn.ifixit.com/igi/FLKgZpawlJpUFKOs.large	David Hodson	https://www.ifixit.com/Guide/Nintendo+3DS+Wi-Fi+Antenna+Replacement/6177
6177	Nintendo 3DS Wi-Fi Antenna Replacement	Nintendo 3DS	34	1	Nintendo_3DS/6177_Nintendo_3DS_Wi-Fi_Antenna_Replacement/step34_1.jpg	https://guide-images.cdn.ifixit.com/igi/CVRyutJikGedTBkY.large	David Hodson	https://www.ifixit.com/Guide/Nintendo+3DS+Wi-Fi+Antenna+Replacement/6177
6177	Nintendo 3DS Wi-Fi Antenna Replacement	Nintendo 3DS	34	2	Nintendo_3DS/6177_Nintendo_3DS_Wi-Fi_Antenna_Replacement/step34_2.jpg	https://guide-images.cdn.ifixit.com/igi/OQiNnCWXLP1F6SmG.large	David Hodson	https://www.ifixit.com/Guide/Nintendo+3DS+Wi-Fi+Antenna+Replacement/6177
6177	Nintendo 3DS Wi-Fi Antenna Replacement	Nintendo 3DS	34	3	Nintendo_3DS/6177_Nintendo_3DS_Wi-Fi_Antenna_Replacement/step34_3.jpg	https://guide-images.cdn.ifixit.com/igi/BTRMCm3C4OZugVaY.large	David Hodson	https://www.ifixit.com/Guide/Nintendo+3DS+Wi-Fi+Antenna+Replacement/6177
6177	Nintendo 3DS Wi-Fi Antenna Replacement	Nintendo 3DS	35	1	Nintendo_3DS/6177_Nintendo_3DS_Wi-Fi_Antenna_Replacement/step35_1.jpg	https://guide-images.cdn.ifixit.com/igi/UgR2YYdI5pdo6SIb.large	David Hodson	https://www.ifixit.com/Guide/Nintendo+3DS+Wi-Fi+Antenna+Replacement/6177
6177	Nintendo 3DS Wi-Fi Antenna Replacement	Nintendo 3DS	36	1	Nintendo_3DS/6177_Nintendo_3DS_Wi-Fi_Antenna_Replacement/step36_1.jpg	https://guide-images.cdn.ifixit.com/igi/qpT2FpyYNMfIAErC.large	David Hodson	https://www.ifixit.com/Guide/Nintendo+3DS+Wi-Fi+Antenna+Replacement/6177
6177	Nintendo 3DS Wi-Fi Antenna Replacement	Nintendo 3DS	36	2	Nintendo_3DS/6177_Nintendo_3DS_Wi-Fi_Antenna_Replacement/step36_2.jpg	https://guide-images.cdn.ifixit.com/igi/hPS5mNxroaeyAXrf.large	David Hodson	https://www.ifixit.com/Guide/Nintendo+3DS+Wi-Fi+Antenna+Replacement/6177
6177	Nintendo 3DS Wi-Fi Antenna Replacement	Nintendo 3DS	37	1	Nintendo_3DS/6177_Nintendo_3DS_Wi-Fi_Antenna_Replacement/step37_1.jpg	https://guide-images.cdn.ifixit.com/igi/lTDbDIBsepQCAQwT.large	David Hodson	https://www.ifixit.com/Guide/Nintendo+3DS+Wi-Fi+Antenna+Replacement/6177
6177	Nintendo 3DS Wi-Fi Antenna Replacement	Nintendo 3DS	37	2	Nintendo_3DS/6177_Nintendo_3DS_Wi-Fi_Antenna_Replacement/step37_2.jpg	https://guide-images.cdn.ifixit.com/igi/byRCB6ALXhaSxqSC.large	David Hodson	https://www.ifixit.com/Guide/Nintendo+3DS+Wi-Fi+Antenna+Replacement/6177
6177	Nintendo 3DS Wi-Fi Antenna Replacement	Nintendo 3DS	37	3	Nintendo_3DS/6177_Nintendo_3DS_Wi-Fi_Antenna_Replacement/step37_3.jpg	https://guide-images.cdn.ifixit.com/igi/mVgRXYMMZSZLXqIQ.large	David Hodson	https://www.ifixit.com/Guide/Nintendo+3DS+Wi-Fi+Antenna+Replacement/6177
6177	Nintendo 3DS Wi-Fi Antenna Replacement	Nintendo 3DS	38	1	Nintendo_3DS/6177_Nintendo_3DS_Wi-Fi_Antenna_Replacement/step38_1.jpg	https://guide-images.cdn.ifixit.com/igi/MGFjYfQVQcBfCOqF.large	David Hodson	https://www.ifixit.com/Guide/Nintendo+3DS+Wi-Fi+Antenna+Replacement/6177
6177	Nintendo 3DS Wi-Fi Antenna Replacement	Nintendo 3DS	38	2	Nintendo_3DS/6177_Nintendo_3DS_Wi-Fi_Antenna_Replacement/step38_2.jpg	https://guide-images.cdn.ifixit.com/igi/JErsZIMOSRSPytZI.large	David Hodson	https://www.ifixit.com/Guide/Nintendo+3DS+Wi-Fi+Antenna+Replacement/6177
6177	Nintendo 3DS Wi-Fi Antenna Replacement	Nintendo 3DS	39	1	Nintendo_3DS/6177_Nintendo_3DS_Wi-Fi_Antenna_Replacement/step39_1.jpg	https://guide-images.cdn.ifixit.com/igi/ihpbbyDPOKKE2hwn.large	David Hodson	https://www.ifixit.com/Guide/Nintendo+3DS+Wi-Fi+Antenna+Replacement/6177
6177	Nintendo 3DS Wi-Fi Antenna Replacement	Nintendo 3DS	39	2	Nintendo_3DS/6177_Nintendo_3DS_Wi-Fi_Antenna_Replacement/step39_2.jpg	https://guide-images.cdn.ifixit.com/igi/BSNcJ64jEGkH4XaT.large	David Hodson	https://www.ifixit.com/Guide/Nintendo+3DS+Wi-Fi+Antenna+Replacement/6177
6177	Nintendo 3DS Wi-Fi Antenna Replacement	Nintendo 3DS	40	1	Nintendo_3DS/6177_Nintendo_3DS_Wi-Fi_Antenna_Replacement/step40_1.jpg	https://guide-images.cdn.ifixit.com/igi/JrphH3jHSG6NahvJ.large	David Hodson	https://www.ifixit.com/Guide/Nintendo+3DS+Wi-Fi+Antenna+Replacement/6177
6177	Nintendo 3DS Wi-Fi Antenna Replacement	Nintendo 3DS	40	2	Nintendo_3DS/6177_Nintendo_3DS_Wi-Fi_Antenna_Replacement/step40_2.jpg	https://guide-images.cdn.ifixit.com/igi/EMVcksGvpK1vyfnj.large	David Hodson	https://www.ifixit.com/Guide/Nintendo+3DS+Wi-Fi+Antenna+Replacement/6177
6177	Nintendo 3DS Wi-Fi Antenna Replacement	Nintendo 3DS	41	1	Nintendo_3DS/6177_Nintendo_3DS_Wi-Fi_Antenna_Replacement/step41_1.jpg	https://guide-images.cdn.ifixit.com/igi/JIP46CBhMYB2TDVT.large	David Hodson	https://www.ifixit.com/Guide/Nintendo+3DS+Wi-Fi+Antenna+Replacement/6177
6184	Nintendo 3DS Upper LCD Replacement	Nintendo 3DS	1	1	Nintendo_3DS/6184_Nintendo_3DS_Upper_LCD_Replacement/step01_1.jpg	https://guide-images.cdn.ifixit.com/igi/ihpbbyDPOKKE2hwn.large	David Hodson	https://www.ifixit.com/Guide/Nintendo+3DS+Upper+LCD+Replacement/6184
6184	Nintendo 3DS Upper LCD Replacement	Nintendo 3DS	1	2	Nintendo_3DS/6184_Nintendo_3DS_Upper_LCD_Replacement/step01_2.jpg	https://guide-images.cdn.ifixit.com/igi/BSNcJ64jEGkH4XaT.large	David Hodson	https://www.ifixit.com/Guide/Nintendo+3DS+Upper+LCD+Replacement/6184
25068	Nintendo 3DS XL Battery Replacement	Nintendo 3DS XL	1	1	Nintendo_3DS_XL/25068_Nintendo_3DS_XL_Battery_Replacement/step01_1.jpg	https://guide-images.cdn.ifixit.com/igi/aua1HuxRJiv5uvEW.large	Charlene Donlon	https://www.ifixit.com/Guide/Nintendo+3DS+XL+Battery+Replacement/25068
25068	Nintendo 3DS XL Battery Replacement	Nintendo 3DS XL	2	1	Nintendo_3DS_XL/25068_Nintendo_3DS_XL_Battery_Replacement/step02_1.jpg	https://guide-images.cdn.ifixit.com/igi/GUqhWChaLM3ZkYDT.large	Charlene Donlon	https://www.ifixit.com/Guide/Nintendo+3DS+XL+Battery+Replacement/25068
25068	Nintendo 3DS XL Battery Replacement	Nintendo 3DS XL	2	2	Nintendo_3DS_XL/25068_Nintendo_3DS_XL_Battery_Replacement/step02_2.jpg	https://guide-images.cdn.ifixit.com/igi/w2fpAWwgAJcqSHZQ.large	Charlene Donlon	https://www.ifixit.com/Guide/Nintendo+3DS+XL+Battery+Replacement/25068
25068	Nintendo 3DS XL Battery Replacement	Nintendo 3DS XL	3	1	Nintendo_3DS_XL/25068_Nintendo_3DS_XL_Battery_Replacement/step03_1.jpg	https://guide-images.cdn.ifixit.com/igi/C6DIOSrlv4hCvQlN.large	Charlene Donlon	https://www.ifixit.com/Guide/Nintendo+3DS+XL+Battery+Replacement/25068
25068	Nintendo 3DS XL Battery Replacement	Nintendo 3DS XL	3	2	Nintendo_3DS_XL/25068_Nintendo_3DS_XL_Battery_Replacement/step03_2.jpg	https://guide-images.cdn.ifixit.com/igi/gKdhLpsCKBQbRC2P.large	Charlene Donlon	https://www.ifixit.com/Guide/Nintendo+3DS+XL+Battery+Replacement/25068
25068	Nintendo 3DS XL Battery Replacement	Nintendo 3DS XL	3	3	Nintendo_3DS_XL/25068_Nintendo_3DS_XL_Battery_Replacement/step03_3.jpg	https://guide-images.cdn.ifixit.com/igi/pL42eowreW5MQMTY.large	Charlene Donlon	https://www.ifixit.com/Guide/Nintendo+3DS+XL+Battery+Replacement/25068
25069	Nintendo 3DS XL Power Button Replacement	Nintendo 3DS XL	1	1	Nintendo_3DS_XL/25069_Nintendo_3DS_XL_Power_Button_Replacement/step01_1.jpg	https://guide-images.cdn.ifixit.com/igi/aua1HuxRJiv5uvEW.large	Charlene Donlon	https://www.ifixit.com/Guide/Nintendo+3DS+XL+Power+Button+Replacement/25069
25069	Nintendo 3DS XL Power Button Replacement	Nintendo 3DS XL	2	1	Nintendo_3DS_XL/25069_Nintendo_3DS_XL_Power_Button_Replacement/step02_1.jpg	https://guide-images.cdn.ifixit.com/igi/GUqhWChaLM3ZkYDT.large	Charlene Donlon	https://www.ifixit.com/Guide/Nintendo+3DS+XL+Power+Button+Replacement/25069
25069	Nintendo 3DS XL Power Button Replacement	Nintendo 3DS XL	2	2	Nintendo_3DS_XL/25069_Nintendo_3DS_XL_Power_Button_Replacement/step02_2.jpg	https://guide-images.cdn.ifixit.com/igi/w2fpAWwgAJcqSHZQ.large	Charlene Donlon	https://www.ifixit.com/Guide/Nintendo+3DS+XL+Power+Button+Replacement/25069
25069	Nintendo 3DS XL Power Button Replacement	Nintendo 3DS XL	3	1	Nintendo_3DS_XL/25069_Nintendo_3DS_XL_Power_Button_Replacement/step03_1.jpg	https://guide-images.cdn.ifixit.com/igi/C6DIOSrlv4hCvQlN.large	Charlene Donlon	https://www.ifixit.com/Guide/Nintendo+3DS+XL+Power+Button+Replacement/25069
25069	Nintendo 3DS XL Power Button Replacement	Nintendo 3DS XL	3	2	Nintendo_3DS_XL/25069_Nintendo_3DS_XL_Power_Button_Replacement/step03_2.jpg	https://guide-images.cdn.ifixit.com/igi/gKdhLpsCKBQbRC2P.large	Charlene Donlon	https://www.ifixit.com/Guide/Nintendo+3DS+XL+Power+Button+Replacement/25069
25069	Nintendo 3DS XL Power Button Replacement	Nintendo 3DS XL	3	3	Nintendo_3DS_XL/25069_Nintendo_3DS_XL_Power_Button_Replacement/step03_3.jpg	https://guide-images.cdn.ifixit.com/igi/pL42eowreW5MQMTY.large	Charlene Donlon	https://www.ifixit.com/Guide/Nintendo+3DS+XL+Power+Button+Replacement/25069
25069	Nintendo 3DS XL Power Button Replacement	Nintendo 3DS XL	4	1	Nintendo_3DS_XL/25069_Nintendo_3DS_XL_Power_Button_Replacement/step04_1.jpg	https://guide-images.cdn.ifixit.com/igi/NDaL1FwfgpipXktP.large	Charlene Donlon	https://www.ifixit.com/Guide/Nintendo+3DS+XL+Power+Button+Replacement/25069
25069	Nintendo 3DS XL Power Button Replacement	Nintendo 3DS XL	4	2	Nintendo_3DS_XL/25069_Nintendo_3DS_XL_Power_Button_Replacement/step04_2.jpg	https://guide-images.cdn.ifixit.com/igi/ED2niUPcvZGc6RIq.large	Charlene Donlon	https://www.ifixit.com/Guide/Nintendo+3DS+XL+Power+Button+Replacement/25069
25069	Nintendo 3DS XL Power Button Replacement	Nintendo 3DS XL	5	1	Nintendo_3DS_XL/25069_Nintendo_3DS_XL_Power_Button_Replacement/step05_1.jpg	https://guide-images.cdn.ifixit.com/igi/TCb3gX1x3AIQipCO.large	Charlene Donlon	https://www.ifixit.com/Guide/Nintendo+3DS+XL+Power+Button+Replacement/25069
25069	Nintendo 3DS XL Power Button Replacement	Nintendo 3DS XL	5	2	Nintendo_3DS_XL/25069_Nintendo_3DS_XL_Power_Button_Replacement/step05_2.jpg	https://guide-images.cdn.ifixit.com/igi/ZUBt6MsBLfRC1bRg.large	Charlene Donlon	https://www.ifixit.com/Guide/Nintendo+3DS+XL+Power+Button+Replacement/25069
25069	Nintendo 3DS XL Power Button Replacement	Nintendo 3DS XL	6	1	Nintendo_3DS_XL/25069_Nintendo_3DS_XL_Power_Button_Replacement/step06_1.jpg	https://guide-images.cdn.ifixit.com/igi/lwAJqibixLXNUTvp.large	Charlene Donlon	https://www.ifixit.com/Guide/Nintendo+3DS+XL+Power+Button+Replacement/25069
25069	Nintendo 3DS XL Power Button Replacement	Nintendo 3DS XL	7	1	Nintendo_3DS_XL/25069_Nintendo_3DS_XL_Power_Button_Replacement/step07_1.jpg	https://guide-images.cdn.ifixit.com/igi/MZdsuNoC12SfAQg2.large	Charlene Donlon	https://www.ifixit.com/Guide/Nintendo+3DS+XL+Power+Button+Replacement/25069
25069	Nintendo 3DS XL Power Button Replacement	Nintendo 3DS XL	7	2	Nintendo_3DS_XL/25069_Nintendo_3DS_XL_Power_Button_Replacement/step07_2.jpg	https://guide-images.cdn.ifixit.com/igi/j4KlaO4YjMZXQMr1.large	Charlene Donlon	https://www.ifixit.com/Guide/Nintendo+3DS+XL+Power+Button+Replacement/25069
25069	Nintendo 3DS XL Power Button Replacement	Nintendo 3DS XL	7	3	Nintendo_3DS_XL/25069_Nintendo_3DS_XL_Power_Button_Replacement/step07_3.jpg	https://guide-images.cdn.ifixit.com/igi/egELWOpQy2ZM2GaK.large	Charlene Donlon	https://www.ifixit.com/Guide/Nintendo+3DS+XL+Power+Button+Replacement/25069
25069	Nintendo 3DS XL Power Button Replacement	Nintendo 3DS XL	8	1	Nintendo_3DS_XL/25069_Nintendo_3DS_XL_Power_Button_Replacement/step08_1.jpg	https://guide-images.cdn.ifixit.com/igi/ML2lLyhIAkqvwZ6M.large	Charlene Donlon	https://www.ifixit.com/Guide/Nintendo+3DS+XL+Power+Button+Replacement/25069
25069	Nintendo 3DS XL Power Button Replacement	Nintendo 3DS XL	8	2	Nintendo_3DS_XL/25069_Nintendo_3DS_XL_Power_Button_Replacement/step08_2.jpg	https://guide-images.cdn.ifixit.com/igi/vUOOFyrWcTD5U3Uc.large	Charlene Donlon	https://www.ifixit.com/Guide/Nintendo+3DS+XL+Power+Button+Replacement/25069
25069	Nintendo 3DS XL Power Button Replacement	Nintendo 3DS XL	8	3	Nintendo_3DS_XL/25069_Nintendo_3DS_XL_Power_Button_Replacement/step08_3.jpg	https://guide-images.cdn.ifixit.com/igi/QHCGlYtRbFsLEEwm.large	Charlene Donlon	https://www.ifixit.com/Guide/Nintendo+3DS+XL+Power+Button+Replacement/25069
25069	Nintendo 3DS XL Power Button Replacement	Nintendo 3DS XL	9	1	Nintendo_3DS_XL/25069_Nintendo_3DS_XL_Power_Button_Replacement/step09_1.jpg	https://guide-images.cdn.ifixit.com/igi/nLUoPQfoGUNaBU3D.large	Charlene Donlon	https://www.ifixit.com/Guide/Nintendo+3DS+XL+Power+Button+Replacement/25069
25069	Nintendo 3DS XL Power Button Replacement	Nintendo 3DS XL	9	2	Nintendo_3DS_XL/25069_Nintendo_3DS_XL_Power_Button_Replacement/step09_2.jpg	https://guide-images.cdn.ifixit.com/igi/gALvDvwpnAVUwYfJ.large	Charlene Donlon	https://www.ifixit.com/Guide/Nintendo+3DS+XL+Power+Button+Replacement/25069
25069	Nintendo 3DS XL Power Button Replacement	Nintendo 3DS XL	10	1	Nintendo_3DS_XL/25069_Nintendo_3DS_XL_Power_Button_Replacement/step10_1.jpg	https://guide-images.cdn.ifixit.com/igi/CI62DGXtCSkNx26o.large	Charlene Donlon	https://www.ifixit.com/Guide/Nintendo+3DS+XL+Power+Button+Replacement/25069
25069	Nintendo 3DS XL Power Button Replacement	Nintendo 3DS XL	10	2	Nintendo_3DS_XL/25069_Nintendo_3DS_XL_Power_Button_Replacement/step10_2.jpg	https://guide-images.cdn.ifixit.com/igi/W66IMNEFjpu6mMYa.large	Charlene Donlon	https://www.ifixit.com/Guide/Nintendo+3DS+XL+Power+Button+Replacement/25069
25069	Nintendo 3DS XL Power Button Replacement	Nintendo 3DS XL	11	1	Nintendo_3DS_XL/25069_Nintendo_3DS_XL_Power_Button_Replacement/step11_1.jpg	https://guide-images.cdn.ifixit.com/igi/CdVVBuCTeyDO5mZT.large	Charlene Donlon	https://www.ifixit.com/Guide/Nintendo+3DS+XL+Power+Button+Replacement/25069
25069	Nintendo 3DS XL Power Button Replacement	Nintendo 3DS XL	11	2	Nintendo_3DS_XL/25069_Nintendo_3DS_XL_Power_Button_Replacement/step11_2.jpg	https://guide-images.cdn.ifixit.com/igi/QynH2EYVTOOVVjMR.large	Charlene Donlon	https://www.ifixit.com/Guide/Nintendo+3DS+XL+Power+Button+Replacement/25069
25069	Nintendo 3DS XL Power Button Replacement	Nintendo 3DS XL	12	1	Nintendo_3DS_XL/25069_Nintendo_3DS_XL_Power_Button_Replacement/step12_1.jpg	https://guide-images.cdn.ifixit.com/igi/BDMRAdlBqGdfRmSi.large	Charlene Donlon	https://www.ifixit.com/Guide/Nintendo+3DS+XL+Power+Button+Replacement/25069
25069	Nintendo 3DS XL Power Button Replacement	Nintendo 3DS XL	12	2	Nintendo_3DS_XL/25069_Nintendo_3DS_XL_Power_Button_Replacement/step12_2.jpg	https://guide-images.cdn.ifixit.com/igi/gP1TmEMjWKfNUq42.large	Charlene Donlon	https://www.ifixit.com/Guide/Nintendo+3DS+XL+Power+Button+Replacement/25069
25069	Nintendo 3DS XL Power Button Replacement	Nintendo 3DS XL	13	1	Nintendo_3DS_XL/25069_Nintendo_3DS_XL_Power_Button_Replacement/step13_1.jpg	https://guide-images.cdn.ifixit.com/igi/xP3Frwuq2PTp5wRx.large	Charlene Donlon	https://www.ifixit.com/Guide/Nintendo+3DS+XL+Power+Button+Replacement/25069
25069	Nintendo 3DS XL Power Button Replacement	Nintendo 3DS XL	13	2	Nintendo_3DS_XL/25069_Nintendo_3DS_XL_Power_Button_Replacement/step13_2.jpg	https://guide-images.cdn.ifixit.com/igi/2v61m3TXOsfMpSbP.large	Charlene Donlon	https://www.ifixit.com/Guide/Nintendo+3DS+XL+Power+Button+Replacement/25069
25069	Nintendo 3DS XL Power Button Replacement	Nintendo 3DS XL	14	1	Nintendo_3DS_XL/25069_Nintendo_3DS_XL_Power_Button_Replacement/step14_1.jpg	https://guide-images.cdn.ifixit.com/igi/Xt6bUvL1BA1NnAiN.large	Charlene Donlon	https://www.ifixit.com/Guide/Nintendo+3DS+XL+Power+Button+Replacement/25069
25069	Nintendo 3DS XL Power Button Replacement	Nintendo 3DS XL	14	2	Nintendo_3DS_XL/25069_Nintendo_3DS_XL_Power_Button_Replacement/step14_2.jpg	https://guide-images.cdn.ifixit.com/igi/ddNYA6sonMaQHTNe.large	Charlene Donlon	https://www.ifixit.com/Guide/Nintendo+3DS+XL+Power+Button+Replacement/25069
25069	Nintendo 3DS XL Power Button Replacement	Nintendo 3DS XL	15	1	Nintendo_3DS_XL/25069_Nintendo_3DS_XL_Power_Button_Replacement/step15_1.jpg	https://guide-images.cdn.ifixit.com/igi/BValKuUrBfFbiQQt.large	Charlene Donlon	https://www.ifixit.com/Guide/Nintendo+3DS+XL+Power+Button+Replacement/25069
25069	Nintendo 3DS XL Power Button Replacement	Nintendo 3DS XL	16	1	Nintendo_3DS_XL/25069_Nintendo_3DS_XL_Power_Button_Replacement/step16_1.jpg	https://guide-images.cdn.ifixit.com/igi/irvTZyIgiQtDH1NO.large	Charlene Donlon	https://www.ifixit.com/Guide/Nintendo+3DS+XL+Power+Button+Replacement/25069
25069	Nintendo 3DS XL Power Button Replacement	Nintendo 3DS XL	16	2	Nintendo_3DS_XL/25069_Nintendo_3DS_XL_Power_Button_Replacement/step16_2.jpg	https://guide-images.cdn.ifixit.com/igi/5Jubj1CXnZBFdLKv.large	Charlene Donlon	https://www.ifixit.com/Guide/Nintendo+3DS+XL+Power+Button+Replacement/25069
25069	Nintendo 3DS XL Power Button Replacement	Nintendo 3DS XL	17	1	Nintendo_3DS_XL/25069_Nintendo_3DS_XL_Power_Button_Replacement/step17_1.jpg	https://guide-images.cdn.ifixit.com/igi/j1GUpZaOyHZRnEhS.large	Charlene Donlon	https://www.ifixit.com/Guide/Nintendo+3DS+XL+Power+Button+Replacement/25069
25069	Nintendo 3DS XL Power Button Replacement	Nintendo 3DS XL	17	2	Nintendo_3DS_XL/25069_Nintendo_3DS_XL_Power_Button_Replacement/step17_2.jpg	https://guide-images.cdn.ifixit.com/igi/NCIeEy2msJnFnAQW.large	Charlene Donlon	https://www.ifixit.com/Guide/Nintendo+3DS+XL+Power+Button+Replacement/25069
25069	Nintendo 3DS XL Power Button Replacement	Nintendo 3DS XL	17	3	Nintendo_3DS_XL/25069_Nintendo_3DS_XL_Power_Button_Replacement/step17_3.jpg	https://guide-images.cdn.ifixit.com/igi/ItHGRNw4cKo43fDN.large	Charlene Donlon	https://www.ifixit.com/Guide/Nintendo+3DS+XL+Power+Button+Replacement/25069
25069	Nintendo 3DS XL Power Button Replacement	Nintendo 3DS XL	18	1	Nintendo_3DS_XL/25069_Nintendo_3DS_XL_Power_Button_Replacement/step18_1.jpg	https://guide-images.cdn.ifixit.com/igi/M4c6UfHxnTs3bVAr.large	Charlene Donlon	https://www.ifixit.com/Guide/Nintendo+3DS+XL+Power+Button+Replacement/25069
25069	Nintendo 3DS XL Power Button Replacement	Nintendo 3DS XL	18	2	Nintendo_3DS_XL/25069_Nintendo_3DS_XL_Power_Button_Replacement/step18_2.jpg	https://guide-images.cdn.ifixit.com/igi/6WgPNNYxUIkMdmMm.large	Charlene Donlon	https://www.ifixit.com/Guide/Nintendo+3DS+XL+Power+Button+Replacement/25069
25069	Nintendo 3DS XL Power Button Replacement	Nintendo 3DS XL	18	3	Nintendo_3DS_XL/25069_Nintendo_3DS_XL_Power_Button_Replacement/step18_3.jpg	https://guide-images.cdn.ifixit.com/igi/WnMKUYypretWDHqM.large	Charlene Donlon	https://www.ifixit.com/Guide/Nintendo+3DS+XL+Power+Button+Replacement/25069
25069	Nintendo 3DS XL Power Button Replacement	Nintendo 3DS XL	19	1	Nintendo_3DS_XL/25069_Nintendo_3DS_XL_Power_Button_Replacement/step19_1.jpg	https://guide-images.cdn.ifixit.com/igi/rZsyV2jtRZkcfCYX.large	Charlene Donlon	https://www.ifixit.com/Guide/Nintendo+3DS+XL+Power+Button+Replacement/25069
25069	Nintendo 3DS XL Power Button Replacement	Nintendo 3DS XL	19	2	Nintendo_3DS_XL/25069_Nintendo_3DS_XL_Power_Button_Replacement/step19_2.jpg	https://guide-images.cdn.ifixit.com/igi/IMqddENmKPdYXAet.large	Charlene Donlon	https://www.ifixit.com/Guide/Nintendo+3DS+XL+Power+Button+Replacement/25069
25069	Nintendo 3DS XL Power Button Replacement	Nintendo 3DS XL	20	1	Nintendo_3DS_XL/25069_Nintendo_3DS_XL_Power_Button_Replacement/step20_1.jpg	https://guide-images.cdn.ifixit.com/igi/UTYrVki6LRFQFGqd.large	Charlene Donlon	https://www.ifixit.com/Guide/Nintendo+3DS+XL+Power+Button+Replacement/25069
25069	Nintendo 3DS XL Power Button Replacement	Nintendo 3DS XL	20	2	Nintendo_3DS_XL/25069_Nintendo_3DS_XL_Power_Button_Replacement/step20_2.jpg	https://guide-images.cdn.ifixit.com/igi/uNKUJjJjEKcpNER2.large	Charlene Donlon	https://www.ifixit.com/Guide/Nintendo+3DS+XL+Power+Button+Replacement/25069
25069	Nintendo 3DS XL Power Button Replacement	Nintendo 3DS XL	21	1	Nintendo_3DS_XL/25069_Nintendo_3DS_XL_Power_Button_Replacement/step21_1.jpg	https://guide-images.cdn.ifixit.com/igi/aP1UoNPQKHaJGWcE.large	Charlene Donlon	https://www.ifixit.com/Guide/Nintendo+3DS+XL+Power+Button+Replacement/25069
25069	Nintendo 3DS XL Power Button Replacement	Nintendo 3DS XL	21	2	Nintendo_3DS_XL/25069_Nintendo_3DS_XL_Power_Button_Replacement/step21_2.jpg	https://guide-images.cdn.ifixit.com/igi/hqEs55CWo1wCwVZu.large	Charlene Donlon	https://www.ifixit.com/Guide/Nintendo+3DS+XL+Power+Button+Replacement/25069
25069	Nintendo 3DS XL Power Button Replacement	Nintendo 3DS XL	22	1	Nintendo_3DS_XL/25069_Nintendo_3DS_XL_Power_Button_Replacement/step22_1.jpg	https://guide-images.cdn.ifixit.com/igi/FdDT3fPIMrMTRYmy.large	Charlene Donlon	https://www.ifixit.com/Guide/Nintendo+3DS+XL+Power+Button+Replacement/25069
25069	Nintendo 3DS XL Power Button Replacement	Nintendo 3DS XL	22	2	Nintendo_3DS_XL/25069_Nintendo_3DS_XL_Power_Button_Replacement/step22_2.jpg	https://guide-images.cdn.ifixit.com/igi/HnN2g6EUumwDCpxm.large	Charlene Donlon	https://www.ifixit.com/Guide/Nintendo+3DS+XL+Power+Button+Replacement/25069
25069	Nintendo 3DS XL Power Button Replacement	Nintendo 3DS XL	23	1	Nintendo_3DS_XL/25069_Nintendo_3DS_XL_Power_Button_Replacement/step23_1.jpg	https://guide-images.cdn.ifixit.com/igi/aVXXYFayijOYjZVN.large	Charlene Donlon	https://www.ifixit.com/Guide/Nintendo+3DS+XL+Power+Button+Replacement/25069
25069	Nintendo 3DS XL Power Button Replacement	Nintendo 3DS XL	23	2	Nintendo_3DS_XL/25069_Nintendo_3DS_XL_Power_Button_Replacement/step23_2.jpg	https://guide-images.cdn.ifixit.com/igi/6ljgt5aKaBW2gBTi.large	Charlene Donlon	https://www.ifixit.com/Guide/Nintendo+3DS+XL+Power+Button+Replacement/25069
25069	Nintendo 3DS XL Power Button Replacement	Nintendo 3DS XL	23	3	Nintendo_3DS_XL/25069_Nintendo_3DS_XL_Power_Button_Replacement/step23_3.jpg	https://guide-images.cdn.ifixit.com/igi/o3nYnoAABnWnMkmW.large	Charlene Donlon	https://www.ifixit.com/Guide/Nintendo+3DS+XL+Power+Button+Replacement/25069
25070	Nintendo 3DS XL Upper LCD Display Replacement	Nintendo 3DS XL	1	1	Nintendo_3DS_XL/25070_Nintendo_3DS_XL_Upper_LCD_Display_Replacement/step01_1.jpg	https://guide-images.cdn.ifixit.com/igi/aua1HuxRJiv5uvEW.large	Charlene Donlon	https://www.ifixit.com/Guide/Nintendo+3DS+XL+Upper+LCD+Display+Replacement/25070
25070	Nintendo 3DS XL Upper LCD Display Replacement	Nintendo 3DS XL	2	1	Nintendo_3DS_XL/25070_Nintendo_3DS_XL_Upper_LCD_Display_Replacement/step02_1.jpg	https://guide-images.cdn.ifixit.com/igi/GUqhWChaLM3ZkYDT.large	Charlene Donlon	https://www.ifixit.com/Guide/Nintendo+3DS+XL+Upper+LCD+Display+Replacement/25070
25070	Nintendo 3DS XL Upper LCD Display Replacement	Nintendo 3DS XL	2	2	Nintendo_3DS_XL/25070_Nintendo_3DS_XL_Upper_LCD_Display_Replacement/step02_2.jpg	https://guide-images.cdn.ifixit.com/igi/w2fpAWwgAJcqSHZQ.large	Charlene Donlon	https://www.ifixit.com/Guide/Nintendo+3DS+XL+Upper+LCD+Display+Replacement/25070
25070	Nintendo 3DS XL Upper LCD Display Replacement	Nintendo 3DS XL	3	1	Nintendo_3DS_XL/25070_Nintendo_3DS_XL_Upper_LCD_Display_Replacement/step03_1.jpg	https://guide-images.cdn.ifixit.com/igi/C6DIOSrlv4hCvQlN.large	Charlene Donlon	https://www.ifixit.com/Guide/Nintendo+3DS+XL+Upper+LCD+Display+Replacement/25070
25070	Nintendo 3DS XL Upper LCD Display Replacement	Nintendo 3DS XL	3	2	Nintendo_3DS_XL/25070_Nintendo_3DS_XL_Upper_LCD_Display_Replacement/step03_2.jpg	https://guide-images.cdn.ifixit.com/igi/gKdhLpsCKBQbRC2P.large	Charlene Donlon	https://www.ifixit.com/Guide/Nintendo+3DS+XL+Upper+LCD+Display+Replacement/25070
25070	Nintendo 3DS XL Upper LCD Display Replacement	Nintendo 3DS XL	3	3	Nintendo_3DS_XL/25070_Nintendo_3DS_XL_Upper_LCD_Display_Replacement/step03_3.jpg	https://guide-images.cdn.ifixit.com/igi/pL42eowreW5MQMTY.large	Charlene Donlon	https://www.ifixit.com/Guide/Nintendo+3DS+XL+Upper+LCD+Display+Replacement/25070
25070	Nintendo 3DS XL Upper LCD Display Replacement	Nintendo 3DS XL	4	1	Nintendo_3DS_XL/25070_Nintendo_3DS_XL_Upper_LCD_Display_Replacement/step04_1.jpg	https://guide-images.cdn.ifixit.com/igi/NDaL1FwfgpipXktP.large	Charlene Donlon	https://www.ifixit.com/Guide/Nintendo+3DS+XL+Upper+LCD+Display+Replacement/25070
25070	Nintendo 3DS XL Upper LCD Display Replacement	Nintendo 3DS XL	4	2	Nintendo_3DS_XL/25070_Nintendo_3DS_XL_Upper_LCD_Display_Replacement/step04_2.jpg	https://guide-images.cdn.ifixit.com/igi/ED2niUPcvZGc6RIq.large	Charlene Donlon	https://www.ifixit.com/Guide/Nintendo+3DS+XL+Upper+LCD+Display+Replacement/25070
25070	Nintendo 3DS XL Upper LCD Display Replacement	Nintendo 3DS XL	5	1	Nintendo_3DS_XL/25070_Nintendo_3DS_XL_Upper_LCD_Display_Replacement/step05_1.jpg	https://guide-images.cdn.ifixit.com/igi/TCb3gX1x3AIQipCO.large	Charlene Donlon	https://www.ifixit.com/Guide/Nintendo+3DS+XL+Upper+LCD+Display+Replacement/25070
25070	Nintendo 3DS XL Upper LCD Display Replacement	Nintendo 3DS XL	5	2	Nintendo_3DS_XL/25070_Nintendo_3DS_XL_Upper_LCD_Display_Replacement/step05_2.jpg	https://guide-images.cdn.ifixit.com/igi/ZUBt6MsBLfRC1bRg.large	Charlene Donlon	https://www.ifixit.com/Guide/Nintendo+3DS+XL+Upper+LCD+Display+Replacement/25070
25070	Nintendo 3DS XL Upper LCD Display Replacement	Nintendo 3DS XL	6	1	Nintendo_3DS_XL/25070_Nintendo_3DS_XL_Upper_LCD_Display_Replacement/step06_1.jpg	https://guide-images.cdn.ifixit.com/igi/lwAJqibixLXNUTvp.large	Charlene Donlon	https://www.ifixit.com/Guide/Nintendo+3DS+XL+Upper+LCD+Display+Replacement/25070
25070	Nintendo 3DS XL Upper LCD Display Replacement	Nintendo 3DS XL	7	1	Nintendo_3DS_XL/25070_Nintendo_3DS_XL_Upper_LCD_Display_Replacement/step07_1.jpg	https://guide-images.cdn.ifixit.com/igi/MZdsuNoC12SfAQg2.large	Charlene Donlon	https://www.ifixit.com/Guide/Nintendo+3DS+XL+Upper+LCD+Display+Replacement/25070
25070	Nintendo 3DS XL Upper LCD Display Replacement	Nintendo 3DS XL	7	2	Nintendo_3DS_XL/25070_Nintendo_3DS_XL_Upper_LCD_Display_Replacement/step07_2.jpg	https://guide-images.cdn.ifixit.com/igi/j4KlaO4YjMZXQMr1.large	Charlene Donlon	https://www.ifixit.com/Guide/Nintendo+3DS+XL+Upper+LCD+Display+Replacement/25070
25070	Nintendo 3DS XL Upper LCD Display Replacement	Nintendo 3DS XL	7	3	Nintendo_3DS_XL/25070_Nintendo_3DS_XL_Upper_LCD_Display_Replacement/step07_3.jpg	https://guide-images.cdn.ifixit.com/igi/egELWOpQy2ZM2GaK.large	Charlene Donlon	https://www.ifixit.com/Guide/Nintendo+3DS+XL+Upper+LCD+Display+Replacement/25070
25070	Nintendo 3DS XL Upper LCD Display Replacement	Nintendo 3DS XL	8	1	Nintendo_3DS_XL/25070_Nintendo_3DS_XL_Upper_LCD_Display_Replacement/step08_1.jpg	https://guide-images.cdn.ifixit.com/igi/ML2lLyhIAkqvwZ6M.large	Charlene Donlon	https://www.ifixit.com/Guide/Nintendo+3DS+XL+Upper+LCD+Display+Replacement/25070
25070	Nintendo 3DS XL Upper LCD Display Replacement	Nintendo 3DS XL	8	2	Nintendo_3DS_XL/25070_Nintendo_3DS_XL_Upper_LCD_Display_Replacement/step08_2.jpg	https://guide-images.cdn.ifixit.com/igi/vUOOFyrWcTD5U3Uc.large	Charlene Donlon	https://www.ifixit.com/Guide/Nintendo+3DS+XL+Upper+LCD+Display+Replacement/25070
25070	Nintendo 3DS XL Upper LCD Display Replacement	Nintendo 3DS XL	8	3	Nintendo_3DS_XL/25070_Nintendo_3DS_XL_Upper_LCD_Display_Replacement/step08_3.jpg	https://guide-images.cdn.ifixit.com/igi/QHCGlYtRbFsLEEwm.large	Charlene Donlon	https://www.ifixit.com/Guide/Nintendo+3DS+XL+Upper+LCD+Display+Replacement/25070
25070	Nintendo 3DS XL Upper LCD Display Replacement	Nintendo 3DS XL	9	1	Nintendo_3DS_XL/25070_Nintendo_3DS_XL_Upper_LCD_Display_Replacement/step09_1.jpg	https://guide-images.cdn.ifixit.com/igi/nLUoPQfoGUNaBU3D.large	Charlene Donlon	https://www.ifixit.com/Guide/Nintendo+3DS+XL+Upper+LCD+Display+Replacement/25070
25070	Nintendo 3DS XL Upper LCD Display Replacement	Nintendo 3DS XL	9	2	Nintendo_3DS_XL/25070_Nintendo_3DS_XL_Upper_LCD_Display_Replacement/step09_2.jpg	https://guide-images.cdn.ifixit.com/igi/gALvDvwpnAVUwYfJ.large	Charlene Donlon	https://www.ifixit.com/Guide/Nintendo+3DS+XL+Upper+LCD+Display+Replacement/25070
25070	Nintendo 3DS XL Upper LCD Display Replacement	Nintendo 3DS XL	10	1	Nintendo_3DS_XL/25070_Nintendo_3DS_XL_Upper_LCD_Display_Replacement/step10_1.jpg	https://guide-images.cdn.ifixit.com/igi/CI62DGXtCSkNx26o.large	Charlene Donlon	https://www.ifixit.com/Guide/Nintendo+3DS+XL+Upper+LCD+Display+Replacement/25070
25070	Nintendo 3DS XL Upper LCD Display Replacement	Nintendo 3DS XL	10	2	Nintendo_3DS_XL/25070_Nintendo_3DS_XL_Upper_LCD_Display_Replacement/step10_2.jpg	https://guide-images.cdn.ifixit.com/igi/W66IMNEFjpu6mMYa.large	Charlene Donlon	https://www.ifixit.com/Guide/Nintendo+3DS+XL+Upper+LCD+Display+Replacement/25070
25070	Nintendo 3DS XL Upper LCD Display Replacement	Nintendo 3DS XL	11	1	Nintendo_3DS_XL/25070_Nintendo_3DS_XL_Upper_LCD_Display_Replacement/step11_1.jpg	https://guide-images.cdn.ifixit.com/igi/CdVVBuCTeyDO5mZT.large	Charlene Donlon	https://www.ifixit.com/Guide/Nintendo+3DS+XL+Upper+LCD+Display+Replacement/25070
25070	Nintendo 3DS XL Upper LCD Display Replacement	Nintendo 3DS XL	11	2	Nintendo_3DS_XL/25070_Nintendo_3DS_XL_Upper_LCD_Display_Replacement/step11_2.jpg	https://guide-images.cdn.ifixit.com/igi/QynH2EYVTOOVVjMR.large	Charlene Donlon	https://www.ifixit.com/Guide/Nintendo+3DS+XL+Upper+LCD+Display+Replacement/25070
25070	Nintendo 3DS XL Upper LCD Display Replacement	Nintendo 3DS XL	12	1	Nintendo_3DS_XL/25070_Nintendo_3DS_XL_Upper_LCD_Display_Replacement/step12_1.jpg	https://guide-images.cdn.ifixit.com/igi/BDMRAdlBqGdfRmSi.large	Charlene Donlon	https://www.ifixit.com/Guide/Nintendo+3DS+XL+Upper+LCD+Display+Replacement/25070
25070	Nintendo 3DS XL Upper LCD Display Replacement	Nintendo 3DS XL	12	2	Nintendo_3DS_XL/25070_Nintendo_3DS_XL_Upper_LCD_Display_Replacement/step12_2.jpg	https://guide-images.cdn.ifixit.com/igi/gP1TmEMjWKfNUq42.large	Charlene Donlon	https://www.ifixit.com/Guide/Nintendo+3DS+XL+Upper+LCD+Display+Replacement/25070
25070	Nintendo 3DS XL Upper LCD Display Replacement	Nintendo 3DS XL	13	1	Nintendo_3DS_XL/25070_Nintendo_3DS_XL_Upper_LCD_Display_Replacement/step13_1.jpg	https://guide-images.cdn.ifixit.com/igi/xP3Frwuq2PTp5wRx.large	Charlene Donlon	https://www.ifixit.com/Guide/Nintendo+3DS+XL+Upper+LCD+Display+Replacement/25070
25070	Nintendo 3DS XL Upper LCD Display Replacement	Nintendo 3DS XL	13	2	Nintendo_3DS_XL/25070_Nintendo_3DS_XL_Upper_LCD_Display_Replacement/step13_2.jpg	https://guide-images.cdn.ifixit.com/igi/2v61m3TXOsfMpSbP.large	Charlene Donlon	https://www.ifixit.com/Guide/Nintendo+3DS+XL+Upper+LCD+Display+Replacement/25070
25070	Nintendo 3DS XL Upper LCD Display Replacement	Nintendo 3DS XL	14	1	Nintendo_3DS_XL/25070_Nintendo_3DS_XL_Upper_LCD_Display_Replacement/step14_1.jpg	https://guide-images.cdn.ifixit.com/igi/Xt6bUvL1BA1NnAiN.large	Charlene Donlon	https://www.ifixit.com/Guide/Nintendo+3DS+XL+Upper+LCD+Display+Replacement/25070
25070	Nintendo 3DS XL Upper LCD Display Replacement	Nintendo 3DS XL	14	2	Nintendo_3DS_XL/25070_Nintendo_3DS_XL_Upper_LCD_Display_Replacement/step14_2.jpg	https://guide-images.cdn.ifixit.com/igi/ddNYA6sonMaQHTNe.large	Charlene Donlon	https://www.ifixit.com/Guide/Nintendo+3DS+XL+Upper+LCD+Display+Replacement/25070
25070	Nintendo 3DS XL Upper LCD Display Replacement	Nintendo 3DS XL	15	1	Nintendo_3DS_XL/25070_Nintendo_3DS_XL_Upper_LCD_Display_Replacement/step15_1.jpg	https://guide-images.cdn.ifixit.com/igi/BValKuUrBfFbiQQt.large	Charlene Donlon	https://www.ifixit.com/Guide/Nintendo+3DS+XL+Upper+LCD+Display+Replacement/25070
25070	Nintendo 3DS XL Upper LCD Display Replacement	Nintendo 3DS XL	16	1	Nintendo_3DS_XL/25070_Nintendo_3DS_XL_Upper_LCD_Display_Replacement/step16_1.jpg	https://guide-images.cdn.ifixit.com/igi/irvTZyIgiQtDH1NO.large	Charlene Donlon	https://www.ifixit.com/Guide/Nintendo+3DS+XL+Upper+LCD+Display+Replacement/25070
25070	Nintendo 3DS XL Upper LCD Display Replacement	Nintendo 3DS XL	16	2	Nintendo_3DS_XL/25070_Nintendo_3DS_XL_Upper_LCD_Display_Replacement/step16_2.jpg	https://guide-images.cdn.ifixit.com/igi/5Jubj1CXnZBFdLKv.large	Charlene Donlon	https://www.ifixit.com/Guide/Nintendo+3DS+XL+Upper+LCD+Display+Replacement/25070
25070	Nintendo 3DS XL Upper LCD Display Replacement	Nintendo 3DS XL	17	1	Nintendo_3DS_XL/25070_Nintendo_3DS_XL_Upper_LCD_Display_Replacement/step17_1.jpg	https://guide-images.cdn.ifixit.com/igi/j1GUpZaOyHZRnEhS.large	Charlene Donlon	https://www.ifixit.com/Guide/Nintendo+3DS+XL+Upper+LCD+Display+Replacement/25070
25070	Nintendo 3DS XL Upper LCD Display Replacement	Nintendo 3DS XL	17	2	Nintendo_3DS_XL/25070_Nintendo_3DS_XL_Upper_LCD_Display_Replacement/step17_2.jpg	https://guide-images.cdn.ifixit.com/igi/NCIeEy2msJnFnAQW.large	Charlene Donlon	https://www.ifixit.com/Guide/Nintendo+3DS+XL+Upper+LCD+Display+Replacement/25070
25070	Nintendo 3DS XL Upper LCD Display Replacement	Nintendo 3DS XL	17	3	Nintendo_3DS_XL/25070_Nintendo_3DS_XL_Upper_LCD_Display_Replacement/step17_3.jpg	https://guide-images.cdn.ifixit.com/igi/ItHGRNw4cKo43fDN.large	Charlene Donlon	https://www.ifixit.com/Guide/Nintendo+3DS+XL+Upper+LCD+Display+Replacement/25070
25070	Nintendo 3DS XL Upper LCD Display Replacement	Nintendo 3DS XL	18	1	Nintendo_3DS_XL/25070_Nintendo_3DS_XL_Upper_LCD_Display_Replacement/step18_1.jpg	https://guide-images.cdn.ifixit.com/igi/M4c6UfHxnTs3bVAr.large	Charlene Donlon	https://www.ifixit.com/Guide/Nintendo+3DS+XL+Upper+LCD+Display+Replacement/25070
25070	Nintendo 3DS XL Upper LCD Display Replacement	Nintendo 3DS XL	18	2	Nintendo_3DS_XL/25070_Nintendo_3DS_XL_Upper_LCD_Display_Replacement/step18_2.jpg	https://guide-images.cdn.ifixit.com/igi/6WgPNNYxUIkMdmMm.large	Charlene Donlon	https://www.ifixit.com/Guide/Nintendo+3DS+XL+Upper+LCD+Display+Replacement/25070
25070	Nintendo 3DS XL Upper LCD Display Replacement	Nintendo 3DS XL	18	3	Nintendo_3DS_XL/25070_Nintendo_3DS_XL_Upper_LCD_Display_Replacement/step18_3.jpg	https://guide-images.cdn.ifixit.com/igi/WnMKUYypretWDHqM.large	Charlene Donlon	https://www.ifixit.com/Guide/Nintendo+3DS+XL+Upper+LCD+Display+Replacement/25070
25070	Nintendo 3DS XL Upper LCD Display Replacement	Nintendo 3DS XL	19	1	Nintendo_3DS_XL/25070_Nintendo_3DS_XL_Upper_LCD_Display_Replacement/step19_1.jpg	https://guide-images.cdn.ifixit.com/igi/rZsyV2jtRZkcfCYX.large	Charlene Donlon	https://www.ifixit.com/Guide/Nintendo+3DS+XL+Upper+LCD+Display+Replacement/25070
25070	Nintendo 3DS XL Upper LCD Display Replacement	Nintendo 3DS XL	19	2	Nintendo_3DS_XL/25070_Nintendo_3DS_XL_Upper_LCD_Display_Replacement/step19_2.jpg	https://guide-images.cdn.ifixit.com/igi/IMqddENmKPdYXAet.large	Charlene Donlon	https://www.ifixit.com/Guide/Nintendo+3DS+XL+Upper+LCD+Display+Replacement/25070
25070	Nintendo 3DS XL Upper LCD Display Replacement	Nintendo 3DS XL	20	1	Nintendo_3DS_XL/25070_Nintendo_3DS_XL_Upper_LCD_Display_Replacement/step20_1.jpg	https://guide-images.cdn.ifixit.com/igi/UTYrVki6LRFQFGqd.large	Charlene Donlon	https://www.ifixit.com/Guide/Nintendo+3DS+XL+Upper+LCD+Display+Replacement/25070
25070	Nintendo 3DS XL Upper LCD Display Replacement	Nintendo 3DS XL	20	2	Nintendo_3DS_XL/25070_Nintendo_3DS_XL_Upper_LCD_Display_Replacement/step20_2.jpg	https://guide-images.cdn.ifixit.com/igi/uNKUJjJjEKcpNER2.large	Charlene Donlon	https://www.ifixit.com/Guide/Nintendo+3DS+XL+Upper+LCD+Display+Replacement/25070
25070	Nintendo 3DS XL Upper LCD Display Replacement	Nintendo 3DS XL	21	1	Nintendo_3DS_XL/25070_Nintendo_3DS_XL_Upper_LCD_Display_Replacement/step21_1.jpg	https://guide-images.cdn.ifixit.com/igi/aP1UoNPQKHaJGWcE.large	Charlene Donlon	https://www.ifixit.com/Guide/Nintendo+3DS+XL+Upper+LCD+Display+Replacement/25070
25070	Nintendo 3DS XL Upper LCD Display Replacement	Nintendo 3DS XL	21	2	Nintendo_3DS_XL/25070_Nintendo_3DS_XL_Upper_LCD_Display_Replacement/step21_2.jpg	https://guide-images.cdn.ifixit.com/igi/hqEs55CWo1wCwVZu.large	Charlene Donlon	https://www.ifixit.com/Guide/Nintendo+3DS+XL+Upper+LCD+Display+Replacement/25070
25070	Nintendo 3DS XL Upper LCD Display Replacement	Nintendo 3DS XL	22	1	Nintendo_3DS_XL/25070_Nintendo_3DS_XL_Upper_LCD_Display_Replacement/step22_1.jpg	https://guide-images.cdn.ifixit.com/igi/FdDT3fPIMrMTRYmy.large	Charlene Donlon	https://www.ifixit.com/Guide/Nintendo+3DS+XL+Upper+LCD+Display+Replacement/25070
25070	Nintendo 3DS XL Upper LCD Display Replacement	Nintendo 3DS XL	22	2	Nintendo_3DS_XL/25070_Nintendo_3DS_XL_Upper_LCD_Display_Replacement/step22_2.jpg	https://guide-images.cdn.ifixit.com/igi/HnN2g6EUumwDCpxm.large	Charlene Donlon	https://www.ifixit.com/Guide/Nintendo+3DS+XL+Upper+LCD+Display+Replacement/25070
25070	Nintendo 3DS XL Upper LCD Display Replacement	Nintendo 3DS XL	23	1	Nintendo_3DS_XL/25070_Nintendo_3DS_XL_Upper_LCD_Display_Replacement/step23_1.jpg	https://guide-images.cdn.ifixit.com/igi/GyLNCoKHJZuaBJ3o.large	Charlene Donlon	https://www.ifixit.com/Guide/Nintendo+3DS+XL+Upper+LCD+Display+Replacement/25070
25070	Nintendo 3DS XL Upper LCD Display Replacement	Nintendo 3DS XL	23	2	Nintendo_3DS_XL/25070_Nintendo_3DS_XL_Upper_LCD_Display_Replacement/step23_2.jpg	https://guide-images.cdn.ifixit.com/igi/6MXYvmrc4GAQwfPn.large	Charlene Donlon	https://www.ifixit.com/Guide/Nintendo+3DS+XL+Upper+LCD+Display+Replacement/25070
25070	Nintendo 3DS XL Upper LCD Display Replacement	Nintendo 3DS XL	24	1	Nintendo_3DS_XL/25070_Nintendo_3DS_XL_Upper_LCD_Display_Replacement/step24_1.jpg	https://guide-images.cdn.ifixit.com/igi/HQJLKTKlWZSPZjQZ.large	Charlene Donlon	https://www.ifixit.com/Guide/Nintendo+3DS+XL+Upper+LCD+Display+Replacement/25070
25070	Nintendo 3DS XL Upper LCD Display Replacement	Nintendo 3DS XL	24	2	Nintendo_3DS_XL/25070_Nintendo_3DS_XL_Upper_LCD_Display_Replacement/step24_2.jpg	https://guide-images.cdn.ifixit.com/igi/uVSZLP1AAYp3uo5s.large	Charlene Donlon	https://www.ifixit.com/Guide/Nintendo+3DS+XL+Upper+LCD+Display+Replacement/25070
25070	Nintendo 3DS XL Upper LCD Display Replacement	Nintendo 3DS XL	25	1	Nintendo_3DS_XL/25070_Nintendo_3DS_XL_Upper_LCD_Display_Replacement/step25_1.jpg	https://guide-images.cdn.ifixit.com/igi/TcKDIWdoURVQlRHj.large	Charlene Donlon	https://www.ifixit.com/Guide/Nintendo+3DS+XL+Upper+LCD+Display+Replacement/25070
25070	Nintendo 3DS XL Upper LCD Display Replacement	Nintendo 3DS XL	25	2	Nintendo_3DS_XL/25070_Nintendo_3DS_XL_Upper_LCD_Display_Replacement/step25_2.jpg	https://guide-images.cdn.ifixit.com/igi/N1wePR6BAZcYKBxU.large	Charlene Donlon	https://www.ifixit.com/Guide/Nintendo+3DS+XL+Upper+LCD+Display+Replacement/25070
25070	Nintendo 3DS XL Upper LCD Display Replacement	Nintendo 3DS XL	25	3	Nintendo_3DS_XL/25070_Nintendo_3DS_XL_Upper_LCD_Display_Replacement/step25_3.jpg	https://guide-images.cdn.ifixit.com/igi/2ISuAOcPkYH3X2Bf.large	Charlene Donlon	https://www.ifixit.com/Guide/Nintendo+3DS+XL+Upper+LCD+Display+Replacement/25070
25070	Nintendo 3DS XL Upper LCD Display Replacement	Nintendo 3DS XL	26	1	Nintendo_3DS_XL/25070_Nintendo_3DS_XL_Upper_LCD_Display_Replacement/step26_1.jpg	https://guide-images.cdn.ifixit.com/igi/TQwr2fKK3gbMlVQW.large	Charlene Donlon	https://www.ifixit.com/Guide/Nintendo+3DS+XL+Upper+LCD+Display+Replacement/25070
25070	Nintendo 3DS XL Upper LCD Display Replacement	Nintendo 3DS XL	27	1	Nintendo_3DS_XL/25070_Nintendo_3DS_XL_Upper_LCD_Display_Replacement/step27_1.jpg	https://guide-images.cdn.ifixit.com/igi/SpYZHGTtEkCDUw2m.large	Charlene Donlon	https://www.ifixit.com/Guide/Nintendo+3DS+XL+Upper+LCD+Display+Replacement/25070
25070	Nintendo 3DS XL Upper LCD Display Replacement	Nintendo 3DS XL	27	2	Nintendo_3DS_XL/25070_Nintendo_3DS_XL_Upper_LCD_Display_Replacement/step27_2.jpg	https://guide-images.cdn.ifixit.com/igi/SBocDwcl6BxhcOqe.large	Charlene Donlon	https://www.ifixit.com/Guide/Nintendo+3DS+XL+Upper+LCD+Display+Replacement/25070
25070	Nintendo 3DS XL Upper LCD Display Replacement	Nintendo 3DS XL	27	3	Nintendo_3DS_XL/25070_Nintendo_3DS_XL_Upper_LCD_Display_Replacement/step27_3.jpg	https://guide-images.cdn.ifixit.com/igi/oRUJkSCL2slqnNZa.large	Charlene Donlon	https://www.ifixit.com/Guide/Nintendo+3DS+XL+Upper+LCD+Display+Replacement/25070
25070	Nintendo 3DS XL Upper LCD Display Replacement	Nintendo 3DS XL	28	1	Nintendo_3DS_XL/25070_Nintendo_3DS_XL_Upper_LCD_Display_Replacement/step28_1.jpg	https://guide-images.cdn.ifixit.com/igi/CBqlWJthA4WJBjl4.large	Charlene Donlon	https://www.ifixit.com/Guide/Nintendo+3DS+XL+Upper+LCD+Display+Replacement/25070
25070	Nintendo 3DS XL Upper LCD Display Replacement	Nintendo 3DS XL	29	1	Nintendo_3DS_XL/25070_Nintendo_3DS_XL_Upper_LCD_Display_Replacement/step29_1.jpg	https://guide-images.cdn.ifixit.com/igi/ybAWwG2ML4GYXfHR.large	Charlene Donlon	https://www.ifixit.com/Guide/Nintendo+3DS+XL+Upper+LCD+Display+Replacement/25070
25070	Nintendo 3DS XL Upper LCD Display Replacement	Nintendo 3DS XL	29	2	Nintendo_3DS_XL/25070_Nintendo_3DS_XL_Upper_LCD_Display_Replacement/step29_2.jpg	https://guide-images.cdn.ifixit.com/igi/Zqd3TB2RbKr2fwXF.large	Charlene Donlon	https://www.ifixit.com/Guide/Nintendo+3DS+XL+Upper+LCD+Display+Replacement/25070
25070	Nintendo 3DS XL Upper LCD Display Replacement	Nintendo 3DS XL	29	3	Nintendo_3DS_XL/25070_Nintendo_3DS_XL_Upper_LCD_Display_Replacement/step29_3.jpg	https://guide-images.cdn.ifixit.com/igi/xJCwLNofFPqc1w6a.large	Charlene Donlon	https://www.ifixit.com/Guide/Nintendo+3DS+XL+Upper+LCD+Display+Replacement/25070
25071	Nintendo 3DS XL Touchscreen Replacement	Nintendo 3DS XL	1	1	Nintendo_3DS_XL/25071_Nintendo_3DS_XL_Touchscreen_Replacement/step01_1.jpg	https://guide-images.cdn.ifixit.com/igi/aua1HuxRJiv5uvEW.large	Charlene Donlon	https://www.ifixit.com/Guide/Nintendo+3DS+XL+Touchscreen+Replacement/25071
25071	Nintendo 3DS XL Touchscreen Replacement	Nintendo 3DS XL	2	1	Nintendo_3DS_XL/25071_Nintendo_3DS_XL_Touchscreen_Replacement/step02_1.jpg	https://guide-images.cdn.ifixit.com/igi/GUqhWChaLM3ZkYDT.large	Charlene Donlon	https://www.ifixit.com/Guide/Nintendo+3DS+XL+Touchscreen+Replacement/25071
25071	Nintendo 3DS XL Touchscreen Replacement	Nintendo 3DS XL	2	2	Nintendo_3DS_XL/25071_Nintendo_3DS_XL_Touchscreen_Replacement/step02_2.jpg	https://guide-images.cdn.ifixit.com/igi/w2fpAWwgAJcqSHZQ.large	Charlene Donlon	https://www.ifixit.com/Guide/Nintendo+3DS+XL+Touchscreen+Replacement/25071
25071	Nintendo 3DS XL Touchscreen Replacement	Nintendo 3DS XL	3	1	Nintendo_3DS_XL/25071_Nintendo_3DS_XL_Touchscreen_Replacement/step03_1.jpg	https://guide-images.cdn.ifixit.com/igi/C6DIOSrlv4hCvQlN.large	Charlene Donlon	https://www.ifixit.com/Guide/Nintendo+3DS+XL+Touchscreen+Replacement/25071
25071	Nintendo 3DS XL Touchscreen Replacement	Nintendo 3DS XL	3	2	Nintendo_3DS_XL/25071_Nintendo_3DS_XL_Touchscreen_Replacement/step03_2.jpg	https://guide-images.cdn.ifixit.com/igi/gKdhLpsCKBQbRC2P.large	Charlene Donlon	https://www.ifixit.com/Guide/Nintendo+3DS+XL+Touchscreen+Replacement/25071
25071	Nintendo 3DS XL Touchscreen Replacement	Nintendo 3DS XL	3	3	Nintendo_3DS_XL/25071_Nintendo_3DS_XL_Touchscreen_Replacement/step03_3.jpg	https://guide-images.cdn.ifixit.com/igi/pL42eowreW5MQMTY.large	Charlene Donlon	https://www.ifixit.com/Guide/Nintendo+3DS+XL+Touchscreen+Replacement/25071
25071	Nintendo 3DS XL Touchscreen Replacement	Nintendo 3DS XL	4	1	Nintendo_3DS_XL/25071_Nintendo_3DS_XL_Touchscreen_Replacement/step04_1.jpg	https://guide-images.cdn.ifixit.com/igi/NDaL1FwfgpipXktP.large	Charlene Donlon	https://www.ifixit.com/Guide/Nintendo+3DS+XL+Touchscreen+Replacement/25071
25071	Nintendo 3DS XL Touchscreen Replacement	Nintendo 3DS XL	4	2	Nintendo_3DS_XL/25071_Nintendo_3DS_XL_Touchscreen_Replacement/step04_2.jpg	https://guide-images.cdn.ifixit.com/igi/ED2niUPcvZGc6RIq.large	Charlene Donlon	https://www.ifixit.com/Guide/Nintendo+3DS+XL+Touchscreen+Replacement/25071
25071	Nintendo 3DS XL Touchscreen Replacement	Nintendo 3DS XL	5	1	Nintendo_3DS_XL/25071_Nintendo_3DS_XL_Touchscreen_Replacement/step05_1.jpg	https://guide-images.cdn.ifixit.com/igi/TCb3gX1x3AIQipCO.large	Charlene Donlon	https://www.ifixit.com/Guide/Nintendo+3DS+XL+Touchscreen+Replacement/25071
25071	Nintendo 3DS XL Touchscreen Replacement	Nintendo 3DS XL	5	2	Nintendo_3DS_XL/25071_Nintendo_3DS_XL_Touchscreen_Replacement/step05_2.jpg	https://guide-images.cdn.ifixit.com/igi/ZUBt6MsBLfRC1bRg.large	Charlene Donlon	https://www.ifixit.com/Guide/Nintendo+3DS+XL+Touchscreen+Replacement/25071
25071	Nintendo 3DS XL Touchscreen Replacement	Nintendo 3DS XL	6	1	Nintendo_3DS_XL/25071_Nintendo_3DS_XL_Touchscreen_Replacement/step06_1.jpg	https://guide-images.cdn.ifixit.com/igi/lwAJqibixLXNUTvp.large	Charlene Donlon	https://www.ifixit.com/Guide/Nintendo+3DS+XL+Touchscreen+Replacement/25071
25071	Nintendo 3DS XL Touchscreen Replacement	Nintendo 3DS XL	7	1	Nintendo_3DS_XL/25071_Nintendo_3DS_XL_Touchscreen_Replacement/step07_1.jpg	https://guide-images.cdn.ifixit.com/igi/MZdsuNoC12SfAQg2.large	Charlene Donlon	https://www.ifixit.com/Guide/Nintendo+3DS+XL+Touchscreen+Replacement/25071
25071	Nintendo 3DS XL Touchscreen Replacement	Nintendo 3DS XL	7	2	Nintendo_3DS_XL/25071_Nintendo_3DS_XL_Touchscreen_Replacement/step07_2.jpg	https://guide-images.cdn.ifixit.com/igi/j4KlaO4YjMZXQMr1.large	Charlene Donlon	https://www.ifixit.com/Guide/Nintendo+3DS+XL+Touchscreen+Replacement/25071
25071	Nintendo 3DS XL Touchscreen Replacement	Nintendo 3DS XL	7	3	Nintendo_3DS_XL/25071_Nintendo_3DS_XL_Touchscreen_Replacement/step07_3.jpg	https://guide-images.cdn.ifixit.com/igi/egELWOpQy2ZM2GaK.large	Charlene Donlon	https://www.ifixit.com/Guide/Nintendo+3DS+XL+Touchscreen+Replacement/25071
25071	Nintendo 3DS XL Touchscreen Replacement	Nintendo 3DS XL	8	1	Nintendo_3DS_XL/25071_Nintendo_3DS_XL_Touchscreen_Replacement/step08_1.jpg	https://guide-images.cdn.ifixit.com/igi/ML2lLyhIAkqvwZ6M.large	Charlene Donlon	https://www.ifixit.com/Guide/Nintendo+3DS+XL+Touchscreen+Replacement/25071
25071	Nintendo 3DS XL Touchscreen Replacement	Nintendo 3DS XL	8	2	Nintendo_3DS_XL/25071_Nintendo_3DS_XL_Touchscreen_Replacement/step08_2.jpg	https://guide-images.cdn.ifixit.com/igi/vUOOFyrWcTD5U3Uc.large	Charlene Donlon	https://www.ifixit.com/Guide/Nintendo+3DS+XL+Touchscreen+Replacement/25071
25071	Nintendo 3DS XL Touchscreen Replacement	Nintendo 3DS XL	8	3	Nintendo_3DS_XL/25071_Nintendo_3DS_XL_Touchscreen_Replacement/step08_3.jpg	https://guide-images.cdn.ifixit.com/igi/QHCGlYtRbFsLEEwm.large	Charlene Donlon	https://www.ifixit.com/Guide/Nintendo+3DS+XL+Touchscreen+Replacement/25071
25071	Nintendo 3DS XL Touchscreen Replacement	Nintendo 3DS XL	9	1	Nintendo_3DS_XL/25071_Nintendo_3DS_XL_Touchscreen_Replacement/step09_1.jpg	https://guide-images.cdn.ifixit.com/igi/nLUoPQfoGUNaBU3D.large	Charlene Donlon	https://www.ifixit.com/Guide/Nintendo+3DS+XL+Touchscreen+Replacement/25071
25071	Nintendo 3DS XL Touchscreen Replacement	Nintendo 3DS XL	9	2	Nintendo_3DS_XL/25071_Nintendo_3DS_XL_Touchscreen_Replacement/step09_2.jpg	https://guide-images.cdn.ifixit.com/igi/gALvDvwpnAVUwYfJ.large	Charlene Donlon	https://www.ifixit.com/Guide/Nintendo+3DS+XL+Touchscreen+Replacement/25071
25071	Nintendo 3DS XL Touchscreen Replacement	Nintendo 3DS XL	10	1	Nintendo_3DS_XL/25071_Nintendo_3DS_XL_Touchscreen_Replacement/step10_1.jpg	https://guide-images.cdn.ifixit.com/igi/CI62DGXtCSkNx26o.large	Charlene Donlon	https://www.ifixit.com/Guide/Nintendo+3DS+XL+Touchscreen+Replacement/25071
25071	Nintendo 3DS XL Touchscreen Replacement	Nintendo 3DS XL	10	2	Nintendo_3DS_XL/25071_Nintendo_3DS_XL_Touchscreen_Replacement/step10_2.jpg	https://guide-images.cdn.ifixit.com/igi/W66IMNEFjpu6mMYa.large	Charlene Donlon	https://www.ifixit.com/Guide/Nintendo+3DS+XL+Touchscreen+Replacement/25071
25071	Nintendo 3DS XL Touchscreen Replacement	Nintendo 3DS XL	11	1	Nintendo_3DS_XL/25071_Nintendo_3DS_XL_Touchscreen_Replacement/step11_1.jpg	https://guide-images.cdn.ifixit.com/igi/CdVVBuCTeyDO5mZT.large	Charlene Donlon	https://www.ifixit.com/Guide/Nintendo+3DS+XL+Touchscreen+Replacement/25071
25071	Nintendo 3DS XL Touchscreen Replacement	Nintendo 3DS XL	11	2	Nintendo_3DS_XL/25071_Nintendo_3DS_XL_Touchscreen_Replacement/step11_2.jpg	https://guide-images.cdn.ifixit.com/igi/QynH2EYVTOOVVjMR.large	Charlene Donlon	https://www.ifixit.com/Guide/Nintendo+3DS+XL+Touchscreen+Replacement/25071
25071	Nintendo 3DS XL Touchscreen Replacement	Nintendo 3DS XL	12	1	Nintendo_3DS_XL/25071_Nintendo_3DS_XL_Touchscreen_Replacement/step12_1.jpg	https://guide-images.cdn.ifixit.com/igi/BDMRAdlBqGdfRmSi.large	Charlene Donlon	https://www.ifixit.com/Guide/Nintendo+3DS+XL+Touchscreen+Replacement/25071
25071	Nintendo 3DS XL Touchscreen Replacement	Nintendo 3DS XL	12	2	Nintendo_3DS_XL/25071_Nintendo_3DS_XL_Touchscreen_Replacement/step12_2.jpg	https://guide-images.cdn.ifixit.com/igi/gP1TmEMjWKfNUq42.large	Charlene Donlon	https://www.ifixit.com/Guide/Nintendo+3DS+XL+Touchscreen+Replacement/25071
25071	Nintendo 3DS XL Touchscreen Replacement	Nintendo 3DS XL	13	1	Nintendo_3DS_XL/25071_Nintendo_3DS_XL_Touchscreen_Replacement/step13_1.jpg	https://guide-images.cdn.ifixit.com/igi/xP3Frwuq2PTp5wRx.large	Charlene Donlon	https://www.ifixit.com/Guide/Nintendo+3DS+XL+Touchscreen+Replacement/25071
25071	Nintendo 3DS XL Touchscreen Replacement	Nintendo 3DS XL	13	2	Nintendo_3DS_XL/25071_Nintendo_3DS_XL_Touchscreen_Replacement/step13_2.jpg	https://guide-images.cdn.ifixit.com/igi/2v61m3TXOsfMpSbP.large	Charlene Donlon	https://www.ifixit.com/Guide/Nintendo+3DS+XL+Touchscreen+Replacement/25071
25071	Nintendo 3DS XL Touchscreen Replacement	Nintendo 3DS XL	14	1	Nintendo_3DS_XL/25071_Nintendo_3DS_XL_Touchscreen_Replacement/step14_1.jpg	https://guide-images.cdn.ifixit.com/igi/Xt6bUvL1BA1NnAiN.large	Charlene Donlon	https://www.ifixit.com/Guide/Nintendo+3DS+XL+Touchscreen+Replacement/25071
25071	Nintendo 3DS XL Touchscreen Replacement	Nintendo 3DS XL	14	2	Nintendo_3DS_XL/25071_Nintendo_3DS_XL_Touchscreen_Replacement/step14_2.jpg	https://guide-images.cdn.ifixit.com/igi/ddNYA6sonMaQHTNe.large	Charlene Donlon	https://www.ifixit.com/Guide/Nintendo+3DS+XL+Touchscreen+Replacement/25071
25071	Nintendo 3DS XL Touchscreen Replacement	Nintendo 3DS XL	15	1	Nintendo_3DS_XL/25071_Nintendo_3DS_XL_Touchscreen_Replacement/step15_1.jpg	https://guide-images.cdn.ifixit.com/igi/BValKuUrBfFbiQQt.large	Charlene Donlon	https://www.ifixit.com/Guide/Nintendo+3DS+XL+Touchscreen+Replacement/25071
25071	Nintendo 3DS XL Touchscreen Replacement	Nintendo 3DS XL	16	1	Nintendo_3DS_XL/25071_Nintendo_3DS_XL_Touchscreen_Replacement/step16_1.jpg	https://guide-images.cdn.ifixit.com/igi/irvTZyIgiQtDH1NO.large	Charlene Donlon	https://www.ifixit.com/Guide/Nintendo+3DS+XL+Touchscreen+Replacement/25071
25071	Nintendo 3DS XL Touchscreen Replacement	Nintendo 3DS XL	16	2	Nintendo_3DS_XL/25071_Nintendo_3DS_XL_Touchscreen_Replacement/step16_2.jpg	https://guide-images.cdn.ifixit.com/igi/5Jubj1CXnZBFdLKv.large	Charlene Donlon	https://www.ifixit.com/Guide/Nintendo+3DS+XL+Touchscreen+Replacement/25071
25071	Nintendo 3DS XL Touchscreen Replacement	Nintendo 3DS XL	17	1	Nintendo_3DS_XL/25071_Nintendo_3DS_XL_Touchscreen_Replacement/step17_1.jpg	https://guide-images.cdn.ifixit.com/igi/j1GUpZaOyHZRnEhS.large	Charlene Donlon	https://www.ifixit.com/Guide/Nintendo+3DS+XL+Touchscreen+Replacement/25071
25071	Nintendo 3DS XL Touchscreen Replacement	Nintendo 3DS XL	17	2	Nintendo_3DS_XL/25071_Nintendo_3DS_XL_Touchscreen_Replacement/step17_2.jpg	https://guide-images.cdn.ifixit.com/igi/NCIeEy2msJnFnAQW.large	Charlene Donlon	https://www.ifixit.com/Guide/Nintendo+3DS+XL+Touchscreen+Replacement/25071
25071	Nintendo 3DS XL Touchscreen Replacement	Nintendo 3DS XL	17	3	Nintendo_3DS_XL/25071_Nintendo_3DS_XL_Touchscreen_Replacement/step17_3.jpg	https://guide-images.cdn.ifixit.com/igi/ItHGRNw4cKo43fDN.large	Charlene Donlon	https://www.ifixit.com/Guide/Nintendo+3DS+XL+Touchscreen+Replacement/25071
25071	Nintendo 3DS XL Touchscreen Replacement	Nintendo 3DS XL	18	1	Nintendo_3DS_XL/25071_Nintendo_3DS_XL_Touchscreen_Replacement/step18_1.jpg	https://guide-images.cdn.ifixit.com/igi/M4c6UfHxnTs3bVAr.large	Charlene Donlon	https://www.ifixit.com/Guide/Nintendo+3DS+XL+Touchscreen+Replacement/25071
25071	Nintendo 3DS XL Touchscreen Replacement	Nintendo 3DS XL	18	2	Nintendo_3DS_XL/25071_Nintendo_3DS_XL_Touchscreen_Replacement/step18_2.jpg	https://guide-images.cdn.ifixit.com/igi/6WgPNNYxUIkMdmMm.large	Charlene Donlon	https://www.ifixit.com/Guide/Nintendo+3DS+XL+Touchscreen+Replacement/25071
25071	Nintendo 3DS XL Touchscreen Replacement	Nintendo 3DS XL	18	3	Nintendo_3DS_XL/25071_Nintendo_3DS_XL_Touchscreen_Replacement/step18_3.jpg	https://guide-images.cdn.ifixit.com/igi/WnMKUYypretWDHqM.large	Charlene Donlon	https://www.ifixit.com/Guide/Nintendo+3DS+XL+Touchscreen+Replacement/25071
25071	Nintendo 3DS XL Touchscreen Replacement	Nintendo 3DS XL	19	1	Nintendo_3DS_XL/25071_Nintendo_3DS_XL_Touchscreen_Replacement/step19_1.jpg	https://guide-images.cdn.ifixit.com/igi/rZsyV2jtRZkcfCYX.large	Charlene Donlon	https://www.ifixit.com/Guide/Nintendo+3DS+XL+Touchscreen+Replacement/25071
25071	Nintendo 3DS XL Touchscreen Replacement	Nintendo 3DS XL	19	2	Nintendo_3DS_XL/25071_Nintendo_3DS_XL_Touchscreen_Replacement/step19_2.jpg	https://guide-images.cdn.ifixit.com/igi/IMqddENmKPdYXAet.large	Charlene Donlon	https://www.ifixit.com/Guide/Nintendo+3DS+XL+Touchscreen+Replacement/25071
25071	Nintendo 3DS XL Touchscreen Replacement	Nintendo 3DS XL	20	1	Nintendo_3DS_XL/25071_Nintendo_3DS_XL_Touchscreen_Replacement/step20_1.jpg	https://guide-images.cdn.ifixit.com/igi/UTYrVki6LRFQFGqd.large	Charlene Donlon	https://www.ifixit.com/Guide/Nintendo+3DS+XL+Touchscreen+Replacement/25071
25071	Nintendo 3DS XL Touchscreen Replacement	Nintendo 3DS XL	20	2	Nintendo_3DS_XL/25071_Nintendo_3DS_XL_Touchscreen_Replacement/step20_2.jpg	https://guide-images.cdn.ifixit.com/igi/uNKUJjJjEKcpNER2.large	Charlene Donlon	https://www.ifixit.com/Guide/Nintendo+3DS+XL+Touchscreen+Replacement/25071
25071	Nintendo 3DS XL Touchscreen Replacement	Nintendo 3DS XL	21	1	Nintendo_3DS_XL/25071_Nintendo_3DS_XL_Touchscreen_Replacement/step21_1.jpg	https://guide-images.cdn.ifixit.com/igi/aP1UoNPQKHaJGWcE.large	Charlene Donlon	https://www.ifixit.com/Guide/Nintendo+3DS+XL+Touchscreen+Replacement/25071
25071	Nintendo 3DS XL Touchscreen Replacement	Nintendo 3DS XL	21	2	Nintendo_3DS_XL/25071_Nintendo_3DS_XL_Touchscreen_Replacement/step21_2.jpg	https://guide-images.cdn.ifixit.com/igi/hqEs55CWo1wCwVZu.large	Charlene Donlon	https://www.ifixit.com/Guide/Nintendo+3DS+XL+Touchscreen+Replacement/25071
25071	Nintendo 3DS XL Touchscreen Replacement	Nintendo 3DS XL	22	1	Nintendo_3DS_XL/25071_Nintendo_3DS_XL_Touchscreen_Replacement/step22_1.jpg	https://guide-images.cdn.ifixit.com/igi/FdDT3fPIMrMTRYmy.large	Charlene Donlon	https://www.ifixit.com/Guide/Nintendo+3DS+XL+Touchscreen+Replacement/25071
25071	Nintendo 3DS XL Touchscreen Replacement	Nintendo 3DS XL	22	2	Nintendo_3DS_XL/25071_Nintendo_3DS_XL_Touchscreen_Replacement/step22_2.jpg	https://guide-images.cdn.ifixit.com/igi/HnN2g6EUumwDCpxm.large	Charlene Donlon	https://www.ifixit.com/Guide/Nintendo+3DS+XL+Touchscreen+Replacement/25071
25071	Nintendo 3DS XL Touchscreen Replacement	Nintendo 3DS XL	23	1	Nintendo_3DS_XL/25071_Nintendo_3DS_XL_Touchscreen_Replacement/step23_1.jpg	https://guide-images.cdn.ifixit.com/igi/AV5c5cFpf35M1HID.large	Charlene Donlon	https://www.ifixit.com/Guide/Nintendo+3DS+XL+Touchscreen+Replacement/25071
25071	Nintendo 3DS XL Touchscreen Replacement	Nintendo 3DS XL	23	2	Nintendo_3DS_XL/25071_Nintendo_3DS_XL_Touchscreen_Replacement/step23_2.jpg	https://guide-images.cdn.ifixit.com/igi/VsTGfChARKbIQIRe.large	Charlene Donlon	https://www.ifixit.com/Guide/Nintendo+3DS+XL+Touchscreen+Replacement/25071
25071	Nintendo 3DS XL Touchscreen Replacement	Nintendo 3DS XL	24	1	Nintendo_3DS_XL/25071_Nintendo_3DS_XL_Touchscreen_Replacement/step24_1.jpg	https://guide-images.cdn.ifixit.com/igi/HxpKcPtAmqLMHGVT.large	Charlene Donlon	https://www.ifixit.com/Guide/Nintendo+3DS+XL+Touchscreen+Replacement/25071
25071	Nintendo 3DS XL Touchscreen Replacement	Nintendo 3DS XL	24	2	Nintendo_3DS_XL/25071_Nintendo_3DS_XL_Touchscreen_Replacement/step24_2.jpg	https://guide-images.cdn.ifixit.com/igi/WJJ3yTG2jOqtUFYV.large	Charlene Donlon	https://www.ifixit.com/Guide/Nintendo+3DS+XL+Touchscreen+Replacement/25071
25071	Nintendo 3DS XL Touchscreen Replacement	Nintendo 3DS XL	25	1	Nintendo_3DS_XL/25071_Nintendo_3DS_XL_Touchscreen_Replacement/step25_1.jpg	https://guide-images.cdn.ifixit.com/igi/xSdLD3ysOUO4L4e6.large	Charlene Donlon	https://www.ifixit.com/Guide/Nintendo+3DS+XL+Touchscreen+Replacement/25071
25071	Nintendo 3DS XL Touchscreen Replacement	Nintendo 3DS XL	25	2	Nintendo_3DS_XL/25071_Nintendo_3DS_XL_Touchscreen_Replacement/step25_2.jpg	https://guide-images.cdn.ifixit.com/igi/nClJHXPBXgoGsEuS.large	Charlene Donlon	https://www.ifixit.com/Guide/Nintendo+3DS+XL+Touchscreen+Replacement/25071
25071	Nintendo 3DS XL Touchscreen Replacement	Nintendo 3DS XL	26	1	Nintendo_3DS_XL/25071_Nintendo_3DS_XL_Touchscreen_Replacement/step26_1.jpg	https://guide-images.cdn.ifixit.com/igi/tZgdRbVHQnLLPXtd.large	Charlene Donlon	https://www.ifixit.com/Guide/Nintendo+3DS+XL+Touchscreen+Replacement/25071
25074	Nintendo 3DS XL Circle Pad Replacement	Nintendo 3DS XL	1	1	Nintendo_3DS_XL/25074_Nintendo_3DS_XL_Circle_Pad_Replacement/step01_1.jpg	https://guide-images.cdn.ifixit.com/igi/aua1HuxRJiv5uvEW.large	Charlene Donlon	https://www.ifixit.com/Guide/Nintendo+3DS+XL+Circle+Pad+Replacement/25074
25074	Nintendo 3DS XL Circle Pad Replacement	Nintendo 3DS XL	2	1	Nintendo_3DS_XL/25074_Nintendo_3DS_XL_Circle_Pad_Replacement/step02_1.jpg	https://guide-images.cdn.ifixit.com/igi/GUqhWChaLM3ZkYDT.large	Charlene Donlon	https://www.ifixit.com/Guide/Nintendo+3DS+XL+Circle+Pad+Replacement/25074
25074	Nintendo 3DS XL Circle Pad Replacement	Nintendo 3DS XL	2	2	Nintendo_3DS_XL/25074_Nintendo_3DS_XL_Circle_Pad_Replacement/step02_2.jpg	https://guide-images.cdn.ifixit.com/igi/w2fpAWwgAJcqSHZQ.large	Charlene Donlon	https://www.ifixit.com/Guide/Nintendo+3DS+XL+Circle+Pad+Replacement/25074
25074	Nintendo 3DS XL Circle Pad Replacement	Nintendo 3DS XL	3	1	Nintendo_3DS_XL/25074_Nintendo_3DS_XL_Circle_Pad_Replacement/step03_1.jpg	https://guide-images.cdn.ifixit.com/igi/C6DIOSrlv4hCvQlN.large	Charlene Donlon	https://www.ifixit.com/Guide/Nintendo+3DS+XL+Circle+Pad+Replacement/25074
25074	Nintendo 3DS XL Circle Pad Replacement	Nintendo 3DS XL	3	2	Nintendo_3DS_XL/25074_Nintendo_3DS_XL_Circle_Pad_Replacement/step03_2.jpg	https://guide-images.cdn.ifixit.com/igi/gKdhLpsCKBQbRC2P.large	Charlene Donlon	https://www.ifixit.com/Guide/Nintendo+3DS+XL+Circle+Pad+Replacement/25074
25074	Nintendo 3DS XL Circle Pad Replacement	Nintendo 3DS XL	3	3	Nintendo_3DS_XL/25074_Nintendo_3DS_XL_Circle_Pad_Replacement/step03_3.jpg	https://guide-images.cdn.ifixit.com/igi/pL42eowreW5MQMTY.large	Charlene Donlon	https://www.ifixit.com/Guide/Nintendo+3DS+XL+Circle+Pad+Replacement/25074
25074	Nintendo 3DS XL Circle Pad Replacement	Nintendo 3DS XL	4	1	Nintendo_3DS_XL/25074_Nintendo_3DS_XL_Circle_Pad_Replacement/step04_1.jpg	https://guide-images.cdn.ifixit.com/igi/NDaL1FwfgpipXktP.large	Charlene Donlon	https://www.ifixit.com/Guide/Nintendo+3DS+XL+Circle+Pad+Replacement/25074
25074	Nintendo 3DS XL Circle Pad Replacement	Nintendo 3DS XL	4	2	Nintendo_3DS_XL/25074_Nintendo_3DS_XL_Circle_Pad_Replacement/step04_2.jpg	https://guide-images.cdn.ifixit.com/igi/ED2niUPcvZGc6RIq.large	Charlene Donlon	https://www.ifixit.com/Guide/Nintendo+3DS+XL+Circle+Pad+Replacement/25074
25074	Nintendo 3DS XL Circle Pad Replacement	Nintendo 3DS XL	5	1	Nintendo_3DS_XL/25074_Nintendo_3DS_XL_Circle_Pad_Replacement/step05_1.jpg	https://guide-images.cdn.ifixit.com/igi/TCb3gX1x3AIQipCO.large	Charlene Donlon	https://www.ifixit.com/Guide/Nintendo+3DS+XL+Circle+Pad+Replacement/25074
25074	Nintendo 3DS XL Circle Pad Replacement	Nintendo 3DS XL	5	2	Nintendo_3DS_XL/25074_Nintendo_3DS_XL_Circle_Pad_Replacement/step05_2.jpg	https://guide-images.cdn.ifixit.com/igi/ZUBt6MsBLfRC1bRg.large	Charlene Donlon	https://www.ifixit.com/Guide/Nintendo+3DS+XL+Circle+Pad+Replacement/25074
25074	Nintendo 3DS XL Circle Pad Replacement	Nintendo 3DS XL	6	1	Nintendo_3DS_XL/25074_Nintendo_3DS_XL_Circle_Pad_Replacement/step06_1.jpg	https://guide-images.cdn.ifixit.com/igi/lwAJqibixLXNUTvp.large	Charlene Donlon	https://www.ifixit.com/Guide/Nintendo+3DS+XL+Circle+Pad+Replacement/25074
25074	Nintendo 3DS XL Circle Pad Replacement	Nintendo 3DS XL	7	1	Nintendo_3DS_XL/25074_Nintendo_3DS_XL_Circle_Pad_Replacement/step07_1.jpg	https://guide-images.cdn.ifixit.com/igi/MZdsuNoC12SfAQg2.large	Charlene Donlon	https://www.ifixit.com/Guide/Nintendo+3DS+XL+Circle+Pad+Replacement/25074
25074	Nintendo 3DS XL Circle Pad Replacement	Nintendo 3DS XL	7	2	Nintendo_3DS_XL/25074_Nintendo_3DS_XL_Circle_Pad_Replacement/step07_2.jpg	https://guide-images.cdn.ifixit.com/igi/j4KlaO4YjMZXQMr1.large	Charlene Donlon	https://www.ifixit.com/Guide/Nintendo+3DS+XL+Circle+Pad+Replacement/25074
25074	Nintendo 3DS XL Circle Pad Replacement	Nintendo 3DS XL	7	3	Nintendo_3DS_XL/25074_Nintendo_3DS_XL_Circle_Pad_Replacement/step07_3.jpg	https://guide-images.cdn.ifixit.com/igi/egELWOpQy2ZM2GaK.large	Charlene Donlon	https://www.ifixit.com/Guide/Nintendo+3DS+XL+Circle+Pad+Replacement/25074
25074	Nintendo 3DS XL Circle Pad Replacement	Nintendo 3DS XL	8	1	Nintendo_3DS_XL/25074_Nintendo_3DS_XL_Circle_Pad_Replacement/step08_1.jpg	https://guide-images.cdn.ifixit.com/igi/ML2lLyhIAkqvwZ6M.large	Charlene Donlon	https://www.ifixit.com/Guide/Nintendo+3DS+XL+Circle+Pad+Replacement/25074
25074	Nintendo 3DS XL Circle Pad Replacement	Nintendo 3DS XL	8	2	Nintendo_3DS_XL/25074_Nintendo_3DS_XL_Circle_Pad_Replacement/step08_2.jpg	https://guide-images.cdn.ifixit.com/igi/vUOOFyrWcTD5U3Uc.large	Charlene Donlon	https://www.ifixit.com/Guide/Nintendo+3DS+XL+Circle+Pad+Replacement/25074
25074	Nintendo 3DS XL Circle Pad Replacement	Nintendo 3DS XL	8	3	Nintendo_3DS_XL/25074_Nintendo_3DS_XL_Circle_Pad_Replacement/step08_3.jpg	https://guide-images.cdn.ifixit.com/igi/QHCGlYtRbFsLEEwm.large	Charlene Donlon	https://www.ifixit.com/Guide/Nintendo+3DS+XL+Circle+Pad+Replacement/25074
25074	Nintendo 3DS XL Circle Pad Replacement	Nintendo 3DS XL	9	1	Nintendo_3DS_XL/25074_Nintendo_3DS_XL_Circle_Pad_Replacement/step09_1.jpg	https://guide-images.cdn.ifixit.com/igi/nLUoPQfoGUNaBU3D.large	Charlene Donlon	https://www.ifixit.com/Guide/Nintendo+3DS+XL+Circle+Pad+Replacement/25074
25074	Nintendo 3DS XL Circle Pad Replacement	Nintendo 3DS XL	9	2	Nintendo_3DS_XL/25074_Nintendo_3DS_XL_Circle_Pad_Replacement/step09_2.jpg	https://guide-images.cdn.ifixit.com/igi/gALvDvwpnAVUwYfJ.large	Charlene Donlon	https://www.ifixit.com/Guide/Nintendo+3DS+XL+Circle+Pad+Replacement/25074
25074	Nintendo 3DS XL Circle Pad Replacement	Nintendo 3DS XL	10	1	Nintendo_3DS_XL/25074_Nintendo_3DS_XL_Circle_Pad_Replacement/step10_1.jpg	https://guide-images.cdn.ifixit.com/igi/CI62DGXtCSkNx26o.large	Charlene Donlon	https://www.ifixit.com/Guide/Nintendo+3DS+XL+Circle+Pad+Replacement/25074
25074	Nintendo 3DS XL Circle Pad Replacement	Nintendo 3DS XL	10	2	Nintendo_3DS_XL/25074_Nintendo_3DS_XL_Circle_Pad_Replacement/step10_2.jpg	https://guide-images.cdn.ifixit.com/igi/W66IMNEFjpu6mMYa.large	Charlene Donlon	https://www.ifixit.com/Guide/Nintendo+3DS+XL+Circle+Pad+Replacement/25074
25074	Nintendo 3DS XL Circle Pad Replacement	Nintendo 3DS XL	11	1	Nintendo_3DS_XL/25074_Nintendo_3DS_XL_Circle_Pad_Replacement/step11_1.jpg	https://guide-images.cdn.ifixit.com/igi/CdVVBuCTeyDO5mZT.large	Charlene Donlon	https://www.ifixit.com/Guide/Nintendo+3DS+XL+Circle+Pad+Replacement/25074
25074	Nintendo 3DS XL Circle Pad Replacement	Nintendo 3DS XL	11	2	Nintendo_3DS_XL/25074_Nintendo_3DS_XL_Circle_Pad_Replacement/step11_2.jpg	https://guide-images.cdn.ifixit.com/igi/QynH2EYVTOOVVjMR.large	Charlene Donlon	https://www.ifixit.com/Guide/Nintendo+3DS+XL+Circle+Pad+Replacement/25074
25075	Nintendo 3DS XL Microphone Replacement	Nintendo 3DS XL	1	1	Nintendo_3DS_XL/25075_Nintendo_3DS_XL_Microphone_Replacement/step01_1.jpg	https://guide-images.cdn.ifixit.com/igi/aua1HuxRJiv5uvEW.large	Charlene Donlon	https://www.ifixit.com/Guide/Nintendo+3DS+XL+Microphone+Replacement/25075
25075	Nintendo 3DS XL Microphone Replacement	Nintendo 3DS XL	2	1	Nintendo_3DS_XL/25075_Nintendo_3DS_XL_Microphone_Replacement/step02_1.jpg	https://guide-images.cdn.ifixit.com/igi/GUqhWChaLM3ZkYDT.large	Charlene Donlon	https://www.ifixit.com/Guide/Nintendo+3DS+XL+Microphone+Replacement/25075
25075	Nintendo 3DS XL Microphone Replacement	Nintendo 3DS XL	2	2	Nintendo_3DS_XL/25075_Nintendo_3DS_XL_Microphone_Replacement/step02_2.jpg	https://guide-images.cdn.ifixit.com/igi/w2fpAWwgAJcqSHZQ.large	Charlene Donlon	https://www.ifixit.com/Guide/Nintendo+3DS+XL+Microphone+Replacement/25075
25075	Nintendo 3DS XL Microphone Replacement	Nintendo 3DS XL	3	1	Nintendo_3DS_XL/25075_Nintendo_3DS_XL_Microphone_Replacement/step03_1.jpg	https://guide-images.cdn.ifixit.com/igi/C6DIOSrlv4hCvQlN.large	Charlene Donlon	https://www.ifixit.com/Guide/Nintendo+3DS+XL+Microphone+Replacement/25075
25075	Nintendo 3DS XL Microphone Replacement	Nintendo 3DS XL	3	2	Nintendo_3DS_XL/25075_Nintendo_3DS_XL_Microphone_Replacement/step03_2.jpg	https://guide-images.cdn.ifixit.com/igi/gKdhLpsCKBQbRC2P.large	Charlene Donlon	https://www.ifixit.com/Guide/Nintendo+3DS+XL+Microphone+Replacement/25075
25075	Nintendo 3DS XL Microphone Replacement	Nintendo 3DS XL	3	3	Nintendo_3DS_XL/25075_Nintendo_3DS_XL_Microphone_Replacement/step03_3.jpg	https://guide-images.cdn.ifixit.com/igi/pL42eowreW5MQMTY.large	Charlene Donlon	https://www.ifixit.com/Guide/Nintendo+3DS+XL+Microphone+Replacement/25075
25075	Nintendo 3DS XL Microphone Replacement	Nintendo 3DS XL	4	1	Nintendo_3DS_XL/25075_Nintendo_3DS_XL_Microphone_Replacement/step04_1.jpg	https://guide-images.cdn.ifixit.com/igi/fLgh5bFKPvvxrgaP.large	Charlene Donlon	https://www.ifixit.com/Guide/Nintendo+3DS+XL+Microphone+Replacement/25075
25075	Nintendo 3DS XL Microphone Replacement	Nintendo 3DS XL	4	2	Nintendo_3DS_XL/25075_Nintendo_3DS_XL_Microphone_Replacement/step04_2.jpg	https://guide-images.cdn.ifixit.com/igi/sBM4a6NbuMovZh2U.large	Charlene Donlon	https://www.ifixit.com/Guide/Nintendo+3DS+XL+Microphone+Replacement/25075
25075	Nintendo 3DS XL Microphone Replacement	Nintendo 3DS XL	5	1	Nintendo_3DS_XL/25075_Nintendo_3DS_XL_Microphone_Replacement/step05_1.jpg	https://guide-images.cdn.ifixit.com/igi/BM12FP4JrxRVG6GH.large	Charlene Donlon	https://www.ifixit.com/Guide/Nintendo+3DS+XL+Microphone+Replacement/25075
25075	Nintendo 3DS XL Microphone Replacement	Nintendo 3DS XL	5	2	Nintendo_3DS_XL/25075_Nintendo_3DS_XL_Microphone_Replacement/step05_2.jpg	https://guide-images.cdn.ifixit.com/igi/uYDRDQofFy62WVwY.large	Charlene Donlon	https://www.ifixit.com/Guide/Nintendo+3DS+XL+Microphone+Replacement/25075
25075	Nintendo 3DS XL Microphone Replacement	Nintendo 3DS XL	6	1	Nintendo_3DS_XL/25075_Nintendo_3DS_XL_Microphone_Replacement/step06_1.jpg	https://guide-images.cdn.ifixit.com/igi/tIrqLTPrEx3iBQxH.large	Charlene Donlon	https://www.ifixit.com/Guide/Nintendo+3DS+XL+Microphone+Replacement/25075
25075	Nintendo 3DS XL Microphone Replacement	Nintendo 3DS XL	7	1	Nintendo_3DS_XL/25075_Nintendo_3DS_XL_Microphone_Replacement/step07_1.jpg	https://guide-images.cdn.ifixit.com/igi/4WEjlXC1FXDEJC1k.large	Charlene Donlon	https://www.ifixit.com/Guide/Nintendo+3DS+XL+Microphone+Replacement/25075
25075	Nintendo 3DS XL Microphone Replacement	Nintendo 3DS XL	7	2	Nintendo_3DS_XL/25075_Nintendo_3DS_XL_Microphone_Replacement/step07_2.jpg	https://guide-images.cdn.ifixit.com/igi/ZDJYlK5JvXn4QFif.large	Charlene Donlon	https://www.ifixit.com/Guide/Nintendo+3DS+XL+Microphone+Replacement/25075
25075	Nintendo 3DS XL Microphone Replacement	Nintendo 3DS XL	7	3	Nintendo_3DS_XL/25075_Nintendo_3DS_XL_Microphone_Replacement/step07_3.jpg	https://guide-images.cdn.ifixit.com/igi/NyOT15vyRRA2ZupP.large	Charlene Donlon	https://www.ifixit.com/Guide/Nintendo+3DS+XL+Microphone+Replacement/25075
25075	Nintendo 3DS XL Microphone Replacement	Nintendo 3DS XL	8	1	Nintendo_3DS_XL/25075_Nintendo_3DS_XL_Microphone_Replacement/step08_1.jpg	https://guide-images.cdn.ifixit.com/igi/FLtfcVY1BYhDVK2U.large	Charlene Donlon	https://www.ifixit.com/Guide/Nintendo+3DS+XL+Microphone+Replacement/25075
25075	Nintendo 3DS XL Microphone Replacement	Nintendo 3DS XL	8	2	Nintendo_3DS_XL/25075_Nintendo_3DS_XL_Microphone_Replacement/step08_2.jpg	https://guide-images.cdn.ifixit.com/igi/qfgUBhjY235W53Go.large	Charlene Donlon	https://www.ifixit.com/Guide/Nintendo+3DS+XL+Microphone+Replacement/25075
25075	Nintendo 3DS XL Microphone Replacement	Nintendo 3DS XL	8	3	Nintendo_3DS_XL/25075_Nintendo_3DS_XL_Microphone_Replacement/step08_3.jpg	https://guide-images.cdn.ifixit.com/igi/M5KXZb3SbDkQDdqK.large	Charlene Donlon	https://www.ifixit.com/Guide/Nintendo+3DS+XL+Microphone+Replacement/25075
25075	Nintendo 3DS XL Microphone Replacement	Nintendo 3DS XL	9	1	Nintendo_3DS_XL/25075_Nintendo_3DS_XL_Microphone_Replacement/step09_1.jpg	https://guide-images.cdn.ifixit.com/igi/IhUoXpgYkICPPGwZ.large	Charlene Donlon	https://www.ifixit.com/Guide/Nintendo+3DS+XL+Microphone+Replacement/25075
25075	Nintendo 3DS XL Microphone Replacement	Nintendo 3DS XL	9	2	Nintendo_3DS_XL/25075_Nintendo_3DS_XL_Microphone_Replacement/step09_2.jpg	https://guide-images.cdn.ifixit.com/igi/HwsS1OTHw4UOMZFm.large	Charlene Donlon	https://www.ifixit.com/Guide/Nintendo+3DS+XL+Microphone+Replacement/25075
25075	Nintendo 3DS XL Microphone Replacement	Nintendo 3DS XL	9	3	Nintendo_3DS_XL/25075_Nintendo_3DS_XL_Microphone_Replacement/step09_3.jpg	https://guide-images.cdn.ifixit.com/igi/KYIeOLef22HVpstX.large	Charlene Donlon	https://www.ifixit.com/Guide/Nintendo+3DS+XL+Microphone+Replacement/25075
25075	Nintendo 3DS XL Microphone Replacement	Nintendo 3DS XL	10	1	Nintendo_3DS_XL/25075_Nintendo_3DS_XL_Microphone_Replacement/step10_1.jpg	https://guide-images.cdn.ifixit.com/igi/SsOy3kFP5lvn3Ekr.large	Charlene Donlon	https://www.ifixit.com/Guide/Nintendo+3DS+XL+Microphone+Replacement/25075
25075	Nintendo 3DS XL Microphone Replacement	Nintendo 3DS XL	10	2	Nintendo_3DS_XL/25075_Nintendo_3DS_XL_Microphone_Replacement/step10_2.jpg	https://guide-images.cdn.ifixit.com/igi/JDRWytmrBaaSB5bc.large	Charlene Donlon	https://www.ifixit.com/Guide/Nintendo+3DS+XL+Microphone+Replacement/25075
25078	Nintendo 3DS XL IR Board Replacement	Nintendo 3DS XL	1	1	Nintendo_3DS_XL/25078_Nintendo_3DS_XL_IR_Board_Replacement/step01_1.jpg	https://guide-images.cdn.ifixit.com/igi/aua1HuxRJiv5uvEW.large	Charlene Donlon	https://www.ifixit.com/Guide/Nintendo+3DS+XL+IR+Board+Replacement/25078
25078	Nintendo 3DS XL IR Board Replacement	Nintendo 3DS XL	2	1	Nintendo_3DS_XL/25078_Nintendo_3DS_XL_IR_Board_Replacement/step02_1.jpg	https://guide-images.cdn.ifixit.com/igi/GUqhWChaLM3ZkYDT.large	Charlene Donlon	https://www.ifixit.com/Guide/Nintendo+3DS+XL+IR+Board+Replacement/25078
25078	Nintendo 3DS XL IR Board Replacement	Nintendo 3DS XL	2	2	Nintendo_3DS_XL/25078_Nintendo_3DS_XL_IR_Board_Replacement/step02_2.jpg	https://guide-images.cdn.ifixit.com/igi/w2fpAWwgAJcqSHZQ.large	Charlene Donlon	https://www.ifixit.com/Guide/Nintendo+3DS+XL+IR+Board+Replacement/25078
25078	Nintendo 3DS XL IR Board Replacement	Nintendo 3DS XL	3	1	Nintendo_3DS_XL/25078_Nintendo_3DS_XL_IR_Board_Replacement/step03_1.jpg	https://guide-images.cdn.ifixit.com/igi/C6DIOSrlv4hCvQlN.large	Charlene Donlon	https://www.ifixit.com/Guide/Nintendo+3DS+XL+IR+Board+Replacement/25078
25078	Nintendo 3DS XL IR Board Replacement	Nintendo 3DS XL	3	2	Nintendo_3DS_XL/25078_Nintendo_3DS_XL_IR_Board_Replacement/step03_2.jpg	https://guide-images.cdn.ifixit.com/igi/gKdhLpsCKBQbRC2P.large	Charlene Donlon	https://www.ifixit.com/Guide/Nintendo+3DS+XL+IR+Board+Replacement/25078
25078	Nintendo 3DS XL IR Board Replacement	Nintendo 3DS XL	3	3	Nintendo_3DS_XL/25078_Nintendo_3DS_XL_IR_Board_Replacement/step03_3.jpg	https://guide-images.cdn.ifixit.com/igi/pL42eowreW5MQMTY.large	Charlene Donlon	https://www.ifixit.com/Guide/Nintendo+3DS+XL+IR+Board+Replacement/25078
25078	Nintendo 3DS XL IR Board Replacement	Nintendo 3DS XL	4	1	Nintendo_3DS_XL/25078_Nintendo_3DS_XL_IR_Board_Replacement/step04_1.jpg	https://guide-images.cdn.ifixit.com/igi/NDaL1FwfgpipXktP.large	Charlene Donlon	https://www.ifixit.com/Guide/Nintendo+3DS+XL+IR+Board+Replacement/25078
25078	Nintendo 3DS XL IR Board Replacement	Nintendo 3DS XL	4	2	Nintendo_3DS_XL/25078_Nintendo_3DS_XL_IR_Board_Replacement/step04_2.jpg	https://guide-images.cdn.ifixit.com/igi/ED2niUPcvZGc6RIq.large	Charlene Donlon	https://www.ifixit.com/Guide/Nintendo+3DS+XL+IR+Board+Replacement/25078
25078	Nintendo 3DS XL IR Board Replacement	Nintendo 3DS XL	5	1	Nintendo_3DS_XL/25078_Nintendo_3DS_XL_IR_Board_Replacement/step05_1.jpg	https://guide-images.cdn.ifixit.com/igi/TCb3gX1x3AIQipCO.large	Charlene Donlon	https://www.ifixit.com/Guide/Nintendo+3DS+XL+IR+Board+Replacement/25078
25078	Nintendo 3DS XL IR Board Replacement	Nintendo 3DS XL	5	2	Nintendo_3DS_XL/25078_Nintendo_3DS_XL_IR_Board_Replacement/step05_2.jpg	https://guide-images.cdn.ifixit.com/igi/ZUBt6MsBLfRC1bRg.large	Charlene Donlon	https://www.ifixit.com/Guide/Nintendo+3DS+XL+IR+Board+Replacement/25078
25078	Nintendo 3DS XL IR Board Replacement	Nintendo 3DS XL	6	1	Nintendo_3DS_XL/25078_Nintendo_3DS_XL_IR_Board_Replacement/step06_1.jpg	https://guide-images.cdn.ifixit.com/igi/lwAJqibixLXNUTvp.large	Charlene Donlon	https://www.ifixit.com/Guide/Nintendo+3DS+XL+IR+Board+Replacement/25078
25078	Nintendo 3DS XL IR Board Replacement	Nintendo 3DS XL	7	1	Nintendo_3DS_XL/25078_Nintendo_3DS_XL_IR_Board_Replacement/step07_1.jpg	https://guide-images.cdn.ifixit.com/igi/MZdsuNoC12SfAQg2.large	Charlene Donlon	https://www.ifixit.com/Guide/Nintendo+3DS+XL+IR+Board+Replacement/25078
25078	Nintendo 3DS XL IR Board Replacement	Nintendo 3DS XL	7	2	Nintendo_3DS_XL/25078_Nintendo_3DS_XL_IR_Board_Replacement/step07_2.jpg	https://guide-images.cdn.ifixit.com/igi/j4KlaO4YjMZXQMr1.large	Charlene Donlon	https://www.ifixit.com/Guide/Nintendo+3DS+XL+IR+Board+Replacement/25078
25078	Nintendo 3DS XL IR Board Replacement	Nintendo 3DS XL	7	3	Nintendo_3DS_XL/25078_Nintendo_3DS_XL_IR_Board_Replacement/step07_3.jpg	https://guide-images.cdn.ifixit.com/igi/egELWOpQy2ZM2GaK.large	Charlene Donlon	https://www.ifixit.com/Guide/Nintendo+3DS+XL+IR+Board+Replacement/25078
25078	Nintendo 3DS XL IR Board Replacement	Nintendo 3DS XL	8	1	Nintendo_3DS_XL/25078_Nintendo_3DS_XL_IR_Board_Replacement/step08_1.jpg	https://guide-images.cdn.ifixit.com/igi/ML2lLyhIAkqvwZ6M.large	Charlene Donlon	https://www.ifixit.com/Guide/Nintendo+3DS+XL+IR+Board+Replacement/25078
25078	Nintendo 3DS XL IR Board Replacement	Nintendo 3DS XL	8	2	Nintendo_3DS_XL/25078_Nintendo_3DS_XL_IR_Board_Replacement/step08_2.jpg	https://guide-images.cdn.ifixit.com/igi/vUOOFyrWcTD5U3Uc.large	Charlene Donlon	https://www.ifixit.com/Guide/Nintendo+3DS+XL+IR+Board+Replacement/25078
25078	Nintendo 3DS XL IR Board Replacement	Nintendo 3DS XL	8	3	Nintendo_3DS_XL/25078_Nintendo_3DS_XL_IR_Board_Replacement/step08_3.jpg	https://guide-images.cdn.ifixit.com/igi/QHCGlYtRbFsLEEwm.large	Charlene Donlon	https://www.ifixit.com/Guide/Nintendo+3DS+XL+IR+Board+Replacement/25078
25078	Nintendo 3DS XL IR Board Replacement	Nintendo 3DS XL	9	1	Nintendo_3DS_XL/25078_Nintendo_3DS_XL_IR_Board_Replacement/step09_1.jpg	https://guide-images.cdn.ifixit.com/igi/nLUoPQfoGUNaBU3D.large	Charlene Donlon	https://www.ifixit.com/Guide/Nintendo+3DS+XL+IR+Board+Replacement/25078
25078	Nintendo 3DS XL IR Board Replacement	Nintendo 3DS XL	9	2	Nintendo_3DS_XL/25078_Nintendo_3DS_XL_IR_Board_Replacement/step09_2.jpg	https://guide-images.cdn.ifixit.com/igi/gALvDvwpnAVUwYfJ.large	Charlene Donlon	https://www.ifixit.com/Guide/Nintendo+3DS+XL+IR+Board+Replacement/25078
25078	Nintendo 3DS XL IR Board Replacement	Nintendo 3DS XL	10	1	Nintendo_3DS_XL/25078_Nintendo_3DS_XL_IR_Board_Replacement/step10_1.jpg	https://guide-images.cdn.ifixit.com/igi/CI62DGXtCSkNx26o.large	Charlene Donlon	https://www.ifixit.com/Guide/Nintendo+3DS+XL+IR+Board+Replacement/25078
25078	Nintendo 3DS XL IR Board Replacement	Nintendo 3DS XL	10	2	Nintendo_3DS_XL/25078_Nintendo_3DS_XL_IR_Board_Replacement/step10_2.jpg	https://guide-images.cdn.ifixit.com/igi/W66IMNEFjpu6mMYa.large	Charlene Donlon	https://www.ifixit.com/Guide/Nintendo+3DS+XL+IR+Board+Replacement/25078
25078	Nintendo 3DS XL IR Board Replacement	Nintendo 3DS XL	11	1	Nintendo_3DS_XL/25078_Nintendo_3DS_XL_IR_Board_Replacement/step11_1.jpg	https://guide-images.cdn.ifixit.com/igi/CdVVBuCTeyDO5mZT.large	Charlene Donlon	https://www.ifixit.com/Guide/Nintendo+3DS+XL+IR+Board+Replacement/25078
25078	Nintendo 3DS XL IR Board Replacement	Nintendo 3DS XL	11	2	Nintendo_3DS_XL/25078_Nintendo_3DS_XL_IR_Board_Replacement/step11_2.jpg	https://guide-images.cdn.ifixit.com/igi/QynH2EYVTOOVVjMR.large	Charlene Donlon	https://www.ifixit.com/Guide/Nintendo+3DS+XL+IR+Board+Replacement/25078
25078	Nintendo 3DS XL IR Board Replacement	Nintendo 3DS XL	12	1	Nintendo_3DS_XL/25078_Nintendo_3DS_XL_IR_Board_Replacement/step12_1.jpg	https://guide-images.cdn.ifixit.com/igi/BDMRAdlBqGdfRmSi.large	Charlene Donlon	https://www.ifixit.com/Guide/Nintendo+3DS+XL+IR+Board+Replacement/25078
25078	Nintendo 3DS XL IR Board Replacement	Nintendo 3DS XL	12	2	Nintendo_3DS_XL/25078_Nintendo_3DS_XL_IR_Board_Replacement/step12_2.jpg	https://guide-images.cdn.ifixit.com/igi/gP1TmEMjWKfNUq42.large	Charlene Donlon	https://www.ifixit.com/Guide/Nintendo+3DS+XL+IR+Board+Replacement/25078
25399	Nintendo 3DS XL Motherboard Replacement	Nintendo 3DS XL	1	1	Nintendo_3DS_XL/25399_Nintendo_3DS_XL_Motherboard_Replacement/step01_1.jpg	https://guide-images.cdn.ifixit.com/igi/aua1HuxRJiv5uvEW.large	Charlene Donlon	https://www.ifixit.com/Guide/Nintendo+3DS+XL+Motherboard+Replacement/25399
25399	Nintendo 3DS XL Motherboard Replacement	Nintendo 3DS XL	2	1	Nintendo_3DS_XL/25399_Nintendo_3DS_XL_Motherboard_Replacement/step02_1.jpg	https://guide-images.cdn.ifixit.com/igi/GUqhWChaLM3ZkYDT.large	Charlene Donlon	https://www.ifixit.com/Guide/Nintendo+3DS+XL+Motherboard+Replacement/25399
25399	Nintendo 3DS XL Motherboard Replacement	Nintendo 3DS XL	2	2	Nintendo_3DS_XL/25399_Nintendo_3DS_XL_Motherboard_Replacement/step02_2.jpg	https://guide-images.cdn.ifixit.com/igi/w2fpAWwgAJcqSHZQ.large	Charlene Donlon	https://www.ifixit.com/Guide/Nintendo+3DS+XL+Motherboard+Replacement/25399
25399	Nintendo 3DS XL Motherboard Replacement	Nintendo 3DS XL	3	1	Nintendo_3DS_XL/25399_Nintendo_3DS_XL_Motherboard_Replacement/step03_1.jpg	https://guide-images.cdn.ifixit.com/igi/C6DIOSrlv4hCvQlN.large	Charlene Donlon	https://www.ifixit.com/Guide/Nintendo+3DS+XL+Motherboard+Replacement/25399
25399	Nintendo 3DS XL Motherboard Replacement	Nintendo 3DS XL	3	2	Nintendo_3DS_XL/25399_Nintendo_3DS_XL_Motherboard_Replacement/step03_2.jpg	https://guide-images.cdn.ifixit.com/igi/gKdhLpsCKBQbRC2P.large	Charlene Donlon	https://www.ifixit.com/Guide/Nintendo+3DS+XL+Motherboard+Replacement/25399
25399	Nintendo 3DS XL Motherboard Replacement	Nintendo 3DS XL	3	3	Nintendo_3DS_XL/25399_Nintendo_3DS_XL_Motherboard_Replacement/step03_3.jpg	https://guide-images.cdn.ifixit.com/igi/pL42eowreW5MQMTY.large	Charlene Donlon	https://www.ifixit.com/Guide/Nintendo+3DS+XL+Motherboard+Replacement/25399
25399	Nintendo 3DS XL Motherboard Replacement	Nintendo 3DS XL	4	1	Nintendo_3DS_XL/25399_Nintendo_3DS_XL_Motherboard_Replacement/step04_1.jpg	https://guide-images.cdn.ifixit.com/igi/NDaL1FwfgpipXktP.large	Charlene Donlon	https://www.ifixit.com/Guide/Nintendo+3DS+XL+Motherboard+Replacement/25399
25399	Nintendo 3DS XL Motherboard Replacement	Nintendo 3DS XL	4	2	Nintendo_3DS_XL/25399_Nintendo_3DS_XL_Motherboard_Replacement/step04_2.jpg	https://guide-images.cdn.ifixit.com/igi/ED2niUPcvZGc6RIq.large	Charlene Donlon	https://www.ifixit.com/Guide/Nintendo+3DS+XL+Motherboard+Replacement/25399
25399	Nintendo 3DS XL Motherboard Replacement	Nintendo 3DS XL	5	1	Nintendo_3DS_XL/25399_Nintendo_3DS_XL_Motherboard_Replacement/step05_1.jpg	https://guide-images.cdn.ifixit.com/igi/TCb3gX1x3AIQipCO.large	Charlene Donlon	https://www.ifixit.com/Guide/Nintendo+3DS+XL+Motherboard+Replacement/25399
25399	Nintendo 3DS XL Motherboard Replacement	Nintendo 3DS XL	5	2	Nintendo_3DS_XL/25399_Nintendo_3DS_XL_Motherboard_Replacement/step05_2.jpg	https://guide-images.cdn.ifixit.com/igi/ZUBt6MsBLfRC1bRg.large	Charlene Donlon	https://www.ifixit.com/Guide/Nintendo+3DS+XL+Motherboard+Replacement/25399
25399	Nintendo 3DS XL Motherboard Replacement	Nintendo 3DS XL	6	1	Nintendo_3DS_XL/25399_Nintendo_3DS_XL_Motherboard_Replacement/step06_1.jpg	https://guide-images.cdn.ifixit.com/igi/lwAJqibixLXNUTvp.large	Charlene Donlon	https://www.ifixit.com/Guide/Nintendo+3DS+XL+Motherboard+Replacement/25399
25399	Nintendo 3DS XL Motherboard Replacement	Nintendo 3DS XL	7	1	Nintendo_3DS_XL/25399_Nintendo_3DS_XL_Motherboard_Replacement/step07_1.jpg	https://guide-images.cdn.ifixit.com/igi/MZdsuNoC12SfAQg2.large	Charlene Donlon	https://www.ifixit.com/Guide/Nintendo+3DS+XL+Motherboard+Replacement/25399
25399	Nintendo 3DS XL Motherboard Replacement	Nintendo 3DS XL	7	2	Nintendo_3DS_XL/25399_Nintendo_3DS_XL_Motherboard_Replacement/step07_2.jpg	https://guide-images.cdn.ifixit.com/igi/j4KlaO4YjMZXQMr1.large	Charlene Donlon	https://www.ifixit.com/Guide/Nintendo+3DS+XL+Motherboard+Replacement/25399
25399	Nintendo 3DS XL Motherboard Replacement	Nintendo 3DS XL	7	3	Nintendo_3DS_XL/25399_Nintendo_3DS_XL_Motherboard_Replacement/step07_3.jpg	https://guide-images.cdn.ifixit.com/igi/egELWOpQy2ZM2GaK.large	Charlene Donlon	https://www.ifixit.com/Guide/Nintendo+3DS+XL+Motherboard+Replacement/25399
25399	Nintendo 3DS XL Motherboard Replacement	Nintendo 3DS XL	8	1	Nintendo_3DS_XL/25399_Nintendo_3DS_XL_Motherboard_Replacement/step08_1.jpg	https://guide-images.cdn.ifixit.com/igi/ML2lLyhIAkqvwZ6M.large	Charlene Donlon	https://www.ifixit.com/Guide/Nintendo+3DS+XL+Motherboard+Replacement/25399
25399	Nintendo 3DS XL Motherboard Replacement	Nintendo 3DS XL	8	2	Nintendo_3DS_XL/25399_Nintendo_3DS_XL_Motherboard_Replacement/step08_2.jpg	https://guide-images.cdn.ifixit.com/igi/vUOOFyrWcTD5U3Uc.large	Charlene Donlon	https://www.ifixit.com/Guide/Nintendo+3DS+XL+Motherboard+Replacement/25399
25399	Nintendo 3DS XL Motherboard Replacement	Nintendo 3DS XL	8	3	Nintendo_3DS_XL/25399_Nintendo_3DS_XL_Motherboard_Replacement/step08_3.jpg	https://guide-images.cdn.ifixit.com/igi/QHCGlYtRbFsLEEwm.large	Charlene Donlon	https://www.ifixit.com/Guide/Nintendo+3DS+XL+Motherboard+Replacement/25399
25399	Nintendo 3DS XL Motherboard Replacement	Nintendo 3DS XL	9	1	Nintendo_3DS_XL/25399_Nintendo_3DS_XL_Motherboard_Replacement/step09_1.jpg	https://guide-images.cdn.ifixit.com/igi/nLUoPQfoGUNaBU3D.large	Charlene Donlon	https://www.ifixit.com/Guide/Nintendo+3DS+XL+Motherboard+Replacement/25399
25399	Nintendo 3DS XL Motherboard Replacement	Nintendo 3DS XL	9	2	Nintendo_3DS_XL/25399_Nintendo_3DS_XL_Motherboard_Replacement/step09_2.jpg	https://guide-images.cdn.ifixit.com/igi/gALvDvwpnAVUwYfJ.large	Charlene Donlon	https://www.ifixit.com/Guide/Nintendo+3DS+XL+Motherboard+Replacement/25399
25399	Nintendo 3DS XL Motherboard Replacement	Nintendo 3DS XL	10	1	Nintendo_3DS_XL/25399_Nintendo_3DS_XL_Motherboard_Replacement/step10_1.jpg	https://guide-images.cdn.ifixit.com/igi/CI62DGXtCSkNx26o.large	Charlene Donlon	https://www.ifixit.com/Guide/Nintendo+3DS+XL+Motherboard+Replacement/25399
25399	Nintendo 3DS XL Motherboard Replacement	Nintendo 3DS XL	10	2	Nintendo_3DS_XL/25399_Nintendo_3DS_XL_Motherboard_Replacement/step10_2.jpg	https://guide-images.cdn.ifixit.com/igi/W66IMNEFjpu6mMYa.large	Charlene Donlon	https://www.ifixit.com/Guide/Nintendo+3DS+XL+Motherboard+Replacement/25399
25399	Nintendo 3DS XL Motherboard Replacement	Nintendo 3DS XL	11	1	Nintendo_3DS_XL/25399_Nintendo_3DS_XL_Motherboard_Replacement/step11_1.jpg	https://guide-images.cdn.ifixit.com/igi/CdVVBuCTeyDO5mZT.large	Charlene Donlon	https://www.ifixit.com/Guide/Nintendo+3DS+XL+Motherboard+Replacement/25399
25399	Nintendo 3DS XL Motherboard Replacement	Nintendo 3DS XL	11	2	Nintendo_3DS_XL/25399_Nintendo_3DS_XL_Motherboard_Replacement/step11_2.jpg	https://guide-images.cdn.ifixit.com/igi/QynH2EYVTOOVVjMR.large	Charlene Donlon	https://www.ifixit.com/Guide/Nintendo+3DS+XL+Motherboard+Replacement/25399
25399	Nintendo 3DS XL Motherboard Replacement	Nintendo 3DS XL	12	1	Nintendo_3DS_XL/25399_Nintendo_3DS_XL_Motherboard_Replacement/step12_1.jpg	https://guide-images.cdn.ifixit.com/igi/BDMRAdlBqGdfRmSi.large	Charlene Donlon	https://www.ifixit.com/Guide/Nintendo+3DS+XL+Motherboard+Replacement/25399
25399	Nintendo 3DS XL Motherboard Replacement	Nintendo 3DS XL	12	2	Nintendo_3DS_XL/25399_Nintendo_3DS_XL_Motherboard_Replacement/step12_2.jpg	https://guide-images.cdn.ifixit.com/igi/gP1TmEMjWKfNUq42.large	Charlene Donlon	https://www.ifixit.com/Guide/Nintendo+3DS+XL+Motherboard+Replacement/25399
25399	Nintendo 3DS XL Motherboard Replacement	Nintendo 3DS XL	13	1	Nintendo_3DS_XL/25399_Nintendo_3DS_XL_Motherboard_Replacement/step13_1.jpg	https://guide-images.cdn.ifixit.com/igi/xP3Frwuq2PTp5wRx.large	Charlene Donlon	https://www.ifixit.com/Guide/Nintendo+3DS+XL+Motherboard+Replacement/25399
25399	Nintendo 3DS XL Motherboard Replacement	Nintendo 3DS XL	13	2	Nintendo_3DS_XL/25399_Nintendo_3DS_XL_Motherboard_Replacement/step13_2.jpg	https://guide-images.cdn.ifixit.com/igi/2v61m3TXOsfMpSbP.large	Charlene Donlon	https://www.ifixit.com/Guide/Nintendo+3DS+XL+Motherboard+Replacement/25399
25399	Nintendo 3DS XL Motherboard Replacement	Nintendo 3DS XL	14	1	Nintendo_3DS_XL/25399_Nintendo_3DS_XL_Motherboard_Replacement/step14_1.jpg	https://guide-images.cdn.ifixit.com/igi/Xt6bUvL1BA1NnAiN.large	Charlene Donlon	https://www.ifixit.com/Guide/Nintendo+3DS+XL+Motherboard+Replacement/25399
25399	Nintendo 3DS XL Motherboard Replacement	Nintendo 3DS XL	14	2	Nintendo_3DS_XL/25399_Nintendo_3DS_XL_Motherboard_Replacement/step14_2.jpg	https://guide-images.cdn.ifixit.com/igi/ddNYA6sonMaQHTNe.large	Charlene Donlon	https://www.ifixit.com/Guide/Nintendo+3DS+XL+Motherboard+Replacement/25399
25399	Nintendo 3DS XL Motherboard Replacement	Nintendo 3DS XL	15	1	Nintendo_3DS_XL/25399_Nintendo_3DS_XL_Motherboard_Replacement/step15_1.jpg	https://guide-images.cdn.ifixit.com/igi/BValKuUrBfFbiQQt.large	Charlene Donlon	https://www.ifixit.com/Guide/Nintendo+3DS+XL+Motherboard+Replacement/25399
25399	Nintendo 3DS XL Motherboard Replacement	Nintendo 3DS XL	16	1	Nintendo_3DS_XL/25399_Nintendo_3DS_XL_Motherboard_Replacement/step16_1.jpg	https://guide-images.cdn.ifixit.com/igi/irvTZyIgiQtDH1NO.large	Charlene Donlon	https://www.ifixit.com/Guide/Nintendo+3DS+XL+Motherboard+Replacement/25399
25399	Nintendo 3DS XL Motherboard Replacement	Nintendo 3DS XL	16	2	Nintendo_3DS_XL/25399_Nintendo_3DS_XL_Motherboard_Replacement/step16_2.jpg	https://guide-images.cdn.ifixit.com/igi/5Jubj1CXnZBFdLKv.large	Charlene Donlon	https://www.ifixit.com/Guide/Nintendo+3DS+XL+Motherboard+Replacement/25399
25399	Nintendo 3DS XL Motherboard Replacement	Nintendo 3DS XL	17	1	Nintendo_3DS_XL/25399_Nintendo_3DS_XL_Motherboard_Replacement/step17_1.jpg	https://guide-images.cdn.ifixit.com/igi/j1GUpZaOyHZRnEhS.large	Charlene Donlon	https://www.ifixit.com/Guide/Nintendo+3DS+XL+Motherboard+Replacement/25399
25399	Nintendo 3DS XL Motherboard Replacement	Nintendo 3DS XL	17	2	Nintendo_3DS_XL/25399_Nintendo_3DS_XL_Motherboard_Replacement/step17_2.jpg	https://guide-images.cdn.ifixit.com/igi/NCIeEy2msJnFnAQW.large	Charlene Donlon	https://www.ifixit.com/Guide/Nintendo+3DS+XL+Motherboard+Replacement/25399
25399	Nintendo 3DS XL Motherboard Replacement	Nintendo 3DS XL	17	3	Nintendo_3DS_XL/25399_Nintendo_3DS_XL_Motherboard_Replacement/step17_3.jpg	https://guide-images.cdn.ifixit.com/igi/ItHGRNw4cKo43fDN.large	Charlene Donlon	https://www.ifixit.com/Guide/Nintendo+3DS+XL+Motherboard+Replacement/25399
25399	Nintendo 3DS XL Motherboard Replacement	Nintendo 3DS XL	18	1	Nintendo_3DS_XL/25399_Nintendo_3DS_XL_Motherboard_Replacement/step18_1.jpg	https://guide-images.cdn.ifixit.com/igi/M4c6UfHxnTs3bVAr.large	Charlene Donlon	https://www.ifixit.com/Guide/Nintendo+3DS+XL+Motherboard+Replacement/25399
25399	Nintendo 3DS XL Motherboard Replacement	Nintendo 3DS XL	18	2	Nintendo_3DS_XL/25399_Nintendo_3DS_XL_Motherboard_Replacement/step18_2.jpg	https://guide-images.cdn.ifixit.com/igi/6WgPNNYxUIkMdmMm.large	Charlene Donlon	https://www.ifixit.com/Guide/Nintendo+3DS+XL+Motherboard+Replacement/25399
25399	Nintendo 3DS XL Motherboard Replacement	Nintendo 3DS XL	18	3	Nintendo_3DS_XL/25399_Nintendo_3DS_XL_Motherboard_Replacement/step18_3.jpg	https://guide-images.cdn.ifixit.com/igi/WnMKUYypretWDHqM.large	Charlene Donlon	https://www.ifixit.com/Guide/Nintendo+3DS+XL+Motherboard+Replacement/25399
25399	Nintendo 3DS XL Motherboard Replacement	Nintendo 3DS XL	19	1	Nintendo_3DS_XL/25399_Nintendo_3DS_XL_Motherboard_Replacement/step19_1.jpg	https://guide-images.cdn.ifixit.com/igi/rZsyV2jtRZkcfCYX.large	Charlene Donlon	https://www.ifixit.com/Guide/Nintendo+3DS+XL+Motherboard+Replacement/25399
25399	Nintendo 3DS XL Motherboard Replacement	Nintendo 3DS XL	19	2	Nintendo_3DS_XL/25399_Nintendo_3DS_XL_Motherboard_Replacement/step19_2.jpg	https://guide-images.cdn.ifixit.com/igi/IMqddENmKPdYXAet.large	Charlene Donlon	https://www.ifixit.com/Guide/Nintendo+3DS+XL+Motherboard+Replacement/25399
25399	Nintendo 3DS XL Motherboard Replacement	Nintendo 3DS XL	20	1	Nintendo_3DS_XL/25399_Nintendo_3DS_XL_Motherboard_Replacement/step20_1.jpg	https://guide-images.cdn.ifixit.com/igi/UTYrVki6LRFQFGqd.large	Charlene Donlon	https://www.ifixit.com/Guide/Nintendo+3DS+XL+Motherboard+Replacement/25399
25399	Nintendo 3DS XL Motherboard Replacement	Nintendo 3DS XL	20	2	Nintendo_3DS_XL/25399_Nintendo_3DS_XL_Motherboard_Replacement/step20_2.jpg	https://guide-images.cdn.ifixit.com/igi/uNKUJjJjEKcpNER2.large	Charlene Donlon	https://www.ifixit.com/Guide/Nintendo+3DS+XL+Motherboard+Replacement/25399
25399	Nintendo 3DS XL Motherboard Replacement	Nintendo 3DS XL	21	1	Nintendo_3DS_XL/25399_Nintendo_3DS_XL_Motherboard_Replacement/step21_1.jpg	https://guide-images.cdn.ifixit.com/igi/aP1UoNPQKHaJGWcE.large	Charlene Donlon	https://www.ifixit.com/Guide/Nintendo+3DS+XL+Motherboard+Replacement/25399
25399	Nintendo 3DS XL Motherboard Replacement	Nintendo 3DS XL	21	2	Nintendo_3DS_XL/25399_Nintendo_3DS_XL_Motherboard_Replacement/step21_2.jpg	https://guide-images.cdn.ifixit.com/igi/hqEs55CWo1wCwVZu.large	Charlene Donlon	https://www.ifixit.com/Guide/Nintendo+3DS+XL+Motherboard+Replacement/25399
25399	Nintendo 3DS XL Motherboard Replacement	Nintendo 3DS XL	22	1	Nintendo_3DS_XL/25399_Nintendo_3DS_XL_Motherboard_Replacement/step22_1.jpg	https://guide-images.cdn.ifixit.com/igi/FdDT3fPIMrMTRYmy.large	Charlene Donlon	https://www.ifixit.com/Guide/Nintendo+3DS+XL+Motherboard+Replacement/25399
25399	Nintendo 3DS XL Motherboard Replacement	Nintendo 3DS XL	22	2	Nintendo_3DS_XL/25399_Nintendo_3DS_XL_Motherboard_Replacement/step22_2.jpg	https://guide-images.cdn.ifixit.com/igi/HnN2g6EUumwDCpxm.large	Charlene Donlon	https://www.ifixit.com/Guide/Nintendo+3DS+XL+Motherboard+Replacement/25399
35839	Nintendo 2DS Battery Replacement	Nintendo 2DS	1	1	Nintendo_2DS/35839_Nintendo_2DS_Battery_Replacement/step01_1.jpg	https://guide-images.cdn.ifixit.com/igi/wg4RTxdhgZNOVaab.large	Fina Beauchamp	https://www.ifixit.com/Guide/Nintendo+2DS+Battery+Replacement/35839
35839	Nintendo 2DS Battery Replacement	Nintendo 2DS	2	1	Nintendo_2DS/35839_Nintendo_2DS_Battery_Replacement/step02_1.jpg	https://guide-images.cdn.ifixit.com/igi/cdb3AdyJTrNhIjrr.large	Fina Beauchamp	https://www.ifixit.com/Guide/Nintendo+2DS+Battery+Replacement/35839
35839	Nintendo 2DS Battery Replacement	Nintendo 2DS	2	2	Nintendo_2DS/35839_Nintendo_2DS_Battery_Replacement/step02_2.jpg	https://guide-images.cdn.ifixit.com/igi/okYxlIGDUBKBdGNP.large	Fina Beauchamp	https://www.ifixit.com/Guide/Nintendo+2DS+Battery+Replacement/35839
35839	Nintendo 2DS Battery Replacement	Nintendo 2DS	3	1	Nintendo_2DS/35839_Nintendo_2DS_Battery_Replacement/step03_1.jpg	https://guide-images.cdn.ifixit.com/igi/YA2mNvc2fLpeZ4NZ.large	Fina Beauchamp	https://www.ifixit.com/Guide/Nintendo+2DS+Battery+Replacement/35839
35839	Nintendo 2DS Battery Replacement	Nintendo 2DS	3	2	Nintendo_2DS/35839_Nintendo_2DS_Battery_Replacement/step03_2.jpg	https://guide-images.cdn.ifixit.com/igi/yjKMPFAO1SC1LncE.large	Fina Beauchamp	https://www.ifixit.com/Guide/Nintendo+2DS+Battery+Replacement/35839
35839	Nintendo 2DS Battery Replacement	Nintendo 2DS	3	3	Nintendo_2DS/35839_Nintendo_2DS_Battery_Replacement/step03_3.jpg	https://guide-images.cdn.ifixit.com/igi/HRaiAoWcVXEMByll.large	Fina Beauchamp	https://www.ifixit.com/Guide/Nintendo+2DS+Battery+Replacement/35839
35841	Nintendo 2DS Trigger Button Replacement	Nintendo 2DS	1	1	Nintendo_2DS/35841_Nintendo_2DS_Trigger_Button_Replacement/step01_1.jpg	https://guide-images.cdn.ifixit.com/igi/wg4RTxdhgZNOVaab.large	Fina Beauchamp	https://www.ifixit.com/Guide/Nintendo+2DS+Trigger+Button+Replacement/35841
35841	Nintendo 2DS Trigger Button Replacement	Nintendo 2DS	2	1	Nintendo_2DS/35841_Nintendo_2DS_Trigger_Button_Replacement/step02_1.jpg	https://guide-images.cdn.ifixit.com/igi/cdb3AdyJTrNhIjrr.large	Fina Beauchamp	https://www.ifixit.com/Guide/Nintendo+2DS+Trigger+Button+Replacement/35841
35841	Nintendo 2DS Trigger Button Replacement	Nintendo 2DS	2	2	Nintendo_2DS/35841_Nintendo_2DS_Trigger_Button_Replacement/step02_2.jpg	https://guide-images.cdn.ifixit.com/igi/okYxlIGDUBKBdGNP.large	Fina Beauchamp	https://www.ifixit.com/Guide/Nintendo+2DS+Trigger+Button+Replacement/35841
35841	Nintendo 2DS Trigger Button Replacement	Nintendo 2DS	3	1	Nintendo_2DS/35841_Nintendo_2DS_Trigger_Button_Replacement/step03_1.jpg	https://guide-images.cdn.ifixit.com/igi/YA2mNvc2fLpeZ4NZ.large	Fina Beauchamp	https://www.ifixit.com/Guide/Nintendo+2DS+Trigger+Button+Replacement/35841
35841	Nintendo 2DS Trigger Button Replacement	Nintendo 2DS	3	2	Nintendo_2DS/35841_Nintendo_2DS_Trigger_Button_Replacement/step03_2.jpg	https://guide-images.cdn.ifixit.com/igi/yjKMPFAO1SC1LncE.large	Fina Beauchamp	https://www.ifixit.com/Guide/Nintendo+2DS+Trigger+Button+Replacement/35841
35841	Nintendo 2DS Trigger Button Replacement	Nintendo 2DS	3	3	Nintendo_2DS/35841_Nintendo_2DS_Trigger_Button_Replacement/step03_3.jpg	https://guide-images.cdn.ifixit.com/igi/HRaiAoWcVXEMByll.large	Fina Beauchamp	https://www.ifixit.com/Guide/Nintendo+2DS+Trigger+Button+Replacement/35841
35841	Nintendo 2DS Trigger Button Replacement	Nintendo 2DS	4	1	Nintendo_2DS/35841_Nintendo_2DS_Trigger_Button_Replacement/step04_1.jpg	https://guide-images.cdn.ifixit.com/igi/vkEjnCVvCfkcXpKn.large	Fina Beauchamp	https://www.ifixit.com/Guide/Nintendo+2DS+Trigger+Button+Replacement/35841
35841	Nintendo 2DS Trigger Button Replacement	Nintendo 2DS	5	1	Nintendo_2DS/35841_Nintendo_2DS_Trigger_Button_Replacement/step05_1.jpg	https://guide-images.cdn.ifixit.com/igi/ona5d6XElywnV2F6.large	Fina Beauchamp	https://www.ifixit.com/Guide/Nintendo+2DS+Trigger+Button+Replacement/35841
35841	Nintendo 2DS Trigger Button Replacement	Nintendo 2DS	6	1	Nintendo_2DS/35841_Nintendo_2DS_Trigger_Button_Replacement/step06_1.jpg	https://guide-images.cdn.ifixit.com/igi/fVKP4KxbkT6Fggne.large	Fina Beauchamp	https://www.ifixit.com/Guide/Nintendo+2DS+Trigger+Button+Replacement/35841
35841	Nintendo 2DS Trigger Button Replacement	Nintendo 2DS	7	1	Nintendo_2DS/35841_Nintendo_2DS_Trigger_Button_Replacement/step07_1.jpg	https://guide-images.cdn.ifixit.com/igi/oF4BMwnIvFaWZXSd.large	Fina Beauchamp	https://www.ifixit.com/Guide/Nintendo+2DS+Trigger+Button+Replacement/35841
35841	Nintendo 2DS Trigger Button Replacement	Nintendo 2DS	7	2	Nintendo_2DS/35841_Nintendo_2DS_Trigger_Button_Replacement/step07_2.jpg	https://guide-images.cdn.ifixit.com/igi/lbAaJ41kjAcnhvVt.large	Fina Beauchamp	https://www.ifixit.com/Guide/Nintendo+2DS+Trigger+Button+Replacement/35841
35842	Nintendo 2DS Motherboard Replacement	Nintendo 2DS	1	1	Nintendo_2DS/35842_Nintendo_2DS_Motherboard_Replacement/step01_1.jpg	https://guide-images.cdn.ifixit.com/igi/wg4RTxdhgZNOVaab.large	Fina Beauchamp	https://www.ifixit.com/Guide/Nintendo+2DS+Motherboard+Replacement/35842
35842	Nintendo 2DS Motherboard Replacement	Nintendo 2DS	2	1	Nintendo_2DS/35842_Nintendo_2DS_Motherboard_Replacement/step02_1.jpg	https://guide-images.cdn.ifixit.com/igi/cdb3AdyJTrNhIjrr.large	Fina Beauchamp	https://www.ifixit.com/Guide/Nintendo+2DS+Motherboard+Replacement/35842
35842	Nintendo 2DS Motherboard Replacement	Nintendo 2DS	2	2	Nintendo_2DS/35842_Nintendo_2DS_Motherboard_Replacement/step02_2.jpg	https://guide-images.cdn.ifixit.com/igi/okYxlIGDUBKBdGNP.large	Fina Beauchamp	https://www.ifixit.com/Guide/Nintendo+2DS+Motherboard+Replacement/35842
35842	Nintendo 2DS Motherboard Replacement	Nintendo 2DS	3	1	Nintendo_2DS/35842_Nintendo_2DS_Motherboard_Replacement/step03_1.jpg	https://guide-images.cdn.ifixit.com/igi/YA2mNvc2fLpeZ4NZ.large	Fina Beauchamp	https://www.ifixit.com/Guide/Nintendo+2DS+Motherboard+Replacement/35842
35842	Nintendo 2DS Motherboard Replacement	Nintendo 2DS	3	2	Nintendo_2DS/35842_Nintendo_2DS_Motherboard_Replacement/step03_2.jpg	https://guide-images.cdn.ifixit.com/igi/yjKMPFAO1SC1LncE.large	Fina Beauchamp	https://www.ifixit.com/Guide/Nintendo+2DS+Motherboard+Replacement/35842
35842	Nintendo 2DS Motherboard Replacement	Nintendo 2DS	3	3	Nintendo_2DS/35842_Nintendo_2DS_Motherboard_Replacement/step03_3.jpg	https://guide-images.cdn.ifixit.com/igi/HRaiAoWcVXEMByll.large	Fina Beauchamp	https://www.ifixit.com/Guide/Nintendo+2DS+Motherboard+Replacement/35842
35842	Nintendo 2DS Motherboard Replacement	Nintendo 2DS	4	1	Nintendo_2DS/35842_Nintendo_2DS_Motherboard_Replacement/step04_1.jpg	https://guide-images.cdn.ifixit.com/igi/vkEjnCVvCfkcXpKn.large	Fina Beauchamp	https://www.ifixit.com/Guide/Nintendo+2DS+Motherboard+Replacement/35842
35842	Nintendo 2DS Motherboard Replacement	Nintendo 2DS	5	1	Nintendo_2DS/35842_Nintendo_2DS_Motherboard_Replacement/step05_1.jpg	https://guide-images.cdn.ifixit.com/igi/ona5d6XElywnV2F6.large	Fina Beauchamp	https://www.ifixit.com/Guide/Nintendo+2DS+Motherboard+Replacement/35842
35842	Nintendo 2DS Motherboard Replacement	Nintendo 2DS	6	1	Nintendo_2DS/35842_Nintendo_2DS_Motherboard_Replacement/step06_1.jpg	https://guide-images.cdn.ifixit.com/igi/fVKP4KxbkT6Fggne.large	Fina Beauchamp	https://www.ifixit.com/Guide/Nintendo+2DS+Motherboard+Replacement/35842
35842	Nintendo 2DS Motherboard Replacement	Nintendo 2DS	7	1	Nintendo_2DS/35842_Nintendo_2DS_Motherboard_Replacement/step07_1.jpg	https://guide-images.cdn.ifixit.com/igi/hTml2euoIMtZJkd6.large	Fina Beauchamp	https://www.ifixit.com/Guide/Nintendo+2DS+Motherboard+Replacement/35842
35842	Nintendo 2DS Motherboard Replacement	Nintendo 2DS	7	2	Nintendo_2DS/35842_Nintendo_2DS_Motherboard_Replacement/step07_2.jpg	https://guide-images.cdn.ifixit.com/igi/OuYdgcEvDLpnQV5M.large	Fina Beauchamp	https://www.ifixit.com/Guide/Nintendo+2DS+Motherboard+Replacement/35842
35842	Nintendo 2DS Motherboard Replacement	Nintendo 2DS	8	1	Nintendo_2DS/35842_Nintendo_2DS_Motherboard_Replacement/step08_1.jpg	https://guide-images.cdn.ifixit.com/igi/32gGatrJYXi2eqcW.large	Fina Beauchamp	https://www.ifixit.com/Guide/Nintendo+2DS+Motherboard+Replacement/35842
35842	Nintendo 2DS Motherboard Replacement	Nintendo 2DS	9	1	Nintendo_2DS/35842_Nintendo_2DS_Motherboard_Replacement/step09_1.jpg	https://guide-images.cdn.ifixit.com/igi/drj5COHLRB5bNu4x.large	Fina Beauchamp	https://www.ifixit.com/Guide/Nintendo+2DS+Motherboard+Replacement/35842
35842	Nintendo 2DS Motherboard Replacement	Nintendo 2DS	9	2	Nintendo_2DS/35842_Nintendo_2DS_Motherboard_Replacement/step09_2.jpg	https://guide-images.cdn.ifixit.com/igi/a5TIRFcWDcCjkH4k.large	Fina Beauchamp	https://www.ifixit.com/Guide/Nintendo+2DS+Motherboard+Replacement/35842
35842	Nintendo 2DS Motherboard Replacement	Nintendo 2DS	9	3	Nintendo_2DS/35842_Nintendo_2DS_Motherboard_Replacement/step09_3.jpg	https://guide-images.cdn.ifixit.com/igi/QFD1osmhxQpPJTkF.large	Fina Beauchamp	https://www.ifixit.com/Guide/Nintendo+2DS+Motherboard+Replacement/35842
35842	Nintendo 2DS Motherboard Replacement	Nintendo 2DS	10	1	Nintendo_2DS/35842_Nintendo_2DS_Motherboard_Replacement/step10_1.jpg	https://guide-images.cdn.ifixit.com/igi/JKQgNplHbIPXEZdK.large	Fina Beauchamp	https://www.ifixit.com/Guide/Nintendo+2DS+Motherboard+Replacement/35842
35842	Nintendo 2DS Motherboard Replacement	Nintendo 2DS	10	2	Nintendo_2DS/35842_Nintendo_2DS_Motherboard_Replacement/step10_2.jpg	https://guide-images.cdn.ifixit.com/igi/14GOAGZYrKXdPMfo.large	Fina Beauchamp	https://www.ifixit.com/Guide/Nintendo+2DS+Motherboard+Replacement/35842
35845	Nintendo 2DS Screen Replacement	Nintendo 2DS	1	1	Nintendo_2DS/35845_Nintendo_2DS_Screen_Replacement/step01_1.jpg	https://guide-images.cdn.ifixit.com/igi/wg4RTxdhgZNOVaab.large	Fina Beauchamp	https://www.ifixit.com/Guide/Nintendo+2DS+Screen+Replacement/35845
35845	Nintendo 2DS Screen Replacement	Nintendo 2DS	2	1	Nintendo_2DS/35845_Nintendo_2DS_Screen_Replacement/step02_1.jpg	https://guide-images.cdn.ifixit.com/igi/cdb3AdyJTrNhIjrr.large	Fina Beauchamp	https://www.ifixit.com/Guide/Nintendo+2DS+Screen+Replacement/35845
35845	Nintendo 2DS Screen Replacement	Nintendo 2DS	2	2	Nintendo_2DS/35845_Nintendo_2DS_Screen_Replacement/step02_2.jpg	https://guide-images.cdn.ifixit.com/igi/okYxlIGDUBKBdGNP.large	Fina Beauchamp	https://www.ifixit.com/Guide/Nintendo+2DS+Screen+Replacement/35845
35845	Nintendo 2DS Screen Replacement	Nintendo 2DS	3	1	Nintendo_2DS/35845_Nintendo_2DS_Screen_Replacement/step03_1.jpg	https://guide-images.cdn.ifixit.com/igi/YA2mNvc2fLpeZ4NZ.large	Fina Beauchamp	https://www.ifixit.com/Guide/Nintendo+2DS+Screen+Replacement/35845
35845	Nintendo 2DS Screen Replacement	Nintendo 2DS	3	2	Nintendo_2DS/35845_Nintendo_2DS_Screen_Replacement/step03_2.jpg	https://guide-images.cdn.ifixit.com/igi/yjKMPFAO1SC1LncE.large	Fina Beauchamp	https://www.ifixit.com/Guide/Nintendo+2DS+Screen+Replacement/35845
35845	Nintendo 2DS Screen Replacement	Nintendo 2DS	3	3	Nintendo_2DS/35845_Nintendo_2DS_Screen_Replacement/step03_3.jpg	https://guide-images.cdn.ifixit.com/igi/HRaiAoWcVXEMByll.large	Fina Beauchamp	https://www.ifixit.com/Guide/Nintendo+2DS+Screen+Replacement/35845
35845	Nintendo 2DS Screen Replacement	Nintendo 2DS	4	1	Nintendo_2DS/35845_Nintendo_2DS_Screen_Replacement/step04_1.jpg	https://guide-images.cdn.ifixit.com/igi/vkEjnCVvCfkcXpKn.large	Fina Beauchamp	https://www.ifixit.com/Guide/Nintendo+2DS+Screen+Replacement/35845
35845	Nintendo 2DS Screen Replacement	Nintendo 2DS	5	1	Nintendo_2DS/35845_Nintendo_2DS_Screen_Replacement/step05_1.jpg	https://guide-images.cdn.ifixit.com/igi/ona5d6XElywnV2F6.large	Fina Beauchamp	https://www.ifixit.com/Guide/Nintendo+2DS+Screen+Replacement/35845
35845	Nintendo 2DS Screen Replacement	Nintendo 2DS	6	1	Nintendo_2DS/35845_Nintendo_2DS_Screen_Replacement/step06_1.jpg	https://guide-images.cdn.ifixit.com/igi/fVKP4KxbkT6Fggne.large	Fina Beauchamp	https://www.ifixit.com/Guide/Nintendo+2DS+Screen+Replacement/35845
35845	Nintendo 2DS Screen Replacement	Nintendo 2DS	7	1	Nintendo_2DS/35845_Nintendo_2DS_Screen_Replacement/step07_1.jpg	https://guide-images.cdn.ifixit.com/igi/hTml2euoIMtZJkd6.large	Fina Beauchamp	https://www.ifixit.com/Guide/Nintendo+2DS+Screen+Replacement/35845
35845	Nintendo 2DS Screen Replacement	Nintendo 2DS	7	2	Nintendo_2DS/35845_Nintendo_2DS_Screen_Replacement/step07_2.jpg	https://guide-images.cdn.ifixit.com/igi/OuYdgcEvDLpnQV5M.large	Fina Beauchamp	https://www.ifixit.com/Guide/Nintendo+2DS+Screen+Replacement/35845
35845	Nintendo 2DS Screen Replacement	Nintendo 2DS	8	1	Nintendo_2DS/35845_Nintendo_2DS_Screen_Replacement/step08_1.jpg	https://guide-images.cdn.ifixit.com/igi/32gGatrJYXi2eqcW.large	Fina Beauchamp	https://www.ifixit.com/Guide/Nintendo+2DS+Screen+Replacement/35845
35845	Nintendo 2DS Screen Replacement	Nintendo 2DS	9	1	Nintendo_2DS/35845_Nintendo_2DS_Screen_Replacement/step09_1.jpg	https://guide-images.cdn.ifixit.com/igi/drj5COHLRB5bNu4x.large	Fina Beauchamp	https://www.ifixit.com/Guide/Nintendo+2DS+Screen+Replacement/35845
35845	Nintendo 2DS Screen Replacement	Nintendo 2DS	9	2	Nintendo_2DS/35845_Nintendo_2DS_Screen_Replacement/step09_2.jpg	https://guide-images.cdn.ifixit.com/igi/a5TIRFcWDcCjkH4k.large	Fina Beauchamp	https://www.ifixit.com/Guide/Nintendo+2DS+Screen+Replacement/35845
35845	Nintendo 2DS Screen Replacement	Nintendo 2DS	9	3	Nintendo_2DS/35845_Nintendo_2DS_Screen_Replacement/step09_3.jpg	https://guide-images.cdn.ifixit.com/igi/QFD1osmhxQpPJTkF.large	Fina Beauchamp	https://www.ifixit.com/Guide/Nintendo+2DS+Screen+Replacement/35845
35845	Nintendo 2DS Screen Replacement	Nintendo 2DS	10	1	Nintendo_2DS/35845_Nintendo_2DS_Screen_Replacement/step10_1.jpg	https://guide-images.cdn.ifixit.com/igi/JKQgNplHbIPXEZdK.large	Fina Beauchamp	https://www.ifixit.com/Guide/Nintendo+2DS+Screen+Replacement/35845
35845	Nintendo 2DS Screen Replacement	Nintendo 2DS	10	2	Nintendo_2DS/35845_Nintendo_2DS_Screen_Replacement/step10_2.jpg	https://guide-images.cdn.ifixit.com/igi/14GOAGZYrKXdPMfo.large	Fina Beauchamp	https://www.ifixit.com/Guide/Nintendo+2DS+Screen+Replacement/35845
35845	Nintendo 2DS Screen Replacement	Nintendo 2DS	11	1	Nintendo_2DS/35845_Nintendo_2DS_Screen_Replacement/step11_1.jpg	https://guide-images.cdn.ifixit.com/igi/v4L1HltQRHiMd1Pj.large	Fina Beauchamp	https://www.ifixit.com/Guide/Nintendo+2DS+Screen+Replacement/35845
35846	Nintendo 2DS Joystick Replacement	Nintendo 2DS	1	1	Nintendo_2DS/35846_Nintendo_2DS_Joystick_Replacement/step01_1.jpg	https://guide-images.cdn.ifixit.com/igi/wg4RTxdhgZNOVaab.large	Fina Beauchamp	https://www.ifixit.com/Guide/Nintendo+2DS+Joystick+Replacement/35846
35846	Nintendo 2DS Joystick Replacement	Nintendo 2DS	2	1	Nintendo_2DS/35846_Nintendo_2DS_Joystick_Replacement/step02_1.jpg	https://guide-images.cdn.ifixit.com/igi/cdb3AdyJTrNhIjrr.large	Fina Beauchamp	https://www.ifixit.com/Guide/Nintendo+2DS+Joystick+Replacement/35846
35846	Nintendo 2DS Joystick Replacement	Nintendo 2DS	2	2	Nintendo_2DS/35846_Nintendo_2DS_Joystick_Replacement/step02_2.jpg	https://guide-images.cdn.ifixit.com/igi/okYxlIGDUBKBdGNP.large	Fina Beauchamp	https://www.ifixit.com/Guide/Nintendo+2DS+Joystick+Replacement/35846
35846	Nintendo 2DS Joystick Replacement	Nintendo 2DS	3	1	Nintendo_2DS/35846_Nintendo_2DS_Joystick_Replacement/step03_1.jpg	https://guide-images.cdn.ifixit.com/igi/YA2mNvc2fLpeZ4NZ.large	Fina Beauchamp	https://www.ifixit.com/Guide/Nintendo+2DS+Joystick+Replacement/35846
35846	Nintendo 2DS Joystick Replacement	Nintendo 2DS	3	2	Nintendo_2DS/35846_Nintendo_2DS_Joystick_Replacement/step03_2.jpg	https://guide-images.cdn.ifixit.com/igi/yjKMPFAO1SC1LncE.large	Fina Beauchamp	https://www.ifixit.com/Guide/Nintendo+2DS+Joystick+Replacement/35846
35846	Nintendo 2DS Joystick Replacement	Nintendo 2DS	3	3	Nintendo_2DS/35846_Nintendo_2DS_Joystick_Replacement/step03_3.jpg	https://guide-images.cdn.ifixit.com/igi/HRaiAoWcVXEMByll.large	Fina Beauchamp	https://www.ifixit.com/Guide/Nintendo+2DS+Joystick+Replacement/35846
35846	Nintendo 2DS Joystick Replacement	Nintendo 2DS	4	1	Nintendo_2DS/35846_Nintendo_2DS_Joystick_Replacement/step04_1.jpg	https://guide-images.cdn.ifixit.com/igi/vkEjnCVvCfkcXpKn.large	Fina Beauchamp	https://www.ifixit.com/Guide/Nintendo+2DS+Joystick+Replacement/35846
35846	Nintendo 2DS Joystick Replacement	Nintendo 2DS	5	1	Nintendo_2DS/35846_Nintendo_2DS_Joystick_Replacement/step05_1.jpg	https://guide-images.cdn.ifixit.com/igi/ona5d6XElywnV2F6.large	Fina Beauchamp	https://www.ifixit.com/Guide/Nintendo+2DS+Joystick+Replacement/35846
35846	Nintendo 2DS Joystick Replacement	Nintendo 2DS	6	1	Nintendo_2DS/35846_Nintendo_2DS_Joystick_Replacement/step06_1.jpg	https://guide-images.cdn.ifixit.com/igi/fVKP4KxbkT6Fggne.large	Fina Beauchamp	https://www.ifixit.com/Guide/Nintendo+2DS+Joystick+Replacement/35846
35846	Nintendo 2DS Joystick Replacement	Nintendo 2DS	7	1	Nintendo_2DS/35846_Nintendo_2DS_Joystick_Replacement/step07_1.jpg	https://guide-images.cdn.ifixit.com/igi/OA3KY2vYVXvmDlIj.large	Fina Beauchamp	https://www.ifixit.com/Guide/Nintendo+2DS+Joystick+Replacement/35846
35846	Nintendo 2DS Joystick Replacement	Nintendo 2DS	7	2	Nintendo_2DS/35846_Nintendo_2DS_Joystick_Replacement/step07_2.jpg	https://guide-images.cdn.ifixit.com/igi/xhqkQD6RicMmTXgP.large	Fina Beauchamp	https://www.ifixit.com/Guide/Nintendo+2DS+Joystick+Replacement/35846
35846	Nintendo 2DS Joystick Replacement	Nintendo 2DS	8	1	Nintendo_2DS/35846_Nintendo_2DS_Joystick_Replacement/step08_1.jpg	https://guide-images.cdn.ifixit.com/igi/VqvqpHxnUj2YUAOW.large	Fina Beauchamp	https://www.ifixit.com/Guide/Nintendo+2DS+Joystick+Replacement/35846
35846	Nintendo 2DS Joystick Replacement	Nintendo 2DS	9	1	Nintendo_2DS/35846_Nintendo_2DS_Joystick_Replacement/step09_1.jpg	https://guide-images.cdn.ifixit.com/igi/yxAc6pZGAtvbZiMg.large	Fina Beauchamp	https://www.ifixit.com/Guide/Nintendo+2DS+Joystick+Replacement/35846
35846	Nintendo 2DS Joystick Replacement	Nintendo 2DS	10	1	Nintendo_2DS/35846_Nintendo_2DS_Joystick_Replacement/step10_1.jpg	https://guide-images.cdn.ifixit.com/igi/PAeyOJ6nwJPS2x1P.large	Fina Beauchamp	https://www.ifixit.com/Guide/Nintendo+2DS+Joystick+Replacement/35846
35846	Nintendo 2DS Joystick Replacement	Nintendo 2DS	10	2	Nintendo_2DS/35846_Nintendo_2DS_Joystick_Replacement/step10_2.jpg	https://guide-images.cdn.ifixit.com/igi/adcYyWtwuAunNC1v.large	Fina Beauchamp	https://www.ifixit.com/Guide/Nintendo+2DS+Joystick+Replacement/35846
35934	Nintendo 2DS Rear Panel Replacement	Nintendo 2DS	1	1	Nintendo_2DS/35934_Nintendo_2DS_Rear_Panel_Replacement/step01_1.jpg	https://guide-images.cdn.ifixit.com/igi/vkEjnCVvCfkcXpKn.large	Fina Beauchamp	https://www.ifixit.com/Guide/Nintendo+2DS+Rear+Panel+Replacement/35934
35934	Nintendo 2DS Rear Panel Replacement	Nintendo 2DS	2	1	Nintendo_2DS/35934_Nintendo_2DS_Rear_Panel_Replacement/step02_1.jpg	https://guide-images.cdn.ifixit.com/igi/ona5d6XElywnV2F6.large	Fina Beauchamp	https://www.ifixit.com/Guide/Nintendo+2DS+Rear+Panel+Replacement/35934
35934	Nintendo 2DS Rear Panel Replacement	Nintendo 2DS	3	1	Nintendo_2DS/35934_Nintendo_2DS_Rear_Panel_Replacement/step03_1.jpg	https://guide-images.cdn.ifixit.com/igi/fVKP4KxbkT6Fggne.large	Fina Beauchamp	https://www.ifixit.com/Guide/Nintendo+2DS+Rear+Panel+Replacement/35934
36346	New Nintendo 3DS XL 2015 Teardown	Nintendo 3DS XL 2015	1	1	Nintendo_3DS_XL_2015/36346_New_Nintendo_3DS_XL_2015_Teardown/step01_1.jpg	https://guide-images.cdn.ifixit.com/igi/kpKJONtgHbfWqQ32.full	Miroslav Djuric	https://www.ifixit.com/Teardown/New+Nintendo+3DS+XL+2015+Teardown/36346
36346	New Nintendo 3DS XL 2015 Teardown	Nintendo 3DS XL 2015	1	2	Nintendo_3DS_XL_2015/36346_New_Nintendo_3DS_XL_2015_Teardown/step01_2.jpg	https://guide-images.cdn.ifixit.com/igi/qyWl2j6BijjYGBfH.full	Miroslav Djuric	https://www.ifixit.com/Teardown/New+Nintendo+3DS+XL+2015+Teardown/36346
36346	New Nintendo 3DS XL 2015 Teardown	Nintendo 3DS XL 2015	1	3	Nintendo_3DS_XL_2015/36346_New_Nintendo_3DS_XL_2015_Teardown/step01_3.jpg	https://guide-images.cdn.ifixit.com/igi/meFFUtRSexnKcNRZ.full	Miroslav Djuric	https://www.ifixit.com/Teardown/New+Nintendo+3DS+XL+2015+Teardown/36346
36346	New Nintendo 3DS XL 2015 Teardown	Nintendo 3DS XL 2015	3	1	Nintendo_3DS_XL_2015/36346_New_Nintendo_3DS_XL_2015_Teardown/step03_1.jpg	https://guide-images.cdn.ifixit.com/igi/qfgGKWD2F1kK3Qjn.full	Miroslav Djuric	https://www.ifixit.com/Teardown/New+Nintendo+3DS+XL+2015+Teardown/36346
36346	New Nintendo 3DS XL 2015 Teardown	Nintendo 3DS XL 2015	3	2	Nintendo_3DS_XL_2015/36346_New_Nintendo_3DS_XL_2015_Teardown/step03_2.jpg	https://guide-images.cdn.ifixit.com/igi/LQukLdVBWgJJqPtm.full	Miroslav Djuric	https://www.ifixit.com/Teardown/New+Nintendo+3DS+XL+2015+Teardown/36346
36346	New Nintendo 3DS XL 2015 Teardown	Nintendo 3DS XL 2015	3	3	Nintendo_3DS_XL_2015/36346_New_Nintendo_3DS_XL_2015_Teardown/step03_3.jpg	https://guide-images.cdn.ifixit.com/igi/tWirtLmMsxMxLLJm.full	Miroslav Djuric	https://www.ifixit.com/Teardown/New+Nintendo+3DS+XL+2015+Teardown/36346
36346	New Nintendo 3DS XL 2015 Teardown	Nintendo 3DS XL 2015	4	1	Nintendo_3DS_XL_2015/36346_New_Nintendo_3DS_XL_2015_Teardown/step04_1.jpg	https://guide-images.cdn.ifixit.com/igi/52aAvNFXmX5SaecI.full	Miroslav Djuric	https://www.ifixit.com/Teardown/New+Nintendo+3DS+XL+2015+Teardown/36346
36346	New Nintendo 3DS XL 2015 Teardown	Nintendo 3DS XL 2015	4	2	Nintendo_3DS_XL_2015/36346_New_Nintendo_3DS_XL_2015_Teardown/step04_2.jpg	https://guide-images.cdn.ifixit.com/igi/wliTeNrSWMBpAxgO.full	Miroslav Djuric	https://www.ifixit.com/Teardown/New+Nintendo+3DS+XL+2015+Teardown/36346
36346	New Nintendo 3DS XL 2015 Teardown	Nintendo 3DS XL 2015	4	3	Nintendo_3DS_XL_2015/36346_New_Nintendo_3DS_XL_2015_Teardown/step04_3.jpg	https://guide-images.cdn.ifixit.com/igi/QAKOaxGUSKQsOhDM.full	Miroslav Djuric	https://www.ifixit.com/Teardown/New+Nintendo+3DS+XL+2015+Teardown/36346
36346	New Nintendo 3DS XL 2015 Teardown	Nintendo 3DS XL 2015	5	1	Nintendo_3DS_XL_2015/36346_New_Nintendo_3DS_XL_2015_Teardown/step05_1.jpg	https://guide-images.cdn.ifixit.com/igi/taRWS1wA6wiRcqIk.full	Miroslav Djuric	https://www.ifixit.com/Teardown/New+Nintendo+3DS+XL+2015+Teardown/36346
36346	New Nintendo 3DS XL 2015 Teardown	Nintendo 3DS XL 2015	5	2	Nintendo_3DS_XL_2015/36346_New_Nintendo_3DS_XL_2015_Teardown/step05_2.jpg	https://guide-images.cdn.ifixit.com/igi/NZUwlLw4vAOOgOZw.full	Miroslav Djuric	https://www.ifixit.com/Teardown/New+Nintendo+3DS+XL+2015+Teardown/36346
36346	New Nintendo 3DS XL 2015 Teardown	Nintendo 3DS XL 2015	5	3	Nintendo_3DS_XL_2015/36346_New_Nintendo_3DS_XL_2015_Teardown/step05_3.jpg	https://guide-images.cdn.ifixit.com/igi/siuL5ZcSMLq1ZQuo.full	Miroslav Djuric	https://www.ifixit.com/Teardown/New+Nintendo+3DS+XL+2015+Teardown/36346
36346	New Nintendo 3DS XL 2015 Teardown	Nintendo 3DS XL 2015	7	1	Nintendo_3DS_XL_2015/36346_New_Nintendo_3DS_XL_2015_Teardown/step07_1.jpg	https://guide-images.cdn.ifixit.com/igi/OiWXXJucjiGcJQqJ.full	Miroslav Djuric	https://www.ifixit.com/Teardown/New+Nintendo+3DS+XL+2015+Teardown/36346
36346	New Nintendo 3DS XL 2015 Teardown	Nintendo 3DS XL 2015	7	2	Nintendo_3DS_XL_2015/36346_New_Nintendo_3DS_XL_2015_Teardown/step07_2.jpg	https://guide-images.cdn.ifixit.com/igi/KdYkZramDaNeE1Ch.full	Miroslav Djuric	https://www.ifixit.com/Teardown/New+Nintendo+3DS+XL+2015+Teardown/36346
36346	New Nintendo 3DS XL 2015 Teardown	Nintendo 3DS XL 2015	8	1	Nintendo_3DS_XL_2015/36346_New_Nintendo_3DS_XL_2015_Teardown/step08_1.jpg	https://guide-images.cdn.ifixit.com/igi/jAg2nGHSlSjpGp3O.full	Miroslav Djuric	https://www.ifixit.com/Teardown/New+Nintendo+3DS+XL+2015+Teardown/36346
36346	New Nintendo 3DS XL 2015 Teardown	Nintendo 3DS XL 2015	8	2	Nintendo_3DS_XL_2015/36346_New_Nintendo_3DS_XL_2015_Teardown/step08_2.jpg	https://guide-images.cdn.ifixit.com/igi/ps5oJbhthTE4ySfa.full	Miroslav Djuric	https://www.ifixit.com/Teardown/New+Nintendo+3DS+XL+2015+Teardown/36346
36346	New Nintendo 3DS XL 2015 Teardown	Nintendo 3DS XL 2015	8	3	Nintendo_3DS_XL_2015/36346_New_Nintendo_3DS_XL_2015_Teardown/step08_3.jpg	https://guide-images.cdn.ifixit.com/igi/lHmlDWIJiovSDXSE.full	Miroslav Djuric	https://www.ifixit.com/Teardown/New+Nintendo+3DS+XL+2015+Teardown/36346
36346	New Nintendo 3DS XL 2015 Teardown	Nintendo 3DS XL 2015	9	1	Nintendo_3DS_XL_2015/36346_New_Nintendo_3DS_XL_2015_Teardown/step09_1.jpg	https://guide-images.cdn.ifixit.com/igi/daw55G12a2SnBt2S.full	Miroslav Djuric	https://www.ifixit.com/Teardown/New+Nintendo+3DS+XL+2015+Teardown/36346
36346	New Nintendo 3DS XL 2015 Teardown	Nintendo 3DS XL 2015	9	2	Nintendo_3DS_XL_2015/36346_New_Nintendo_3DS_XL_2015_Teardown/step09_2.jpg	https://guide-images.cdn.ifixit.com/igi/jUueFIMQQa2P6sLL.full	Miroslav Djuric	https://www.ifixit.com/Teardown/New+Nintendo+3DS+XL+2015+Teardown/36346
36346	New Nintendo 3DS XL 2015 Teardown	Nintendo 3DS XL 2015	10	1	Nintendo_3DS_XL_2015/36346_New_Nintendo_3DS_XL_2015_Teardown/step10_1.jpg	https://guide-images.cdn.ifixit.com/igi/1alIVVmZWbpgB3x2.full	Miroslav Djuric	https://www.ifixit.com/Teardown/New+Nintendo+3DS+XL+2015+Teardown/36346
36346	New Nintendo 3DS XL 2015 Teardown	Nintendo 3DS XL 2015	10	2	Nintendo_3DS_XL_2015/36346_New_Nintendo_3DS_XL_2015_Teardown/step10_2.jpg	https://guide-images.cdn.ifixit.com/igi/65nSweLxMxy1GFCG.full	Miroslav Djuric	https://www.ifixit.com/Teardown/New+Nintendo+3DS+XL+2015+Teardown/36346
36346	New Nintendo 3DS XL 2015 Teardown	Nintendo 3DS XL 2015	11	1	Nintendo_3DS_XL_2015/36346_New_Nintendo_3DS_XL_2015_Teardown/step11_1.jpg	https://guide-images.cdn.ifixit.com/igi/CGhUEDdHTVhhxTni.full	Miroslav Djuric	https://www.ifixit.com/Teardown/New+Nintendo+3DS+XL+2015+Teardown/36346
36346	New Nintendo 3DS XL 2015 Teardown	Nintendo 3DS XL 2015	11	2	Nintendo_3DS_XL_2015/36346_New_Nintendo_3DS_XL_2015_Teardown/step11_2.jpg	https://guide-images.cdn.ifixit.com/igi/1iAUlM6CnNVv1vdH.full	Miroslav Djuric	https://www.ifixit.com/Teardown/New+Nintendo+3DS+XL+2015+Teardown/36346
36346	New Nintendo 3DS XL 2015 Teardown	Nintendo 3DS XL 2015	11	3	Nintendo_3DS_XL_2015/36346_New_Nintendo_3DS_XL_2015_Teardown/step11_3.jpg	https://guide-images.cdn.ifixit.com/igi/wrLmxjCHSdLeXbFE.full	Miroslav Djuric	https://www.ifixit.com/Teardown/New+Nintendo+3DS+XL+2015+Teardown/36346
36346	New Nintendo 3DS XL 2015 Teardown	Nintendo 3DS XL 2015	12	1	Nintendo_3DS_XL_2015/36346_New_Nintendo_3DS_XL_2015_Teardown/step12_1.jpg	https://guide-images.cdn.ifixit.com/igi/oPENhEyHgdyjVmAB.full	Miroslav Djuric	https://www.ifixit.com/Teardown/New+Nintendo+3DS+XL+2015+Teardown/36346
36346	New Nintendo 3DS XL 2015 Teardown	Nintendo 3DS XL 2015	13	1	Nintendo_3DS_XL_2015/36346_New_Nintendo_3DS_XL_2015_Teardown/step13_1.jpg	https://guide-images.cdn.ifixit.com/igi/OMYYisieWXRA2dBL.full	Miroslav Djuric	https://www.ifixit.com/Teardown/New+Nintendo+3DS+XL+2015+Teardown/36346
36346	New Nintendo 3DS XL 2015 Teardown	Nintendo 3DS XL 2015	14	1	Nintendo_3DS_XL_2015/36346_New_Nintendo_3DS_XL_2015_Teardown/step14_1.jpg	https://guide-images.cdn.ifixit.com/igi/IKlW6WTZKKmapYkt.full	Miroslav Djuric	https://www.ifixit.com/Teardown/New+Nintendo+3DS+XL+2015+Teardown/36346
36346	New Nintendo 3DS XL 2015 Teardown	Nintendo 3DS XL 2015	15	1	Nintendo_3DS_XL_2015/36346_New_Nintendo_3DS_XL_2015_Teardown/step15_1.jpg	https://guide-images.cdn.ifixit.com/igi/gInwr14yOKMXwXTp.full	Miroslav Djuric	https://www.ifixit.com/Teardown/New+Nintendo+3DS+XL+2015+Teardown/36346
36346	New Nintendo 3DS XL 2015 Teardown	Nintendo 3DS XL 2015	15	2	Nintendo_3DS_XL_2015/36346_New_Nintendo_3DS_XL_2015_Teardown/step15_2.jpg	https://guide-images.cdn.ifixit.com/igi/xRJBY4CLUakxylxl.full	Miroslav Djuric	https://www.ifixit.com/Teardown/New+Nintendo+3DS+XL+2015+Teardown/36346
36346	New Nintendo 3DS XL 2015 Teardown	Nintendo 3DS XL 2015	17	1	Nintendo_3DS_XL_2015/36346_New_Nintendo_3DS_XL_2015_Teardown/step17_1.jpg	https://guide-images.cdn.ifixit.com/igi/bmxIOqhTRM35Xyuu.full	Miroslav Djuric	https://www.ifixit.com/Teardown/New+Nintendo+3DS+XL+2015+Teardown/36346
36346	New Nintendo 3DS XL 2015 Teardown	Nintendo 3DS XL 2015	17	2	Nintendo_3DS_XL_2015/36346_New_Nintendo_3DS_XL_2015_Teardown/step17_2.jpg	https://guide-images.cdn.ifixit.com/igi/FbHfDAFCy4m6cKaD.full	Miroslav Djuric	https://www.ifixit.com/Teardown/New+Nintendo+3DS+XL+2015+Teardown/36346
36346	New Nintendo 3DS XL 2015 Teardown	Nintendo 3DS XL 2015	17	3	Nintendo_3DS_XL_2015/36346_New_Nintendo_3DS_XL_2015_Teardown/step17_3.jpg	https://guide-images.cdn.ifixit.com/igi/eFphGUCNZuodSfUY.full	Miroslav Djuric	https://www.ifixit.com/Teardown/New+Nintendo+3DS+XL+2015+Teardown/36346
36346	New Nintendo 3DS XL 2015 Teardown	Nintendo 3DS XL 2015	18	1	Nintendo_3DS_XL_2015/36346_New_Nintendo_3DS_XL_2015_Teardown/step18_1.jpg	https://guide-images.cdn.ifixit.com/igi/Fc5RLCjVdYHYmxJs.full	Miroslav Djuric	https://www.ifixit.com/Teardown/New+Nintendo+3DS+XL+2015+Teardown/36346
36346	New Nintendo 3DS XL 2015 Teardown	Nintendo 3DS XL 2015	18	2	Nintendo_3DS_XL_2015/36346_New_Nintendo_3DS_XL_2015_Teardown/step18_2.jpg	https://guide-images.cdn.ifixit.com/igi/u1BNyUTaLeFipTnK.full	Miroslav Djuric	https://www.ifixit.com/Teardown/New+Nintendo+3DS+XL+2015+Teardown/36346
36346	New Nintendo 3DS XL 2015 Teardown	Nintendo 3DS XL 2015	18	3	Nintendo_3DS_XL_2015/36346_New_Nintendo_3DS_XL_2015_Teardown/step18_3.jpg	https://guide-images.cdn.ifixit.com/igi/NTeJJr2GFxiIUnYL.full	Miroslav Djuric	https://www.ifixit.com/Teardown/New+Nintendo+3DS+XL+2015+Teardown/36346
36346	New Nintendo 3DS XL 2015 Teardown	Nintendo 3DS XL 2015	19	1	Nintendo_3DS_XL_2015/36346_New_Nintendo_3DS_XL_2015_Teardown/step19_1.jpg	https://guide-images.cdn.ifixit.com/igi/jAkCODO1NgjcMh5D.full	Miroslav Djuric	https://www.ifixit.com/Teardown/New+Nintendo+3DS+XL+2015+Teardown/36346
36346	New Nintendo 3DS XL 2015 Teardown	Nintendo 3DS XL 2015	19	2	Nintendo_3DS_XL_2015/36346_New_Nintendo_3DS_XL_2015_Teardown/step19_2.jpg	https://guide-images.cdn.ifixit.com/igi/53GNqvVGkG4VpnJ6.full	Miroslav Djuric	https://www.ifixit.com/Teardown/New+Nintendo+3DS+XL+2015+Teardown/36346
36346	New Nintendo 3DS XL 2015 Teardown	Nintendo 3DS XL 2015	19	3	Nintendo_3DS_XL_2015/36346_New_Nintendo_3DS_XL_2015_Teardown/step19_3.jpg	https://guide-images.cdn.ifixit.com/igi/GxARP53WkLSwopna.full	Miroslav Djuric	https://www.ifixit.com/Teardown/New+Nintendo+3DS+XL+2015+Teardown/36346
36346	New Nintendo 3DS XL 2015 Teardown	Nintendo 3DS XL 2015	20	1	Nintendo_3DS_XL_2015/36346_New_Nintendo_3DS_XL_2015_Teardown/step20_1.jpg	https://guide-images.cdn.ifixit.com/igi/LTILiGJ5t1ZC2ZDb.full	Miroslav Djuric	https://www.ifixit.com/Teardown/New+Nintendo+3DS+XL+2015+Teardown/36346
36346	New Nintendo 3DS XL 2015 Teardown	Nintendo 3DS XL 2015	20	2	Nintendo_3DS_XL_2015/36346_New_Nintendo_3DS_XL_2015_Teardown/step20_2.jpg	https://guide-images.cdn.ifixit.com/igi/ZWyLayRGZcvtfeDE.full	Miroslav Djuric	https://www.ifixit.com/Teardown/New+Nintendo+3DS+XL+2015+Teardown/36346
36346	New Nintendo 3DS XL 2015 Teardown	Nintendo 3DS XL 2015	21	1	Nintendo_3DS_XL_2015/36346_New_Nintendo_3DS_XL_2015_Teardown/step21_1.jpg	https://guide-images.cdn.ifixit.com/igi/sPJUU4TqQpMFr3Af.full	Miroslav Djuric	https://www.ifixit.com/Teardown/New+Nintendo+3DS+XL+2015+Teardown/36346
36346	New Nintendo 3DS XL 2015 Teardown	Nintendo 3DS XL 2015	21	2	Nintendo_3DS_XL_2015/36346_New_Nintendo_3DS_XL_2015_Teardown/step21_2.jpg	https://guide-images.cdn.ifixit.com/igi/CoiKXUCRvtdnhaos.full	Miroslav Djuric	https://www.ifixit.com/Teardown/New+Nintendo+3DS+XL+2015+Teardown/36346
36346	New Nintendo 3DS XL 2015 Teardown	Nintendo 3DS XL 2015	22	1	Nintendo_3DS_XL_2015/36346_New_Nintendo_3DS_XL_2015_Teardown/step22_1.jpg	https://guide-images.cdn.ifixit.com/igi/QnXgouJNklfYIrTi.full	Miroslav Djuric	https://www.ifixit.com/Teardown/New+Nintendo+3DS+XL+2015+Teardown/36346
36346	New Nintendo 3DS XL 2015 Teardown	Nintendo 3DS XL 2015	22	2	Nintendo_3DS_XL_2015/36346_New_Nintendo_3DS_XL_2015_Teardown/step22_2.jpg	https://guide-images.cdn.ifixit.com/igi/HKBdo3aGS6ckqE4q.full	Miroslav Djuric	https://www.ifixit.com/Teardown/New+Nintendo+3DS+XL+2015+Teardown/36346
36346	New Nintendo 3DS XL 2015 Teardown	Nintendo 3DS XL 2015	23	1	Nintendo_3DS_XL_2015/36346_New_Nintendo_3DS_XL_2015_Teardown/step23_1.jpg	https://guide-images.cdn.ifixit.com/igi/BC5RqfJhhTcQPy5q.full	Miroslav Djuric	https://www.ifixit.com/Teardown/New+Nintendo+3DS+XL+2015+Teardown/36346
36346	New Nintendo 3DS XL 2015 Teardown	Nintendo 3DS XL 2015	23	2	Nintendo_3DS_XL_2015/36346_New_Nintendo_3DS_XL_2015_Teardown/step23_2.jpg	https://guide-images.cdn.ifixit.com/igi/q3YQZ4PgfGsYOnMc.full	Miroslav Djuric	https://www.ifixit.com/Teardown/New+Nintendo+3DS+XL+2015+Teardown/36346
36346	New Nintendo 3DS XL 2015 Teardown	Nintendo 3DS XL 2015	23	3	Nintendo_3DS_XL_2015/36346_New_Nintendo_3DS_XL_2015_Teardown/step23_3.jpg	https://guide-images.cdn.ifixit.com/igi/oBw21hC3sLWGKX6R.full	Miroslav Djuric	https://www.ifixit.com/Teardown/New+Nintendo+3DS+XL+2015+Teardown/36346
36346	New Nintendo 3DS XL 2015 Teardown	Nintendo 3DS XL 2015	24	1	Nintendo_3DS_XL_2015/36346_New_Nintendo_3DS_XL_2015_Teardown/step24_1.jpg	https://guide-images.cdn.ifixit.com/igi/eKWLEAnRblv2Xort.full	Miroslav Djuric	https://www.ifixit.com/Teardown/New+Nintendo+3DS+XL+2015+Teardown/36346
36346	New Nintendo 3DS XL 2015 Teardown	Nintendo 3DS XL 2015	24	2	Nintendo_3DS_XL_2015/36346_New_Nintendo_3DS_XL_2015_Teardown/step24_2.jpg	https://guide-images.cdn.ifixit.com/igi/IqFOpwCUjc3kpyUG.full	Miroslav Djuric	https://www.ifixit.com/Teardown/New+Nintendo+3DS+XL+2015+Teardown/36346
36346	New Nintendo 3DS XL 2015 Teardown	Nintendo 3DS XL 2015	25	1	Nintendo_3DS_XL_2015/36346_New_Nintendo_3DS_XL_2015_Teardown/step25_1.jpg	https://guide-images.cdn.ifixit.com/igi/EsZYhgTAtHWFxwVR.full	Miroslav Djuric	https://www.ifixit.com/Teardown/New+Nintendo+3DS+XL+2015+Teardown/36346
36346	New Nintendo 3DS XL 2015 Teardown	Nintendo 3DS XL 2015	25	2	Nintendo_3DS_XL_2015/36346_New_Nintendo_3DS_XL_2015_Teardown/step25_2.jpg	https://guide-images.cdn.ifixit.com/igi/kRCBqUWYOKAyNoeX.full	Miroslav Djuric	https://www.ifixit.com/Teardown/New+Nintendo+3DS+XL+2015+Teardown/36346
36346	New Nintendo 3DS XL 2015 Teardown	Nintendo 3DS XL 2015	25	3	Nintendo_3DS_XL_2015/36346_New_Nintendo_3DS_XL_2015_Teardown/step25_3.jpg	https://guide-images.cdn.ifixit.com/igi/ES1OaEhdu1BNr4YZ.full	Miroslav Djuric	https://www.ifixit.com/Teardown/New+Nintendo+3DS+XL+2015+Teardown/36346
36346	New Nintendo 3DS XL 2015 Teardown	Nintendo 3DS XL 2015	26	1	Nintendo_3DS_XL_2015/36346_New_Nintendo_3DS_XL_2015_Teardown/step26_1.jpg	https://guide-images.cdn.ifixit.com/igi/yAVGiBr6MG1nQuTq.full	Miroslav Djuric	https://www.ifixit.com/Teardown/New+Nintendo+3DS+XL+2015+Teardown/36346
36346	New Nintendo 3DS XL 2015 Teardown	Nintendo 3DS XL 2015	26	2	Nintendo_3DS_XL_2015/36346_New_Nintendo_3DS_XL_2015_Teardown/step26_2.jpg	https://guide-images.cdn.ifixit.com/igi/3K1TBymbqjTxEegX.full	Miroslav Djuric	https://www.ifixit.com/Teardown/New+Nintendo+3DS+XL+2015+Teardown/36346
36346	New Nintendo 3DS XL 2015 Teardown	Nintendo 3DS XL 2015	26	3	Nintendo_3DS_XL_2015/36346_New_Nintendo_3DS_XL_2015_Teardown/step26_3.jpg	https://guide-images.cdn.ifixit.com/igi/oqCx6sIP3JqgG1Hu.full	Miroslav Djuric	https://www.ifixit.com/Teardown/New+Nintendo+3DS+XL+2015+Teardown/36346
36346	New Nintendo 3DS XL 2015 Teardown	Nintendo 3DS XL 2015	27	1	Nintendo_3DS_XL_2015/36346_New_Nintendo_3DS_XL_2015_Teardown/step27_1.jpg	https://guide-images.cdn.ifixit.com/igi/JYHPA3OMfuB4Le1M.full	Miroslav Djuric	https://www.ifixit.com/Teardown/New+Nintendo+3DS+XL+2015+Teardown/36346
36346	New Nintendo 3DS XL 2015 Teardown	Nintendo 3DS XL 2015	27	2	Nintendo_3DS_XL_2015/36346_New_Nintendo_3DS_XL_2015_Teardown/step27_2.jpg	https://guide-images.cdn.ifixit.com/igi/lRchQG4VXlJaKPx4.full	Miroslav Djuric	https://www.ifixit.com/Teardown/New+Nintendo+3DS+XL+2015+Teardown/36346
36346	New Nintendo 3DS XL 2015 Teardown	Nintendo 3DS XL 2015	28	1	Nintendo_3DS_XL_2015/36346_New_Nintendo_3DS_XL_2015_Teardown/step28_1.jpg	https://guide-images.cdn.ifixit.com/igi/pLVBKZHsOqotSpFj.full	Miroslav Djuric	https://www.ifixit.com/Teardown/New+Nintendo+3DS+XL+2015+Teardown/36346
36346	New Nintendo 3DS XL 2015 Teardown	Nintendo 3DS XL 2015	28	2	Nintendo_3DS_XL_2015/36346_New_Nintendo_3DS_XL_2015_Teardown/step28_2.jpg	https://guide-images.cdn.ifixit.com/igi/cROcstcZOvGydese.full	Miroslav Djuric	https://www.ifixit.com/Teardown/New+Nintendo+3DS+XL+2015+Teardown/36346
36349	How To Transfer Content To Your New 3DS XL	Nintendo 3DS XL 2015	1	1	Nintendo_3DS_XL_2015/36349_How_To_Transfer_Content_To_Your_New_3DS_XL/step01_1.jpg	https://guide-images.cdn.ifixit.com/igi/2EMRpXaFGNX6UIh4.large	Geoff Wacker	https://www.ifixit.com/Guide/How+To+Transfer+Content+To+Your+New+3DS+XL/36349
36349	How To Transfer Content To Your New 3DS XL	Nintendo 3DS XL 2015	2	1	Nintendo_3DS_XL_2015/36349_How_To_Transfer_Content_To_Your_New_3DS_XL/step02_1.jpg	https://guide-images.cdn.ifixit.com/igi/OY232uMrScZtKIXx.large	Geoff Wacker	https://www.ifixit.com/Guide/How+To+Transfer+Content+To+Your+New+3DS+XL/36349
36349	How To Transfer Content To Your New 3DS XL	Nintendo 3DS XL 2015	2	2	Nintendo_3DS_XL_2015/36349_How_To_Transfer_Content_To_Your_New_3DS_XL/step02_2.jpg	https://guide-images.cdn.ifixit.com/igi/eOBjOuTbibV2WUXk.large	Geoff Wacker	https://www.ifixit.com/Guide/How+To+Transfer+Content+To+Your+New+3DS+XL/36349
36349	How To Transfer Content To Your New 3DS XL	Nintendo 3DS XL 2015	2	3	Nintendo_3DS_XL_2015/36349_How_To_Transfer_Content_To_Your_New_3DS_XL/step02_3.jpg	https://guide-images.cdn.ifixit.com/igi/ctD4TD6Uk1VWxxHw.large	Geoff Wacker	https://www.ifixit.com/Guide/How+To+Transfer+Content+To+Your+New+3DS+XL/36349
36349	How To Transfer Content To Your New 3DS XL	Nintendo 3DS XL 2015	3	1	Nintendo_3DS_XL_2015/36349_How_To_Transfer_Content_To_Your_New_3DS_XL/step03_1.jpg	https://guide-images.cdn.ifixit.com/igi/4NiUxEkHo3imwvjr.large	Geoff Wacker	https://www.ifixit.com/Guide/How+To+Transfer+Content+To+Your+New+3DS+XL/36349
41066	New Nintendo 3DS XL 2015 Battery Replacement	Nintendo 3DS XL 2015	1	1	Nintendo_3DS_XL_2015/41066_New_Nintendo_3DS_XL_2015_Battery_Replacement/step01_1.jpg	https://guide-images.cdn.ifixit.com/igi/klktHCVYwld2jPbu.large	Kobbe Farwick	https://www.ifixit.com/Guide/New+Nintendo+3DS+XL+2015+Battery+Replacement/41066
41066	New Nintendo 3DS XL 2015 Battery Replacement	Nintendo 3DS XL 2015	2	1	Nintendo_3DS_XL_2015/41066_New_Nintendo_3DS_XL_2015_Battery_Replacement/step02_1.jpg	https://guide-images.cdn.ifixit.com/igi/ItsctXxYnpWHaGbE.large	Kobbe Farwick	https://www.ifixit.com/Guide/New+Nintendo+3DS+XL+2015+Battery+Replacement/41066
41066	New Nintendo 3DS XL 2015 Battery Replacement	Nintendo 3DS XL 2015	3	1	Nintendo_3DS_XL_2015/41066_New_Nintendo_3DS_XL_2015_Battery_Replacement/step03_1.jpg	https://guide-images.cdn.ifixit.com/igi/DQAtfmJFRLFufoBV.large	Kobbe Farwick	https://www.ifixit.com/Guide/New+Nintendo+3DS+XL+2015+Battery+Replacement/41066
41066	New Nintendo 3DS XL 2015 Battery Replacement	Nintendo 3DS XL 2015	4	1	Nintendo_3DS_XL_2015/41066_New_Nintendo_3DS_XL_2015_Battery_Replacement/step04_1.jpg	https://guide-images.cdn.ifixit.com/igi/OrrGelvrQqNI2rLT.large	Kobbe Farwick	https://www.ifixit.com/Guide/New+Nintendo+3DS+XL+2015+Battery+Replacement/41066
41074	New Nintendo 3DS XL 2015 A,B,X,Y, Start or Select Button Replacement	Nintendo 3DS XL 2015	1	1	Nintendo_3DS_XL_2015/41074_New_Nintendo_3DS_XL_2015_A_B_X_Y_Start_or_Select_Button_Replacement/step01_1.jpg	https://guide-images.cdn.ifixit.com/igi/klktHCVYwld2jPbu.large	Kobbe Farwick	https://www.ifixit.com/Guide/New+Nintendo+3DS+XL+2015+ABXY+Start+or+Select+Button+Replacement/41074
41074	New Nintendo 3DS XL 2015 A,B,X,Y, Start or Select Button Replacement	Nintendo 3DS XL 2015	2	1	Nintendo_3DS_XL_2015/41074_New_Nintendo_3DS_XL_2015_A_B_X_Y_Start_or_Select_Button_Replacement/step02_1.jpg	https://guide-images.cdn.ifixit.com/igi/ItsctXxYnpWHaGbE.large	Kobbe Farwick	https://www.ifixit.com/Guide/New+Nintendo+3DS+XL+2015+ABXY+Start+or+Select+Button+Replacement/41074
41074	New Nintendo 3DS XL 2015 A,B,X,Y, Start or Select Button Replacement	Nintendo 3DS XL 2015	3	1	Nintendo_3DS_XL_2015/41074_New_Nintendo_3DS_XL_2015_A_B_X_Y_Start_or_Select_Button_Replacement/step03_1.jpg	https://guide-images.cdn.ifixit.com/igi/DQAtfmJFRLFufoBV.large	Kobbe Farwick	https://www.ifixit.com/Guide/New+Nintendo+3DS+XL+2015+ABXY+Start+or+Select+Button+Replacement/41074
41074	New Nintendo 3DS XL 2015 A,B,X,Y, Start or Select Button Replacement	Nintendo 3DS XL 2015	4	1	Nintendo_3DS_XL_2015/41074_New_Nintendo_3DS_XL_2015_A_B_X_Y_Start_or_Select_Button_Replacement/step04_1.jpg	https://guide-images.cdn.ifixit.com/igi/OrrGelvrQqNI2rLT.large	Kobbe Farwick	https://www.ifixit.com/Guide/New+Nintendo+3DS+XL+2015+ABXY+Start+or+Select+Button+Replacement/41074
41074	New Nintendo 3DS XL 2015 A,B,X,Y, Start or Select Button Replacement	Nintendo 3DS XL 2015	5	1	Nintendo_3DS_XL_2015/41074_New_Nintendo_3DS_XL_2015_A_B_X_Y_Start_or_Select_Button_Replacement/step05_1.jpg	https://guide-images.cdn.ifixit.com/igi/DUAGVrPBZH2kSFmX.large	Kobbe Farwick	https://www.ifixit.com/Guide/New+Nintendo+3DS+XL+2015+ABXY+Start+or+Select+Button+Replacement/41074
41074	New Nintendo 3DS XL 2015 A,B,X,Y, Start or Select Button Replacement	Nintendo 3DS XL 2015	6	1	Nintendo_3DS_XL_2015/41074_New_Nintendo_3DS_XL_2015_A_B_X_Y_Start_or_Select_Button_Replacement/step06_1.jpg	https://guide-images.cdn.ifixit.com/igi/CqtQrBq1UVS5NOnj.large	Kobbe Farwick	https://www.ifixit.com/Guide/New+Nintendo+3DS+XL+2015+ABXY+Start+or+Select+Button+Replacement/41074
41074	New Nintendo 3DS XL 2015 A,B,X,Y, Start or Select Button Replacement	Nintendo 3DS XL 2015	6	2	Nintendo_3DS_XL_2015/41074_New_Nintendo_3DS_XL_2015_A_B_X_Y_Start_or_Select_Button_Replacement/step06_2.jpg	https://guide-images.cdn.ifixit.com/igi/SyI4bvwapenObtqE.large	Kobbe Farwick	https://www.ifixit.com/Guide/New+Nintendo+3DS+XL+2015+ABXY+Start+or+Select+Button+Replacement/41074
41074	New Nintendo 3DS XL 2015 A,B,X,Y, Start or Select Button Replacement	Nintendo 3DS XL 2015	7	1	Nintendo_3DS_XL_2015/41074_New_Nintendo_3DS_XL_2015_A_B_X_Y_Start_or_Select_Button_Replacement/step07_1.jpg	https://guide-images.cdn.ifixit.com/igi/ZXCVQWXB2kUYeuky.large	Kobbe Farwick	https://www.ifixit.com/Guide/New+Nintendo+3DS+XL+2015+ABXY+Start+or+Select+Button+Replacement/41074
41074	New Nintendo 3DS XL 2015 A,B,X,Y, Start or Select Button Replacement	Nintendo 3DS XL 2015	7	2	Nintendo_3DS_XL_2015/41074_New_Nintendo_3DS_XL_2015_A_B_X_Y_Start_or_Select_Button_Replacement/step07_2.jpg	https://guide-images.cdn.ifixit.com/igi/wFoiR1vv4vgoZNmX.large	Kobbe Farwick	https://www.ifixit.com/Guide/New+Nintendo+3DS+XL+2015+ABXY+Start+or+Select+Button+Replacement/41074
41074	New Nintendo 3DS XL 2015 A,B,X,Y, Start or Select Button Replacement	Nintendo 3DS XL 2015	7	3	Nintendo_3DS_XL_2015/41074_New_Nintendo_3DS_XL_2015_A_B_X_Y_Start_or_Select_Button_Replacement/step07_3.jpg	https://guide-images.cdn.ifixit.com/igi/B2DUVioeWeWTCGim.large	Kobbe Farwick	https://www.ifixit.com/Guide/New+Nintendo+3DS+XL+2015+ABXY+Start+or+Select+Button+Replacement/41074
41074	New Nintendo 3DS XL 2015 A,B,X,Y, Start or Select Button Replacement	Nintendo 3DS XL 2015	8	1	Nintendo_3DS_XL_2015/41074_New_Nintendo_3DS_XL_2015_A_B_X_Y_Start_or_Select_Button_Replacement/step08_1.jpg	https://guide-images.cdn.ifixit.com/igi/Ja5TKnRYba4DhrKd.large	Kobbe Farwick	https://www.ifixit.com/Guide/New+Nintendo+3DS+XL+2015+ABXY+Start+or+Select+Button+Replacement/41074
41074	New Nintendo 3DS XL 2015 A,B,X,Y, Start or Select Button Replacement	Nintendo 3DS XL 2015	9	1	Nintendo_3DS_XL_2015/41074_New_Nintendo_3DS_XL_2015_A_B_X_Y_Start_or_Select_Button_Replacement/step09_1.jpg	https://guide-images.cdn.ifixit.com/igi/iIcAUVm1JrV16YUo.large	Kobbe Farwick	https://www.ifixit.com/Guide/New+Nintendo+3DS+XL+2015+ABXY+Start+or+Select+Button+Replacement/41074
41074	New Nintendo 3DS XL 2015 A,B,X,Y, Start or Select Button Replacement	Nintendo 3DS XL 2015	9	2	Nintendo_3DS_XL_2015/41074_New_Nintendo_3DS_XL_2015_A_B_X_Y_Start_or_Select_Button_Replacement/step09_2.jpg	https://guide-images.cdn.ifixit.com/igi/WoGlRBjKvmtOaPM5.large	Kobbe Farwick	https://www.ifixit.com/Guide/New+Nintendo+3DS+XL+2015+ABXY+Start+or+Select+Button+Replacement/41074
41074	New Nintendo 3DS XL 2015 A,B,X,Y, Start or Select Button Replacement	Nintendo 3DS XL 2015	9	3	Nintendo_3DS_XL_2015/41074_New_Nintendo_3DS_XL_2015_A_B_X_Y_Start_or_Select_Button_Replacement/step09_3.jpg	https://guide-images.cdn.ifixit.com/igi/XMISKy6ODIuDDL3p.large	Kobbe Farwick	https://www.ifixit.com/Guide/New+Nintendo+3DS+XL+2015+ABXY+Start+or+Select+Button+Replacement/41074
41074	New Nintendo 3DS XL 2015 A,B,X,Y, Start or Select Button Replacement	Nintendo 3DS XL 2015	10	1	Nintendo_3DS_XL_2015/41074_New_Nintendo_3DS_XL_2015_A_B_X_Y_Start_or_Select_Button_Replacement/step10_1.jpg	https://guide-images.cdn.ifixit.com/igi/DRRwAIOAxOYbQ5Rw.large	Kobbe Farwick	https://www.ifixit.com/Guide/New+Nintendo+3DS+XL+2015+ABXY+Start+or+Select+Button+Replacement/41074
41074	New Nintendo 3DS XL 2015 A,B,X,Y, Start or Select Button Replacement	Nintendo 3DS XL 2015	11	1	Nintendo_3DS_XL_2015/41074_New_Nintendo_3DS_XL_2015_A_B_X_Y_Start_or_Select_Button_Replacement/step11_1.jpg	https://guide-images.cdn.ifixit.com/igi/MIXKCI3lwwyhcvQw.large	Kobbe Farwick	https://www.ifixit.com/Guide/New+Nintendo+3DS+XL+2015+ABXY+Start+or+Select+Button+Replacement/41074
41074	New Nintendo 3DS XL 2015 A,B,X,Y, Start or Select Button Replacement	Nintendo 3DS XL 2015	12	1	Nintendo_3DS_XL_2015/41074_New_Nintendo_3DS_XL_2015_A_B_X_Y_Start_or_Select_Button_Replacement/step12_1.jpg	https://guide-images.cdn.ifixit.com/igi/pajNkbCJQDPqrsAg.large	Kobbe Farwick	https://www.ifixit.com/Guide/New+Nintendo+3DS+XL+2015+ABXY+Start+or+Select+Button+Replacement/41074
41361	New Nintendo 3DS XL 2015 Motherboard Replacement	Nintendo 3DS XL 2015	1	1	Nintendo_3DS_XL_2015/41361_New_Nintendo_3DS_XL_2015_Motherboard_Replacement/step01_1.jpg	https://guide-images.cdn.ifixit.com/igi/klktHCVYwld2jPbu.large	BabblingFishes	https://www.ifixit.com/Guide/New+Nintendo+3DS+XL+2015+Motherboard+Replacement/41361
41361	New Nintendo 3DS XL 2015 Motherboard Replacement	Nintendo 3DS XL 2015	2	1	Nintendo_3DS_XL_2015/41361_New_Nintendo_3DS_XL_2015_Motherboard_Replacement/step02_1.jpg	https://guide-images.cdn.ifixit.com/igi/ItsctXxYnpWHaGbE.large	BabblingFishes	https://www.ifixit.com/Guide/New+Nintendo+3DS+XL+2015+Motherboard+Replacement/41361
41361	New Nintendo 3DS XL 2015 Motherboard Replacement	Nintendo 3DS XL 2015	3	1	Nintendo_3DS_XL_2015/41361_New_Nintendo_3DS_XL_2015_Motherboard_Replacement/step03_1.jpg	https://guide-images.cdn.ifixit.com/igi/DQAtfmJFRLFufoBV.large	BabblingFishes	https://www.ifixit.com/Guide/New+Nintendo+3DS+XL+2015+Motherboard+Replacement/41361
41361	New Nintendo 3DS XL 2015 Motherboard Replacement	Nintendo 3DS XL 2015	4	1	Nintendo_3DS_XL_2015/41361_New_Nintendo_3DS_XL_2015_Motherboard_Replacement/step04_1.jpg	https://guide-images.cdn.ifixit.com/igi/OrrGelvrQqNI2rLT.large	BabblingFishes	https://www.ifixit.com/Guide/New+Nintendo+3DS+XL+2015+Motherboard+Replacement/41361
41361	New Nintendo 3DS XL 2015 Motherboard Replacement	Nintendo 3DS XL 2015	5	1	Nintendo_3DS_XL_2015/41361_New_Nintendo_3DS_XL_2015_Motherboard_Replacement/step05_1.jpg	https://guide-images.cdn.ifixit.com/igi/nA1r6ODtyWGMYps3.large	BabblingFishes	https://www.ifixit.com/Guide/New+Nintendo+3DS+XL+2015+Motherboard+Replacement/41361
41361	New Nintendo 3DS XL 2015 Motherboard Replacement	Nintendo 3DS XL 2015	5	2	Nintendo_3DS_XL_2015/41361_New_Nintendo_3DS_XL_2015_Motherboard_Replacement/step05_2.jpg	https://guide-images.cdn.ifixit.com/igi/nCgM35SfWxS1LjiY.large	BabblingFishes	https://www.ifixit.com/Guide/New+Nintendo+3DS+XL+2015+Motherboard+Replacement/41361
41361	New Nintendo 3DS XL 2015 Motherboard Replacement	Nintendo 3DS XL 2015	6	1	Nintendo_3DS_XL_2015/41361_New_Nintendo_3DS_XL_2015_Motherboard_Replacement/step06_1.jpg	https://guide-images.cdn.ifixit.com/igi/TIvcQXdAyYfU4Wmr.large	BabblingFishes	https://www.ifixit.com/Guide/New+Nintendo+3DS+XL+2015+Motherboard+Replacement/41361
41361	New Nintendo 3DS XL 2015 Motherboard Replacement	Nintendo 3DS XL 2015	6	2	Nintendo_3DS_XL_2015/41361_New_Nintendo_3DS_XL_2015_Motherboard_Replacement/step06_2.jpg	https://guide-images.cdn.ifixit.com/igi/cYC5WckASmECvUYI.large	BabblingFishes	https://www.ifixit.com/Guide/New+Nintendo+3DS+XL+2015+Motherboard+Replacement/41361
41361	New Nintendo 3DS XL 2015 Motherboard Replacement	Nintendo 3DS XL 2015	7	1	Nintendo_3DS_XL_2015/41361_New_Nintendo_3DS_XL_2015_Motherboard_Replacement/step07_1.jpg	https://guide-images.cdn.ifixit.com/igi/f6rD1CPNdGOToTKX.large	BabblingFishes	https://www.ifixit.com/Guide/New+Nintendo+3DS+XL+2015+Motherboard+Replacement/41361
41361	New Nintendo 3DS XL 2015 Motherboard Replacement	Nintendo 3DS XL 2015	7	2	Nintendo_3DS_XL_2015/41361_New_Nintendo_3DS_XL_2015_Motherboard_Replacement/step07_2.jpg	https://guide-images.cdn.ifixit.com/igi/bbMdjgHakC1Dwoaj.large	BabblingFishes	https://www.ifixit.com/Guide/New+Nintendo+3DS+XL+2015+Motherboard+Replacement/41361
41361	New Nintendo 3DS XL 2015 Motherboard Replacement	Nintendo 3DS XL 2015	7	3	Nintendo_3DS_XL_2015/41361_New_Nintendo_3DS_XL_2015_Motherboard_Replacement/step07_3.jpg	https://guide-images.cdn.ifixit.com/igi/uu3sQZEE1DPIQHWU.large	BabblingFishes	https://www.ifixit.com/Guide/New+Nintendo+3DS+XL+2015+Motherboard+Replacement/41361
41361	New Nintendo 3DS XL 2015 Motherboard Replacement	Nintendo 3DS XL 2015	8	1	Nintendo_3DS_XL_2015/41361_New_Nintendo_3DS_XL_2015_Motherboard_Replacement/step08_1.jpg	https://guide-images.cdn.ifixit.com/igi/qB2QkMgZUY13Oebv.large	BabblingFishes	https://www.ifixit.com/Guide/New+Nintendo+3DS+XL+2015+Motherboard+Replacement/41361
41361	New Nintendo 3DS XL 2015 Motherboard Replacement	Nintendo 3DS XL 2015	9	1	Nintendo_3DS_XL_2015/41361_New_Nintendo_3DS_XL_2015_Motherboard_Replacement/step09_1.jpg	https://guide-images.cdn.ifixit.com/igi/4iBjfT6EbMXjfUP1.large	BabblingFishes	https://www.ifixit.com/Guide/New+Nintendo+3DS+XL+2015+Motherboard+Replacement/41361
41361	New Nintendo 3DS XL 2015 Motherboard Replacement	Nintendo 3DS XL 2015	10	1	Nintendo_3DS_XL_2015/41361_New_Nintendo_3DS_XL_2015_Motherboard_Replacement/step10_1.jpg	https://guide-images.cdn.ifixit.com/igi/QNVAENKHH1KFvBAV.large	BabblingFishes	https://www.ifixit.com/Guide/New+Nintendo+3DS+XL+2015+Motherboard+Replacement/41361
41361	New Nintendo 3DS XL 2015 Motherboard Replacement	Nintendo 3DS XL 2015	11	1	Nintendo_3DS_XL_2015/41361_New_Nintendo_3DS_XL_2015_Motherboard_Replacement/step11_1.jpg	https://guide-images.cdn.ifixit.com/igi/NMIQJ61SmdaTsZOk.large	BabblingFishes	https://www.ifixit.com/Guide/New+Nintendo+3DS+XL+2015+Motherboard+Replacement/41361
41361	New Nintendo 3DS XL 2015 Motherboard Replacement	Nintendo 3DS XL 2015	12	1	Nintendo_3DS_XL_2015/41361_New_Nintendo_3DS_XL_2015_Motherboard_Replacement/step12_1.jpg	https://guide-images.cdn.ifixit.com/igi/s5XR6SEbE2Tfuo2A.large	BabblingFishes	https://www.ifixit.com/Guide/New+Nintendo+3DS+XL+2015+Motherboard+Replacement/41361
41361	New Nintendo 3DS XL 2015 Motherboard Replacement	Nintendo 3DS XL 2015	13	1	Nintendo_3DS_XL_2015/41361_New_Nintendo_3DS_XL_2015_Motherboard_Replacement/step13_1.jpg	https://guide-images.cdn.ifixit.com/igi/TXxBQi2cIjGvWhkh.large	BabblingFishes	https://www.ifixit.com/Guide/New+Nintendo+3DS+XL+2015+Motherboard+Replacement/41361
41361	New Nintendo 3DS XL 2015 Motherboard Replacement	Nintendo 3DS XL 2015	13	2	Nintendo_3DS_XL_2015/41361_New_Nintendo_3DS_XL_2015_Motherboard_Replacement/step13_2.jpg	https://guide-images.cdn.ifixit.com/igi/us1M5CucGWKH6nIB.large	BabblingFishes	https://www.ifixit.com/Guide/New+Nintendo+3DS+XL+2015+Motherboard+Replacement/41361
41361	New Nintendo 3DS XL 2015 Motherboard Replacement	Nintendo 3DS XL 2015	13	3	Nintendo_3DS_XL_2015/41361_New_Nintendo_3DS_XL_2015_Motherboard_Replacement/step13_3.jpg	https://guide-images.cdn.ifixit.com/igi/EQsMeEbDCfKnEtEI.large	BabblingFishes	https://www.ifixit.com/Guide/New+Nintendo+3DS+XL+2015+Motherboard+Replacement/41361
41361	New Nintendo 3DS XL 2015 Motherboard Replacement	Nintendo 3DS XL 2015	14	1	Nintendo_3DS_XL_2015/41361_New_Nintendo_3DS_XL_2015_Motherboard_Replacement/step14_1.jpg	https://guide-images.cdn.ifixit.com/igi/FUosIVbdGfyBwmcI.large	BabblingFishes	https://www.ifixit.com/Guide/New+Nintendo+3DS+XL+2015+Motherboard+Replacement/41361
41361	New Nintendo 3DS XL 2015 Motherboard Replacement	Nintendo 3DS XL 2015	15	1	Nintendo_3DS_XL_2015/41361_New_Nintendo_3DS_XL_2015_Motherboard_Replacement/step15_1.jpg	https://guide-images.cdn.ifixit.com/igi/bNldGWc6JpyiUcih.large	BabblingFishes	https://www.ifixit.com/Guide/New+Nintendo+3DS+XL+2015+Motherboard+Replacement/41361
41361	New Nintendo 3DS XL 2015 Motherboard Replacement	Nintendo 3DS XL 2015	15	2	Nintendo_3DS_XL_2015/41361_New_Nintendo_3DS_XL_2015_Motherboard_Replacement/step15_2.jpg	https://guide-images.cdn.ifixit.com/igi/KAlWQOLOMtiSTiIB.large	BabblingFishes	https://www.ifixit.com/Guide/New+Nintendo+3DS+XL+2015+Motherboard+Replacement/41361
41362	New Nintendo 3DS XL 2015 Game Card Reader Replacement	Nintendo 3DS XL 2015	1	1	Nintendo_3DS_XL_2015/41362_New_Nintendo_3DS_XL_2015_Game_Card_Reader_Replacement/step01_1.jpg	https://guide-images.cdn.ifixit.com/igi/klktHCVYwld2jPbu.large	Jacky Loh	https://www.ifixit.com/Guide/New+Nintendo+3DS+XL+2015+Game+Card+Reader+Replacement/41362
41362	New Nintendo 3DS XL 2015 Game Card Reader Replacement	Nintendo 3DS XL 2015	2	1	Nintendo_3DS_XL_2015/41362_New_Nintendo_3DS_XL_2015_Game_Card_Reader_Replacement/step02_1.jpg	https://guide-images.cdn.ifixit.com/igi/ItsctXxYnpWHaGbE.large	Jacky Loh	https://www.ifixit.com/Guide/New+Nintendo+3DS+XL+2015+Game+Card+Reader+Replacement/41362
41362	New Nintendo 3DS XL 2015 Game Card Reader Replacement	Nintendo 3DS XL 2015	3	1	Nintendo_3DS_XL_2015/41362_New_Nintendo_3DS_XL_2015_Game_Card_Reader_Replacement/step03_1.jpg	https://guide-images.cdn.ifixit.com/igi/DQAtfmJFRLFufoBV.large	Jacky Loh	https://www.ifixit.com/Guide/New+Nintendo+3DS+XL+2015+Game+Card+Reader+Replacement/41362
41362	New Nintendo 3DS XL 2015 Game Card Reader Replacement	Nintendo 3DS XL 2015	4	1	Nintendo_3DS_XL_2015/41362_New_Nintendo_3DS_XL_2015_Game_Card_Reader_Replacement/step04_1.jpg	https://guide-images.cdn.ifixit.com/igi/OrrGelvrQqNI2rLT.large	Jacky Loh	https://www.ifixit.com/Guide/New+Nintendo+3DS+XL+2015+Game+Card+Reader+Replacement/41362
41362	New Nintendo 3DS XL 2015 Game Card Reader Replacement	Nintendo 3DS XL 2015	5	1	Nintendo_3DS_XL_2015/41362_New_Nintendo_3DS_XL_2015_Game_Card_Reader_Replacement/step05_1.jpg	https://guide-images.cdn.ifixit.com/igi/nA1r6ODtyWGMYps3.large	Jacky Loh	https://www.ifixit.com/Guide/New+Nintendo+3DS+XL+2015+Game+Card+Reader+Replacement/41362
41362	New Nintendo 3DS XL 2015 Game Card Reader Replacement	Nintendo 3DS XL 2015	5	2	Nintendo_3DS_XL_2015/41362_New_Nintendo_3DS_XL_2015_Game_Card_Reader_Replacement/step05_2.jpg	https://guide-images.cdn.ifixit.com/igi/nCgM35SfWxS1LjiY.large	Jacky Loh	https://www.ifixit.com/Guide/New+Nintendo+3DS+XL+2015+Game+Card+Reader+Replacement/41362
41362	New Nintendo 3DS XL 2015 Game Card Reader Replacement	Nintendo 3DS XL 2015	6	1	Nintendo_3DS_XL_2015/41362_New_Nintendo_3DS_XL_2015_Game_Card_Reader_Replacement/step06_1.jpg	https://guide-images.cdn.ifixit.com/igi/TIvcQXdAyYfU4Wmr.large	Jacky Loh	https://www.ifixit.com/Guide/New+Nintendo+3DS+XL+2015+Game+Card+Reader+Replacement/41362
41362	New Nintendo 3DS XL 2015 Game Card Reader Replacement	Nintendo 3DS XL 2015	6	2	Nintendo_3DS_XL_2015/41362_New_Nintendo_3DS_XL_2015_Game_Card_Reader_Replacement/step06_2.jpg	https://guide-images.cdn.ifixit.com/igi/cYC5WckASmECvUYI.large	Jacky Loh	https://www.ifixit.com/Guide/New+Nintendo+3DS+XL+2015+Game+Card+Reader+Replacement/41362
41362	New Nintendo 3DS XL 2015 Game Card Reader Replacement	Nintendo 3DS XL 2015	7	1	Nintendo_3DS_XL_2015/41362_New_Nintendo_3DS_XL_2015_Game_Card_Reader_Replacement/step07_1.jpg	https://guide-images.cdn.ifixit.com/igi/f6rD1CPNdGOToTKX.large	Jacky Loh	https://www.ifixit.com/Guide/New+Nintendo+3DS+XL+2015+Game+Card+Reader+Replacement/41362
41362	New Nintendo 3DS XL 2015 Game Card Reader Replacement	Nintendo 3DS XL 2015	7	2	Nintendo_3DS_XL_2015/41362_New_Nintendo_3DS_XL_2015_Game_Card_Reader_Replacement/step07_2.jpg	https://guide-images.cdn.ifixit.com/igi/bbMdjgHakC1Dwoaj.large	Jacky Loh	https://www.ifixit.com/Guide/New+Nintendo+3DS+XL+2015+Game+Card+Reader+Replacement/41362
41362	New Nintendo 3DS XL 2015 Game Card Reader Replacement	Nintendo 3DS XL 2015	7	3	Nintendo_3DS_XL_2015/41362_New_Nintendo_3DS_XL_2015_Game_Card_Reader_Replacement/step07_3.jpg	https://guide-images.cdn.ifixit.com/igi/uu3sQZEE1DPIQHWU.large	Jacky Loh	https://www.ifixit.com/Guide/New+Nintendo+3DS+XL+2015+Game+Card+Reader+Replacement/41362
41362	New Nintendo 3DS XL 2015 Game Card Reader Replacement	Nintendo 3DS XL 2015	8	1	Nintendo_3DS_XL_2015/41362_New_Nintendo_3DS_XL_2015_Game_Card_Reader_Replacement/step08_1.jpg	https://guide-images.cdn.ifixit.com/igi/qB2QkMgZUY13Oebv.large	Jacky Loh	https://www.ifixit.com/Guide/New+Nintendo+3DS+XL+2015+Game+Card+Reader+Replacement/41362
41362	New Nintendo 3DS XL 2015 Game Card Reader Replacement	Nintendo 3DS XL 2015	9	1	Nintendo_3DS_XL_2015/41362_New_Nintendo_3DS_XL_2015_Game_Card_Reader_Replacement/step09_1.jpg	https://guide-images.cdn.ifixit.com/igi/4iBjfT6EbMXjfUP1.large	Jacky Loh	https://www.ifixit.com/Guide/New+Nintendo+3DS+XL+2015+Game+Card+Reader+Replacement/41362
41362	New Nintendo 3DS XL 2015 Game Card Reader Replacement	Nintendo 3DS XL 2015	10	1	Nintendo_3DS_XL_2015/41362_New_Nintendo_3DS_XL_2015_Game_Card_Reader_Replacement/step10_1.jpg	https://guide-images.cdn.ifixit.com/igi/QNVAENKHH1KFvBAV.large	Jacky Loh	https://www.ifixit.com/Guide/New+Nintendo+3DS+XL+2015+Game+Card+Reader+Replacement/41362
41362	New Nintendo 3DS XL 2015 Game Card Reader Replacement	Nintendo 3DS XL 2015	11	1	Nintendo_3DS_XL_2015/41362_New_Nintendo_3DS_XL_2015_Game_Card_Reader_Replacement/step11_1.jpg	https://guide-images.cdn.ifixit.com/igi/NMIQJ61SmdaTsZOk.large	Jacky Loh	https://www.ifixit.com/Guide/New+Nintendo+3DS+XL+2015+Game+Card+Reader+Replacement/41362
41362	New Nintendo 3DS XL 2015 Game Card Reader Replacement	Nintendo 3DS XL 2015	12	1	Nintendo_3DS_XL_2015/41362_New_Nintendo_3DS_XL_2015_Game_Card_Reader_Replacement/step12_1.jpg	https://guide-images.cdn.ifixit.com/igi/s5XR6SEbE2Tfuo2A.large	Jacky Loh	https://www.ifixit.com/Guide/New+Nintendo+3DS+XL+2015+Game+Card+Reader+Replacement/41362
41362	New Nintendo 3DS XL 2015 Game Card Reader Replacement	Nintendo 3DS XL 2015	13	1	Nintendo_3DS_XL_2015/41362_New_Nintendo_3DS_XL_2015_Game_Card_Reader_Replacement/step13_1.jpg	https://guide-images.cdn.ifixit.com/igi/TXxBQi2cIjGvWhkh.large	Jacky Loh	https://www.ifixit.com/Guide/New+Nintendo+3DS+XL+2015+Game+Card+Reader+Replacement/41362
41362	New Nintendo 3DS XL 2015 Game Card Reader Replacement	Nintendo 3DS XL 2015	13	2	Nintendo_3DS_XL_2015/41362_New_Nintendo_3DS_XL_2015_Game_Card_Reader_Replacement/step13_2.jpg	https://guide-images.cdn.ifixit.com/igi/us1M5CucGWKH6nIB.large	Jacky Loh	https://www.ifixit.com/Guide/New+Nintendo+3DS+XL+2015+Game+Card+Reader+Replacement/41362
41362	New Nintendo 3DS XL 2015 Game Card Reader Replacement	Nintendo 3DS XL 2015	13	3	Nintendo_3DS_XL_2015/41362_New_Nintendo_3DS_XL_2015_Game_Card_Reader_Replacement/step13_3.jpg	https://guide-images.cdn.ifixit.com/igi/EQsMeEbDCfKnEtEI.large	Jacky Loh	https://www.ifixit.com/Guide/New+Nintendo+3DS+XL+2015+Game+Card+Reader+Replacement/41362
41362	New Nintendo 3DS XL 2015 Game Card Reader Replacement	Nintendo 3DS XL 2015	14	1	Nintendo_3DS_XL_2015/41362_New_Nintendo_3DS_XL_2015_Game_Card_Reader_Replacement/step14_1.jpg	https://guide-images.cdn.ifixit.com/igi/FUosIVbdGfyBwmcI.large	Jacky Loh	https://www.ifixit.com/Guide/New+Nintendo+3DS+XL+2015+Game+Card+Reader+Replacement/41362
41362	New Nintendo 3DS XL 2015 Game Card Reader Replacement	Nintendo 3DS XL 2015	15	1	Nintendo_3DS_XL_2015/41362_New_Nintendo_3DS_XL_2015_Game_Card_Reader_Replacement/step15_1.jpg	https://guide-images.cdn.ifixit.com/igi/bNldGWc6JpyiUcih.large	Jacky Loh	https://www.ifixit.com/Guide/New+Nintendo+3DS+XL+2015+Game+Card+Reader+Replacement/41362
41362	New Nintendo 3DS XL 2015 Game Card Reader Replacement	Nintendo 3DS XL 2015	15	2	Nintendo_3DS_XL_2015/41362_New_Nintendo_3DS_XL_2015_Game_Card_Reader_Replacement/step15_2.jpg	https://guide-images.cdn.ifixit.com/igi/KAlWQOLOMtiSTiIB.large	Jacky Loh	https://www.ifixit.com/Guide/New+Nintendo+3DS+XL+2015+Game+Card+Reader+Replacement/41362
41362	New Nintendo 3DS XL 2015 Game Card Reader Replacement	Nintendo 3DS XL 2015	16	1	Nintendo_3DS_XL_2015/41362_New_Nintendo_3DS_XL_2015_Game_Card_Reader_Replacement/step16_1.jpg	https://guide-images.cdn.ifixit.com/igi/QcFXWIH3kePXnLPl.large	Jacky Loh	https://www.ifixit.com/Guide/New+Nintendo+3DS+XL+2015+Game+Card+Reader+Replacement/41362
41363	New Nintendo 3DS XL 2015 Directional Pad Replacement	Nintendo 3DS XL 2015	1	1	Nintendo_3DS_XL_2015/41363_New_Nintendo_3DS_XL_2015_Directional_Pad_Replacement/step01_1.jpg	https://guide-images.cdn.ifixit.com/igi/klktHCVYwld2jPbu.large	Thomas Cho	https://www.ifixit.com/Guide/New+Nintendo+3DS+XL+2015+Directional+Pad+Replacement/41363
41363	New Nintendo 3DS XL 2015 Directional Pad Replacement	Nintendo 3DS XL 2015	2	1	Nintendo_3DS_XL_2015/41363_New_Nintendo_3DS_XL_2015_Directional_Pad_Replacement/step02_1.jpg	https://guide-images.cdn.ifixit.com/igi/ItsctXxYnpWHaGbE.large	Thomas Cho	https://www.ifixit.com/Guide/New+Nintendo+3DS+XL+2015+Directional+Pad+Replacement/41363
41363	New Nintendo 3DS XL 2015 Directional Pad Replacement	Nintendo 3DS XL 2015	3	1	Nintendo_3DS_XL_2015/41363_New_Nintendo_3DS_XL_2015_Directional_Pad_Replacement/step03_1.jpg	https://guide-images.cdn.ifixit.com/igi/DQAtfmJFRLFufoBV.large	Thomas Cho	https://www.ifixit.com/Guide/New+Nintendo+3DS+XL+2015+Directional+Pad+Replacement/41363
41363	New Nintendo 3DS XL 2015 Directional Pad Replacement	Nintendo 3DS XL 2015	4	1	Nintendo_3DS_XL_2015/41363_New_Nintendo_3DS_XL_2015_Directional_Pad_Replacement/step04_1.jpg	https://guide-images.cdn.ifixit.com/igi/OrrGelvrQqNI2rLT.large	Thomas Cho	https://www.ifixit.com/Guide/New+Nintendo+3DS+XL+2015+Directional+Pad+Replacement/41363
41363	New Nintendo 3DS XL 2015 Directional Pad Replacement	Nintendo 3DS XL 2015	5	1	Nintendo_3DS_XL_2015/41363_New_Nintendo_3DS_XL_2015_Directional_Pad_Replacement/step05_1.jpg	https://guide-images.cdn.ifixit.com/igi/nA1r6ODtyWGMYps3.large	Thomas Cho	https://www.ifixit.com/Guide/New+Nintendo+3DS+XL+2015+Directional+Pad+Replacement/41363
41363	New Nintendo 3DS XL 2015 Directional Pad Replacement	Nintendo 3DS XL 2015	5	2	Nintendo_3DS_XL_2015/41363_New_Nintendo_3DS_XL_2015_Directional_Pad_Replacement/step05_2.jpg	https://guide-images.cdn.ifixit.com/igi/nCgM35SfWxS1LjiY.large	Thomas Cho	https://www.ifixit.com/Guide/New+Nintendo+3DS+XL+2015+Directional+Pad+Replacement/41363
41363	New Nintendo 3DS XL 2015 Directional Pad Replacement	Nintendo 3DS XL 2015	6	1	Nintendo_3DS_XL_2015/41363_New_Nintendo_3DS_XL_2015_Directional_Pad_Replacement/step06_1.jpg	https://guide-images.cdn.ifixit.com/igi/TIvcQXdAyYfU4Wmr.large	Thomas Cho	https://www.ifixit.com/Guide/New+Nintendo+3DS+XL+2015+Directional+Pad+Replacement/41363
41363	New Nintendo 3DS XL 2015 Directional Pad Replacement	Nintendo 3DS XL 2015	6	2	Nintendo_3DS_XL_2015/41363_New_Nintendo_3DS_XL_2015_Directional_Pad_Replacement/step06_2.jpg	https://guide-images.cdn.ifixit.com/igi/cYC5WckASmECvUYI.large	Thomas Cho	https://www.ifixit.com/Guide/New+Nintendo+3DS+XL+2015+Directional+Pad+Replacement/41363
41363	New Nintendo 3DS XL 2015 Directional Pad Replacement	Nintendo 3DS XL 2015	7	1	Nintendo_3DS_XL_2015/41363_New_Nintendo_3DS_XL_2015_Directional_Pad_Replacement/step07_1.jpg	https://guide-images.cdn.ifixit.com/igi/f6rD1CPNdGOToTKX.large	Thomas Cho	https://www.ifixit.com/Guide/New+Nintendo+3DS+XL+2015+Directional+Pad+Replacement/41363
41363	New Nintendo 3DS XL 2015 Directional Pad Replacement	Nintendo 3DS XL 2015	7	2	Nintendo_3DS_XL_2015/41363_New_Nintendo_3DS_XL_2015_Directional_Pad_Replacement/step07_2.jpg	https://guide-images.cdn.ifixit.com/igi/bbMdjgHakC1Dwoaj.large	Thomas Cho	https://www.ifixit.com/Guide/New+Nintendo+3DS+XL+2015+Directional+Pad+Replacement/41363
41363	New Nintendo 3DS XL 2015 Directional Pad Replacement	Nintendo 3DS XL 2015	7	3	Nintendo_3DS_XL_2015/41363_New_Nintendo_3DS_XL_2015_Directional_Pad_Replacement/step07_3.jpg	https://guide-images.cdn.ifixit.com/igi/uu3sQZEE1DPIQHWU.large	Thomas Cho	https://www.ifixit.com/Guide/New+Nintendo+3DS+XL+2015+Directional+Pad+Replacement/41363
41363	New Nintendo 3DS XL 2015 Directional Pad Replacement	Nintendo 3DS XL 2015	8	1	Nintendo_3DS_XL_2015/41363_New_Nintendo_3DS_XL_2015_Directional_Pad_Replacement/step08_1.jpg	https://guide-images.cdn.ifixit.com/igi/qB2QkMgZUY13Oebv.large	Thomas Cho	https://www.ifixit.com/Guide/New+Nintendo+3DS+XL+2015+Directional+Pad+Replacement/41363
41363	New Nintendo 3DS XL 2015 Directional Pad Replacement	Nintendo 3DS XL 2015	9	1	Nintendo_3DS_XL_2015/41363_New_Nintendo_3DS_XL_2015_Directional_Pad_Replacement/step09_1.jpg	https://guide-images.cdn.ifixit.com/igi/4iBjfT6EbMXjfUP1.large	Thomas Cho	https://www.ifixit.com/Guide/New+Nintendo+3DS+XL+2015+Directional+Pad+Replacement/41363
41363	New Nintendo 3DS XL 2015 Directional Pad Replacement	Nintendo 3DS XL 2015	10	1	Nintendo_3DS_XL_2015/41363_New_Nintendo_3DS_XL_2015_Directional_Pad_Replacement/step10_1.jpg	https://guide-images.cdn.ifixit.com/igi/QNVAENKHH1KFvBAV.large	Thomas Cho	https://www.ifixit.com/Guide/New+Nintendo+3DS+XL+2015+Directional+Pad+Replacement/41363
41363	New Nintendo 3DS XL 2015 Directional Pad Replacement	Nintendo 3DS XL 2015	11	1	Nintendo_3DS_XL_2015/41363_New_Nintendo_3DS_XL_2015_Directional_Pad_Replacement/step11_1.jpg	https://guide-images.cdn.ifixit.com/igi/NMIQJ61SmdaTsZOk.large	Thomas Cho	https://www.ifixit.com/Guide/New+Nintendo+3DS+XL+2015+Directional+Pad+Replacement/41363
41363	New Nintendo 3DS XL 2015 Directional Pad Replacement	Nintendo 3DS XL 2015	12	1	Nintendo_3DS_XL_2015/41363_New_Nintendo_3DS_XL_2015_Directional_Pad_Replacement/step12_1.jpg	https://guide-images.cdn.ifixit.com/igi/s5XR6SEbE2Tfuo2A.large	Thomas Cho	https://www.ifixit.com/Guide/New+Nintendo+3DS+XL+2015+Directional+Pad+Replacement/41363
41363	New Nintendo 3DS XL 2015 Directional Pad Replacement	Nintendo 3DS XL 2015	13	1	Nintendo_3DS_XL_2015/41363_New_Nintendo_3DS_XL_2015_Directional_Pad_Replacement/step13_1.jpg	https://guide-images.cdn.ifixit.com/igi/TXxBQi2cIjGvWhkh.large	Thomas Cho	https://www.ifixit.com/Guide/New+Nintendo+3DS+XL+2015+Directional+Pad+Replacement/41363
41363	New Nintendo 3DS XL 2015 Directional Pad Replacement	Nintendo 3DS XL 2015	13	2	Nintendo_3DS_XL_2015/41363_New_Nintendo_3DS_XL_2015_Directional_Pad_Replacement/step13_2.jpg	https://guide-images.cdn.ifixit.com/igi/us1M5CucGWKH6nIB.large	Thomas Cho	https://www.ifixit.com/Guide/New+Nintendo+3DS+XL+2015+Directional+Pad+Replacement/41363
41363	New Nintendo 3DS XL 2015 Directional Pad Replacement	Nintendo 3DS XL 2015	13	3	Nintendo_3DS_XL_2015/41363_New_Nintendo_3DS_XL_2015_Directional_Pad_Replacement/step13_3.jpg	https://guide-images.cdn.ifixit.com/igi/EQsMeEbDCfKnEtEI.large	Thomas Cho	https://www.ifixit.com/Guide/New+Nintendo+3DS+XL+2015+Directional+Pad+Replacement/41363
41363	New Nintendo 3DS XL 2015 Directional Pad Replacement	Nintendo 3DS XL 2015	14	1	Nintendo_3DS_XL_2015/41363_New_Nintendo_3DS_XL_2015_Directional_Pad_Replacement/step14_1.jpg	https://guide-images.cdn.ifixit.com/igi/FUosIVbdGfyBwmcI.large	Thomas Cho	https://www.ifixit.com/Guide/New+Nintendo+3DS+XL+2015+Directional+Pad+Replacement/41363
41363	New Nintendo 3DS XL 2015 Directional Pad Replacement	Nintendo 3DS XL 2015	15	1	Nintendo_3DS_XL_2015/41363_New_Nintendo_3DS_XL_2015_Directional_Pad_Replacement/step15_1.jpg	https://guide-images.cdn.ifixit.com/igi/bNldGWc6JpyiUcih.large	Thomas Cho	https://www.ifixit.com/Guide/New+Nintendo+3DS+XL+2015+Directional+Pad+Replacement/41363
41363	New Nintendo 3DS XL 2015 Directional Pad Replacement	Nintendo 3DS XL 2015	15	2	Nintendo_3DS_XL_2015/41363_New_Nintendo_3DS_XL_2015_Directional_Pad_Replacement/step15_2.jpg	https://guide-images.cdn.ifixit.com/igi/KAlWQOLOMtiSTiIB.large	Thomas Cho	https://www.ifixit.com/Guide/New+Nintendo+3DS+XL+2015+Directional+Pad+Replacement/41363
41363	New Nintendo 3DS XL 2015 Directional Pad Replacement	Nintendo 3DS XL 2015	16	1	Nintendo_3DS_XL_2015/41363_New_Nintendo_3DS_XL_2015_Directional_Pad_Replacement/step16_1.jpg	https://guide-images.cdn.ifixit.com/igi/QcFXWIH3kePXnLPl.large	Thomas Cho	https://www.ifixit.com/Guide/New+Nintendo+3DS+XL+2015+Directional+Pad+Replacement/41363
41363	New Nintendo 3DS XL 2015 Directional Pad Replacement	Nintendo 3DS XL 2015	17	1	Nintendo_3DS_XL_2015/41363_New_Nintendo_3DS_XL_2015_Directional_Pad_Replacement/step17_1.jpg	https://guide-images.cdn.ifixit.com/igi/jRMQkSk2HFSXUrIi.large	Thomas Cho	https://www.ifixit.com/Guide/New+Nintendo+3DS+XL+2015+Directional+Pad+Replacement/41363
41363	New Nintendo 3DS XL 2015 Directional Pad Replacement	Nintendo 3DS XL 2015	18	1	Nintendo_3DS_XL_2015/41363_New_Nintendo_3DS_XL_2015_Directional_Pad_Replacement/step18_1.jpg	https://guide-images.cdn.ifixit.com/igi/HptmxCAEdc4LMfbC.large	Thomas Cho	https://www.ifixit.com/Guide/New+Nintendo+3DS+XL+2015+Directional+Pad+Replacement/41363
42742	Nintendo 2DS Screen Replacement	Nintendo 2DS	1	1	Nintendo_2DS/42742_Nintendo_2DS_Screen_Replacement/step01_1.jpg	https://guide-images.cdn.ifixit.com/igi/Ng3XvFwDwtDo3gay.large	Cassius	https://www.ifixit.com/Guide/Nintendo+2DS+Screen+Replacement/42742
42742	Nintendo 2DS Screen Replacement	Nintendo 2DS	1	2	Nintendo_2DS/42742_Nintendo_2DS_Screen_Replacement/step01_2.jpg	https://guide-images.cdn.ifixit.com/igi/IwaPMCuDBRaGUKYJ.large	Cassius	https://www.ifixit.com/Guide/Nintendo+2DS+Screen+Replacement/42742
42742	Nintendo 2DS Screen Replacement	Nintendo 2DS	1	3	Nintendo_2DS/42742_Nintendo_2DS_Screen_Replacement/step01_3.jpg	https://guide-images.cdn.ifixit.com/igi/KtffTY2oVgcOLaxl.large	Cassius	https://www.ifixit.com/Guide/Nintendo+2DS+Screen+Replacement/42742
42742	Nintendo 2DS Screen Replacement	Nintendo 2DS	2	1	Nintendo_2DS/42742_Nintendo_2DS_Screen_Replacement/step02_1.jpg	https://guide-images.cdn.ifixit.com/igi/aIdxJBBKIbs6wEPo.large	Cassius	https://www.ifixit.com/Guide/Nintendo+2DS+Screen+Replacement/42742
42742	Nintendo 2DS Screen Replacement	Nintendo 2DS	2	2	Nintendo_2DS/42742_Nintendo_2DS_Screen_Replacement/step02_2.jpg	https://guide-images.cdn.ifixit.com/igi/Bmo6SSAPvOyYXSBr.large	Cassius	https://www.ifixit.com/Guide/Nintendo+2DS+Screen+Replacement/42742
42742	Nintendo 2DS Screen Replacement	Nintendo 2DS	2	3	Nintendo_2DS/42742_Nintendo_2DS_Screen_Replacement/step02_3.jpg	https://guide-images.cdn.ifixit.com/igi/iPNYsAT5DkvIQgUH.large	Cassius	https://www.ifixit.com/Guide/Nintendo+2DS+Screen+Replacement/42742
42742	Nintendo 2DS Screen Replacement	Nintendo 2DS	3	1	Nintendo_2DS/42742_Nintendo_2DS_Screen_Replacement/step03_1.jpg	https://guide-images.cdn.ifixit.com/igi/XCRZpdE5vxYVqpKw.large	Cassius	https://www.ifixit.com/Guide/Nintendo+2DS+Screen+Replacement/42742
42742	Nintendo 2DS Screen Replacement	Nintendo 2DS	3	2	Nintendo_2DS/42742_Nintendo_2DS_Screen_Replacement/step03_2.jpg	https://guide-images.cdn.ifixit.com/igi/dJPr4uLJtJ1iXrLL.large	Cassius	https://www.ifixit.com/Guide/Nintendo+2DS+Screen+Replacement/42742
42742	Nintendo 2DS Screen Replacement	Nintendo 2DS	3	3	Nintendo_2DS/42742_Nintendo_2DS_Screen_Replacement/step03_3.jpg	https://guide-images.cdn.ifixit.com/igi/OmeWMOcpNmS4EGnQ.large	Cassius	https://www.ifixit.com/Guide/Nintendo+2DS+Screen+Replacement/42742
42742	Nintendo 2DS Screen Replacement	Nintendo 2DS	4	1	Nintendo_2DS/42742_Nintendo_2DS_Screen_Replacement/step04_1.jpg	https://guide-images.cdn.ifixit.com/igi/LQQ2vRdmddNtkfLy.large	Cassius	https://www.ifixit.com/Guide/Nintendo+2DS+Screen+Replacement/42742
42742	Nintendo 2DS Screen Replacement	Nintendo 2DS	4	2	Nintendo_2DS/42742_Nintendo_2DS_Screen_Replacement/step04_2.jpg	https://guide-images.cdn.ifixit.com/igi/apvJsmpx3GmlaFeh.large	Cassius	https://www.ifixit.com/Guide/Nintendo+2DS+Screen+Replacement/42742
42742	Nintendo 2DS Screen Replacement	Nintendo 2DS	4	3	Nintendo_2DS/42742_Nintendo_2DS_Screen_Replacement/step04_3.jpg	https://guide-images.cdn.ifixit.com/igi/II4kcchjNXbuRcd5.large	Cassius	https://www.ifixit.com/Guide/Nintendo+2DS+Screen+Replacement/42742
42742	Nintendo 2DS Screen Replacement	Nintendo 2DS	5	1	Nintendo_2DS/42742_Nintendo_2DS_Screen_Replacement/step05_1.jpg	https://guide-images.cdn.ifixit.com/igi/Fhil4d6vPjwYJ6LW.large	Cassius	https://www.ifixit.com/Guide/Nintendo+2DS+Screen+Replacement/42742
54283	New Nintendo 3DS Cover Plate Replacement	Nintendo 3DS 2015	1	1	Nintendo_3DS_2015/54283_New_Nintendo_3DS_Cover_Plate_Replacement/step01_1.jpg	https://guide-images.cdn.ifixit.com/igi/ISft3PkFfQ5ru2bP.large	ethan2226	https://www.ifixit.com/Guide/New+Nintendo+3DS+Cover+Plate+Replacement/54283
54283	New Nintendo 3DS Cover Plate Replacement	Nintendo 3DS 2015	2	1	Nintendo_3DS_2015/54283_New_Nintendo_3DS_Cover_Plate_Replacement/step02_1.jpg	https://guide-images.cdn.ifixit.com/igi/BAPGPHp32yWqh6Tb.large	ethan2226	https://www.ifixit.com/Guide/New+Nintendo+3DS+Cover+Plate+Replacement/54283
54283	New Nintendo 3DS Cover Plate Replacement	Nintendo 3DS 2015	3	1	Nintendo_3DS_2015/54283_New_Nintendo_3DS_Cover_Plate_Replacement/step03_1.jpg	https://guide-images.cdn.ifixit.com/igi/UiaDeKlRt1jH4MCh.large	ethan2226	https://www.ifixit.com/Guide/New+Nintendo+3DS+Cover+Plate+Replacement/54283
54283	New Nintendo 3DS Cover Plate Replacement	Nintendo 3DS 2015	4	1	Nintendo_3DS_2015/54283_New_Nintendo_3DS_Cover_Plate_Replacement/step04_1.jpg	https://guide-images.cdn.ifixit.com/igi/4EJyE13qOlAaKjT5.large	ethan2226	https://www.ifixit.com/Guide/New+Nintendo+3DS+Cover+Plate+Replacement/54283
54283	New Nintendo 3DS Cover Plate Replacement	Nintendo 3DS 2015	5	1	Nintendo_3DS_2015/54283_New_Nintendo_3DS_Cover_Plate_Replacement/step05_1.jpg	https://guide-images.cdn.ifixit.com/igi/oIQVqGhQFDPfCcFT.large	ethan2226	https://www.ifixit.com/Guide/New+Nintendo+3DS+Cover+Plate+Replacement/54283
54283	New Nintendo 3DS Cover Plate Replacement	Nintendo 3DS 2015	6	1	Nintendo_3DS_2015/54283_New_Nintendo_3DS_Cover_Plate_Replacement/step06_1.jpg	https://guide-images.cdn.ifixit.com/igi/GJfl4MgBvWd3jtFd.large	ethan2226	https://www.ifixit.com/Guide/New+Nintendo+3DS+Cover+Plate+Replacement/54283
71979	Nintendo 3DS 2015 Battery Replacement	Nintendo 3DS 2015	1	1	Nintendo_3DS_2015/71979_Nintendo_3DS_2015_Battery_Replacement/step01_1.jpg	https://guide-images.cdn.ifixit.com/igi/RHSiD64Y5wNXRkGt.large	Tyler Starr	https://www.ifixit.com/Guide/Nintendo+3DS+2015+Battery+Replacement/71979
71979	Nintendo 3DS 2015 Battery Replacement	Nintendo 3DS 2015	2	1	Nintendo_3DS_2015/71979_Nintendo_3DS_2015_Battery_Replacement/step02_1.jpg	https://guide-images.cdn.ifixit.com/igi/pyUg6nSkGDKVCP3O.large	Tyler Starr	https://www.ifixit.com/Guide/Nintendo+3DS+2015+Battery+Replacement/71979
71979	Nintendo 3DS 2015 Battery Replacement	Nintendo 3DS 2015	2	2	Nintendo_3DS_2015/71979_Nintendo_3DS_2015_Battery_Replacement/step02_2.jpg	https://guide-images.cdn.ifixit.com/igi/kOxjUY5qGoETmTkf.large	Tyler Starr	https://www.ifixit.com/Guide/Nintendo+3DS+2015+Battery+Replacement/71979
71979	Nintendo 3DS 2015 Battery Replacement	Nintendo 3DS 2015	3	1	Nintendo_3DS_2015/71979_Nintendo_3DS_2015_Battery_Replacement/step03_1.jpg	https://guide-images.cdn.ifixit.com/igi/IIi1SwaGDQqyIPpg.large	Tyler Starr	https://www.ifixit.com/Guide/Nintendo+3DS+2015+Battery+Replacement/71979
71979	Nintendo 3DS 2015 Battery Replacement	Nintendo 3DS 2015	3	2	Nintendo_3DS_2015/71979_Nintendo_3DS_2015_Battery_Replacement/step03_2.jpg	https://guide-images.cdn.ifixit.com/igi/PARFKZinVRBM4rsM.large	Tyler Starr	https://www.ifixit.com/Guide/Nintendo+3DS+2015+Battery+Replacement/71979
71979	Nintendo 3DS 2015 Battery Replacement	Nintendo 3DS 2015	3	3	Nintendo_3DS_2015/71979_Nintendo_3DS_2015_Battery_Replacement/step03_3.jpg	https://guide-images.cdn.ifixit.com/igi/YNIIJ4jiaWmyWtlG.large	Tyler Starr	https://www.ifixit.com/Guide/Nintendo+3DS+2015+Battery+Replacement/71979
72240	Nintendo 3DS 2015 Circle Pad Replacement	Nintendo 3DS 2015	1	1	Nintendo_3DS_2015/72240_Nintendo_3DS_2015_Circle_Pad_Replacement/step01_1.jpg	https://guide-images.cdn.ifixit.com/igi/RHSiD64Y5wNXRkGt.large	Michael	https://www.ifixit.com/Guide/Nintendo+3DS+2015+Circle+Pad+Replacement/72240
72240	Nintendo 3DS 2015 Circle Pad Replacement	Nintendo 3DS 2015	2	1	Nintendo_3DS_2015/72240_Nintendo_3DS_2015_Circle_Pad_Replacement/step02_1.jpg	https://guide-images.cdn.ifixit.com/igi/pyUg6nSkGDKVCP3O.large	Michael	https://www.ifixit.com/Guide/Nintendo+3DS+2015+Circle+Pad+Replacement/72240
72240	Nintendo 3DS 2015 Circle Pad Replacement	Nintendo 3DS 2015	2	2	Nintendo_3DS_2015/72240_Nintendo_3DS_2015_Circle_Pad_Replacement/step02_2.jpg	https://guide-images.cdn.ifixit.com/igi/kOxjUY5qGoETmTkf.large	Michael	https://www.ifixit.com/Guide/Nintendo+3DS+2015+Circle+Pad+Replacement/72240
72240	Nintendo 3DS 2015 Circle Pad Replacement	Nintendo 3DS 2015	3	1	Nintendo_3DS_2015/72240_Nintendo_3DS_2015_Circle_Pad_Replacement/step03_1.jpg	https://guide-images.cdn.ifixit.com/igi/IIi1SwaGDQqyIPpg.large	Michael	https://www.ifixit.com/Guide/Nintendo+3DS+2015+Circle+Pad+Replacement/72240
72240	Nintendo 3DS 2015 Circle Pad Replacement	Nintendo 3DS 2015	3	2	Nintendo_3DS_2015/72240_Nintendo_3DS_2015_Circle_Pad_Replacement/step03_2.jpg	https://guide-images.cdn.ifixit.com/igi/PARFKZinVRBM4rsM.large	Michael	https://www.ifixit.com/Guide/Nintendo+3DS+2015+Circle+Pad+Replacement/72240
72240	Nintendo 3DS 2015 Circle Pad Replacement	Nintendo 3DS 2015	3	3	Nintendo_3DS_2015/72240_Nintendo_3DS_2015_Circle_Pad_Replacement/step03_3.jpg	https://guide-images.cdn.ifixit.com/igi/YNIIJ4jiaWmyWtlG.large	Michael	https://www.ifixit.com/Guide/Nintendo+3DS+2015+Circle+Pad+Replacement/72240
72240	Nintendo 3DS 2015 Circle Pad Replacement	Nintendo 3DS 2015	4	1	Nintendo_3DS_2015/72240_Nintendo_3DS_2015_Circle_Pad_Replacement/step04_1.jpg	https://guide-images.cdn.ifixit.com/igi/hcFYj1TArfneoJqY.large	Michael	https://www.ifixit.com/Guide/Nintendo+3DS+2015+Circle+Pad+Replacement/72240
72240	Nintendo 3DS 2015 Circle Pad Replacement	Nintendo 3DS 2015	5	1	Nintendo_3DS_2015/72240_Nintendo_3DS_2015_Circle_Pad_Replacement/step05_1.jpg	https://guide-images.cdn.ifixit.com/igi/WcQtiVnntpunAVvu.large	Michael	https://www.ifixit.com/Guide/Nintendo+3DS+2015+Circle+Pad+Replacement/72240
72240	Nintendo 3DS 2015 Circle Pad Replacement	Nintendo 3DS 2015	6	1	Nintendo_3DS_2015/72240_Nintendo_3DS_2015_Circle_Pad_Replacement/step06_1.jpg	https://guide-images.cdn.ifixit.com/igi/WRckhfKBMm2mkIsJ.large	Michael	https://www.ifixit.com/Guide/Nintendo+3DS+2015+Circle+Pad+Replacement/72240
72240	Nintendo 3DS 2015 Circle Pad Replacement	Nintendo 3DS 2015	6	2	Nintendo_3DS_2015/72240_Nintendo_3DS_2015_Circle_Pad_Replacement/step06_2.jpg	https://guide-images.cdn.ifixit.com/igi/cGAFg3mXyeQf3Xno.large	Michael	https://www.ifixit.com/Guide/Nintendo+3DS+2015+Circle+Pad+Replacement/72240
72240	Nintendo 3DS 2015 Circle Pad Replacement	Nintendo 3DS 2015	7	1	Nintendo_3DS_2015/72240_Nintendo_3DS_2015_Circle_Pad_Replacement/step07_1.jpg	https://guide-images.cdn.ifixit.com/igi/Y1MLbjyP66F2bVlX.large	Michael	https://www.ifixit.com/Guide/Nintendo+3DS+2015+Circle+Pad+Replacement/72240
72240	Nintendo 3DS 2015 Circle Pad Replacement	Nintendo 3DS 2015	7	2	Nintendo_3DS_2015/72240_Nintendo_3DS_2015_Circle_Pad_Replacement/step07_2.jpg	https://guide-images.cdn.ifixit.com/igi/sGMMyF1aPuMWhByd.large	Michael	https://www.ifixit.com/Guide/Nintendo+3DS+2015+Circle+Pad+Replacement/72240
72240	Nintendo 3DS 2015 Circle Pad Replacement	Nintendo 3DS 2015	7	3	Nintendo_3DS_2015/72240_Nintendo_3DS_2015_Circle_Pad_Replacement/step07_3.jpg	https://guide-images.cdn.ifixit.com/igi/Belg6kVDhkdqcLH6.large	Michael	https://www.ifixit.com/Guide/Nintendo+3DS+2015+Circle+Pad+Replacement/72240
72240	Nintendo 3DS 2015 Circle Pad Replacement	Nintendo 3DS 2015	8	1	Nintendo_3DS_2015/72240_Nintendo_3DS_2015_Circle_Pad_Replacement/step08_1.jpg	https://guide-images.cdn.ifixit.com/igi/iwnQ4JSvcKCVReuM.large	Michael	https://www.ifixit.com/Guide/Nintendo+3DS+2015+Circle+Pad+Replacement/72240
72240	Nintendo 3DS 2015 Circle Pad Replacement	Nintendo 3DS 2015	8	2	Nintendo_3DS_2015/72240_Nintendo_3DS_2015_Circle_Pad_Replacement/step08_2.jpg	https://guide-images.cdn.ifixit.com/igi/SiUVgKAlChdrtcOq.large	Michael	https://www.ifixit.com/Guide/Nintendo+3DS+2015+Circle+Pad+Replacement/72240
72240	Nintendo 3DS 2015 Circle Pad Replacement	Nintendo 3DS 2015	9	1	Nintendo_3DS_2015/72240_Nintendo_3DS_2015_Circle_Pad_Replacement/step09_1.jpg	https://guide-images.cdn.ifixit.com/igi/UbtGUYKEeGFGUBEC.large	Michael	https://www.ifixit.com/Guide/Nintendo+3DS+2015+Circle+Pad+Replacement/72240
72240	Nintendo 3DS 2015 Circle Pad Replacement	Nintendo 3DS 2015	9	2	Nintendo_3DS_2015/72240_Nintendo_3DS_2015_Circle_Pad_Replacement/step09_2.jpg	https://guide-images.cdn.ifixit.com/igi/R5A3vyCHkOuXOYoH.large	Michael	https://www.ifixit.com/Guide/Nintendo+3DS+2015+Circle+Pad+Replacement/72240
72240	Nintendo 3DS 2015 Circle Pad Replacement	Nintendo 3DS 2015	9	3	Nintendo_3DS_2015/72240_Nintendo_3DS_2015_Circle_Pad_Replacement/step09_3.jpg	https://guide-images.cdn.ifixit.com/igi/4Ur2NfIV3MVAbq4o.large	Michael	https://www.ifixit.com/Guide/Nintendo+3DS+2015+Circle+Pad+Replacement/72240
72240	Nintendo 3DS 2015 Circle Pad Replacement	Nintendo 3DS 2015	10	1	Nintendo_3DS_2015/72240_Nintendo_3DS_2015_Circle_Pad_Replacement/step10_1.jpg	https://guide-images.cdn.ifixit.com/igi/Vfdh1YiweiNjdXhe.large	Michael	https://www.ifixit.com/Guide/Nintendo+3DS+2015+Circle+Pad+Replacement/72240
72240	Nintendo 3DS 2015 Circle Pad Replacement	Nintendo 3DS 2015	10	2	Nintendo_3DS_2015/72240_Nintendo_3DS_2015_Circle_Pad_Replacement/step10_2.jpg	https://guide-images.cdn.ifixit.com/igi/BCAyTyGsmG4IKpTQ.large	Michael	https://www.ifixit.com/Guide/Nintendo+3DS+2015+Circle+Pad+Replacement/72240
72240	Nintendo 3DS 2015 Circle Pad Replacement	Nintendo 3DS 2015	10	3	Nintendo_3DS_2015/72240_Nintendo_3DS_2015_Circle_Pad_Replacement/step10_3.jpg	https://guide-images.cdn.ifixit.com/igi/mbZ2RxRioC1PuXOG.large	Michael	https://www.ifixit.com/Guide/Nintendo+3DS+2015+Circle+Pad+Replacement/72240
72240	Nintendo 3DS 2015 Circle Pad Replacement	Nintendo 3DS 2015	11	1	Nintendo_3DS_2015/72240_Nintendo_3DS_2015_Circle_Pad_Replacement/step11_1.jpg	https://guide-images.cdn.ifixit.com/igi/SAGAXhKGi2Xm6TyR.large	Michael	https://www.ifixit.com/Guide/Nintendo+3DS+2015+Circle+Pad+Replacement/72240
72240	Nintendo 3DS 2015 Circle Pad Replacement	Nintendo 3DS 2015	11	2	Nintendo_3DS_2015/72240_Nintendo_3DS_2015_Circle_Pad_Replacement/step11_2.jpg	https://guide-images.cdn.ifixit.com/igi/j32HQOkuWHYsDWux.large	Michael	https://www.ifixit.com/Guide/Nintendo+3DS+2015+Circle+Pad+Replacement/72240
72244	Nintendo 3DS 2015 Touchscreen Assembly Replacement	Nintendo 3DS 2015	1	1	Nintendo_3DS_2015/72244_Nintendo_3DS_2015_Touchscreen_Assembly_Replacement/step01_1.jpg	https://guide-images.cdn.ifixit.com/igi/RHSiD64Y5wNXRkGt.large	Tyler Starr	https://www.ifixit.com/Guide/Nintendo+3DS+2015+Touchscreen+Assembly+Replacement/72244
72244	Nintendo 3DS 2015 Touchscreen Assembly Replacement	Nintendo 3DS 2015	2	1	Nintendo_3DS_2015/72244_Nintendo_3DS_2015_Touchscreen_Assembly_Replacement/step02_1.jpg	https://guide-images.cdn.ifixit.com/igi/pyUg6nSkGDKVCP3O.large	Tyler Starr	https://www.ifixit.com/Guide/Nintendo+3DS+2015+Touchscreen+Assembly+Replacement/72244
72244	Nintendo 3DS 2015 Touchscreen Assembly Replacement	Nintendo 3DS 2015	2	2	Nintendo_3DS_2015/72244_Nintendo_3DS_2015_Touchscreen_Assembly_Replacement/step02_2.jpg	https://guide-images.cdn.ifixit.com/igi/kOxjUY5qGoETmTkf.large	Tyler Starr	https://www.ifixit.com/Guide/Nintendo+3DS+2015+Touchscreen+Assembly+Replacement/72244
72244	Nintendo 3DS 2015 Touchscreen Assembly Replacement	Nintendo 3DS 2015	3	1	Nintendo_3DS_2015/72244_Nintendo_3DS_2015_Touchscreen_Assembly_Replacement/step03_1.jpg	https://guide-images.cdn.ifixit.com/igi/IIi1SwaGDQqyIPpg.large	Tyler Starr	https://www.ifixit.com/Guide/Nintendo+3DS+2015+Touchscreen+Assembly+Replacement/72244
72244	Nintendo 3DS 2015 Touchscreen Assembly Replacement	Nintendo 3DS 2015	3	2	Nintendo_3DS_2015/72244_Nintendo_3DS_2015_Touchscreen_Assembly_Replacement/step03_2.jpg	https://guide-images.cdn.ifixit.com/igi/PARFKZinVRBM4rsM.large	Tyler Starr	https://www.ifixit.com/Guide/Nintendo+3DS+2015+Touchscreen+Assembly+Replacement/72244
72244	Nintendo 3DS 2015 Touchscreen Assembly Replacement	Nintendo 3DS 2015	3	3	Nintendo_3DS_2015/72244_Nintendo_3DS_2015_Touchscreen_Assembly_Replacement/step03_3.jpg	https://guide-images.cdn.ifixit.com/igi/YNIIJ4jiaWmyWtlG.large	Tyler Starr	https://www.ifixit.com/Guide/Nintendo+3DS+2015+Touchscreen+Assembly+Replacement/72244
72244	Nintendo 3DS 2015 Touchscreen Assembly Replacement	Nintendo 3DS 2015	4	1	Nintendo_3DS_2015/72244_Nintendo_3DS_2015_Touchscreen_Assembly_Replacement/step04_1.jpg	https://guide-images.cdn.ifixit.com/igi/hcFYj1TArfneoJqY.large	Tyler Starr	https://www.ifixit.com/Guide/Nintendo+3DS+2015+Touchscreen+Assembly+Replacement/72244
72244	Nintendo 3DS 2015 Touchscreen Assembly Replacement	Nintendo 3DS 2015	5	1	Nintendo_3DS_2015/72244_Nintendo_3DS_2015_Touchscreen_Assembly_Replacement/step05_1.jpg	https://guide-images.cdn.ifixit.com/igi/WcQtiVnntpunAVvu.large	Tyler Starr	https://www.ifixit.com/Guide/Nintendo+3DS+2015+Touchscreen+Assembly+Replacement/72244
72244	Nintendo 3DS 2015 Touchscreen Assembly Replacement	Nintendo 3DS 2015	6	1	Nintendo_3DS_2015/72244_Nintendo_3DS_2015_Touchscreen_Assembly_Replacement/step06_1.jpg	https://guide-images.cdn.ifixit.com/igi/WRckhfKBMm2mkIsJ.large	Tyler Starr	https://www.ifixit.com/Guide/Nintendo+3DS+2015+Touchscreen+Assembly+Replacement/72244
72244	Nintendo 3DS 2015 Touchscreen Assembly Replacement	Nintendo 3DS 2015	6	2	Nintendo_3DS_2015/72244_Nintendo_3DS_2015_Touchscreen_Assembly_Replacement/step06_2.jpg	https://guide-images.cdn.ifixit.com/igi/cGAFg3mXyeQf3Xno.large	Tyler Starr	https://www.ifixit.com/Guide/Nintendo+3DS+2015+Touchscreen+Assembly+Replacement/72244
72244	Nintendo 3DS 2015 Touchscreen Assembly Replacement	Nintendo 3DS 2015	7	1	Nintendo_3DS_2015/72244_Nintendo_3DS_2015_Touchscreen_Assembly_Replacement/step07_1.jpg	https://guide-images.cdn.ifixit.com/igi/Y1MLbjyP66F2bVlX.large	Tyler Starr	https://www.ifixit.com/Guide/Nintendo+3DS+2015+Touchscreen+Assembly+Replacement/72244
72244	Nintendo 3DS 2015 Touchscreen Assembly Replacement	Nintendo 3DS 2015	7	2	Nintendo_3DS_2015/72244_Nintendo_3DS_2015_Touchscreen_Assembly_Replacement/step07_2.jpg	https://guide-images.cdn.ifixit.com/igi/sGMMyF1aPuMWhByd.large	Tyler Starr	https://www.ifixit.com/Guide/Nintendo+3DS+2015+Touchscreen+Assembly+Replacement/72244
72244	Nintendo 3DS 2015 Touchscreen Assembly Replacement	Nintendo 3DS 2015	7	3	Nintendo_3DS_2015/72244_Nintendo_3DS_2015_Touchscreen_Assembly_Replacement/step07_3.jpg	https://guide-images.cdn.ifixit.com/igi/Belg6kVDhkdqcLH6.large	Tyler Starr	https://www.ifixit.com/Guide/Nintendo+3DS+2015+Touchscreen+Assembly+Replacement/72244
72244	Nintendo 3DS 2015 Touchscreen Assembly Replacement	Nintendo 3DS 2015	8	1	Nintendo_3DS_2015/72244_Nintendo_3DS_2015_Touchscreen_Assembly_Replacement/step08_1.jpg	https://guide-images.cdn.ifixit.com/igi/iwnQ4JSvcKCVReuM.large	Tyler Starr	https://www.ifixit.com/Guide/Nintendo+3DS+2015+Touchscreen+Assembly+Replacement/72244
72244	Nintendo 3DS 2015 Touchscreen Assembly Replacement	Nintendo 3DS 2015	8	2	Nintendo_3DS_2015/72244_Nintendo_3DS_2015_Touchscreen_Assembly_Replacement/step08_2.jpg	https://guide-images.cdn.ifixit.com/igi/SiUVgKAlChdrtcOq.large	Tyler Starr	https://www.ifixit.com/Guide/Nintendo+3DS+2015+Touchscreen+Assembly+Replacement/72244
72244	Nintendo 3DS 2015 Touchscreen Assembly Replacement	Nintendo 3DS 2015	9	1	Nintendo_3DS_2015/72244_Nintendo_3DS_2015_Touchscreen_Assembly_Replacement/step09_1.jpg	https://guide-images.cdn.ifixit.com/igi/UbtGUYKEeGFGUBEC.large	Tyler Starr	https://www.ifixit.com/Guide/Nintendo+3DS+2015+Touchscreen+Assembly+Replacement/72244
72244	Nintendo 3DS 2015 Touchscreen Assembly Replacement	Nintendo 3DS 2015	9	2	Nintendo_3DS_2015/72244_Nintendo_3DS_2015_Touchscreen_Assembly_Replacement/step09_2.jpg	https://guide-images.cdn.ifixit.com/igi/R5A3vyCHkOuXOYoH.large	Tyler Starr	https://www.ifixit.com/Guide/Nintendo+3DS+2015+Touchscreen+Assembly+Replacement/72244
72244	Nintendo 3DS 2015 Touchscreen Assembly Replacement	Nintendo 3DS 2015	9	3	Nintendo_3DS_2015/72244_Nintendo_3DS_2015_Touchscreen_Assembly_Replacement/step09_3.jpg	https://guide-images.cdn.ifixit.com/igi/4Ur2NfIV3MVAbq4o.large	Tyler Starr	https://www.ifixit.com/Guide/Nintendo+3DS+2015+Touchscreen+Assembly+Replacement/72244
72244	Nintendo 3DS 2015 Touchscreen Assembly Replacement	Nintendo 3DS 2015	10	1	Nintendo_3DS_2015/72244_Nintendo_3DS_2015_Touchscreen_Assembly_Replacement/step10_1.jpg	https://guide-images.cdn.ifixit.com/igi/Vfdh1YiweiNjdXhe.large	Tyler Starr	https://www.ifixit.com/Guide/Nintendo+3DS+2015+Touchscreen+Assembly+Replacement/72244
72244	Nintendo 3DS 2015 Touchscreen Assembly Replacement	Nintendo 3DS 2015	10	2	Nintendo_3DS_2015/72244_Nintendo_3DS_2015_Touchscreen_Assembly_Replacement/step10_2.jpg	https://guide-images.cdn.ifixit.com/igi/BCAyTyGsmG4IKpTQ.large	Tyler Starr	https://www.ifixit.com/Guide/Nintendo+3DS+2015+Touchscreen+Assembly+Replacement/72244
72244	Nintendo 3DS 2015 Touchscreen Assembly Replacement	Nintendo 3DS 2015	10	3	Nintendo_3DS_2015/72244_Nintendo_3DS_2015_Touchscreen_Assembly_Replacement/step10_3.jpg	https://guide-images.cdn.ifixit.com/igi/mbZ2RxRioC1PuXOG.large	Tyler Starr	https://www.ifixit.com/Guide/Nintendo+3DS+2015+Touchscreen+Assembly+Replacement/72244
72244	Nintendo 3DS 2015 Touchscreen Assembly Replacement	Nintendo 3DS 2015	11	1	Nintendo_3DS_2015/72244_Nintendo_3DS_2015_Touchscreen_Assembly_Replacement/step11_1.jpg	https://guide-images.cdn.ifixit.com/igi/SAGAXhKGi2Xm6TyR.large	Tyler Starr	https://www.ifixit.com/Guide/Nintendo+3DS+2015+Touchscreen+Assembly+Replacement/72244
72244	Nintendo 3DS 2015 Touchscreen Assembly Replacement	Nintendo 3DS 2015	11	2	Nintendo_3DS_2015/72244_Nintendo_3DS_2015_Touchscreen_Assembly_Replacement/step11_2.jpg	https://guide-images.cdn.ifixit.com/igi/j32HQOkuWHYsDWux.large	Tyler Starr	https://www.ifixit.com/Guide/Nintendo+3DS+2015+Touchscreen+Assembly+Replacement/72244
72244	Nintendo 3DS 2015 Touchscreen Assembly Replacement	Nintendo 3DS 2015	12	1	Nintendo_3DS_2015/72244_Nintendo_3DS_2015_Touchscreen_Assembly_Replacement/step12_1.jpg	https://guide-images.cdn.ifixit.com/igi/OZgvVHW3XMeI5bZ4.large	Tyler Starr	https://www.ifixit.com/Guide/Nintendo+3DS+2015+Touchscreen+Assembly+Replacement/72244
72244	Nintendo 3DS 2015 Touchscreen Assembly Replacement	Nintendo 3DS 2015	12	2	Nintendo_3DS_2015/72244_Nintendo_3DS_2015_Touchscreen_Assembly_Replacement/step12_2.jpg	https://guide-images.cdn.ifixit.com/igi/waJIVDcFkLgXfD4e.large	Tyler Starr	https://www.ifixit.com/Guide/Nintendo+3DS+2015+Touchscreen+Assembly+Replacement/72244
72244	Nintendo 3DS 2015 Touchscreen Assembly Replacement	Nintendo 3DS 2015	13	1	Nintendo_3DS_2015/72244_Nintendo_3DS_2015_Touchscreen_Assembly_Replacement/step13_1.jpg	https://guide-images.cdn.ifixit.com/igi/sXNl3KsEpfwTowoI.large	Tyler Starr	https://www.ifixit.com/Guide/Nintendo+3DS+2015+Touchscreen+Assembly+Replacement/72244
72244	Nintendo 3DS 2015 Touchscreen Assembly Replacement	Nintendo 3DS 2015	13	2	Nintendo_3DS_2015/72244_Nintendo_3DS_2015_Touchscreen_Assembly_Replacement/step13_2.jpg	https://guide-images.cdn.ifixit.com/igi/sKxEmxMogia5G3rt.large	Tyler Starr	https://www.ifixit.com/Guide/Nintendo+3DS+2015+Touchscreen+Assembly+Replacement/72244
72244	Nintendo 3DS 2015 Touchscreen Assembly Replacement	Nintendo 3DS 2015	14	1	Nintendo_3DS_2015/72244_Nintendo_3DS_2015_Touchscreen_Assembly_Replacement/step14_1.jpg	https://guide-images.cdn.ifixit.com/igi/wr6DX4wQu5UD63sF.large	Tyler Starr	https://www.ifixit.com/Guide/Nintendo+3DS+2015+Touchscreen+Assembly+Replacement/72244
72244	Nintendo 3DS 2015 Touchscreen Assembly Replacement	Nintendo 3DS 2015	14	2	Nintendo_3DS_2015/72244_Nintendo_3DS_2015_Touchscreen_Assembly_Replacement/step14_2.jpg	https://guide-images.cdn.ifixit.com/igi/ZaWWZmhNv4ZhtqhY.large	Tyler Starr	https://www.ifixit.com/Guide/Nintendo+3DS+2015+Touchscreen+Assembly+Replacement/72244
72244	Nintendo 3DS 2015 Touchscreen Assembly Replacement	Nintendo 3DS 2015	14	3	Nintendo_3DS_2015/72244_Nintendo_3DS_2015_Touchscreen_Assembly_Replacement/step14_3.jpg	https://guide-images.cdn.ifixit.com/igi/RtouGUG3OjETGPna.large	Tyler Starr	https://www.ifixit.com/Guide/Nintendo+3DS+2015+Touchscreen+Assembly+Replacement/72244
72244	Nintendo 3DS 2015 Touchscreen Assembly Replacement	Nintendo 3DS 2015	15	1	Nintendo_3DS_2015/72244_Nintendo_3DS_2015_Touchscreen_Assembly_Replacement/step15_1.jpg	https://guide-images.cdn.ifixit.com/igi/Uhh4eZKCTjhupucJ.large	Tyler Starr	https://www.ifixit.com/Guide/Nintendo+3DS+2015+Touchscreen+Assembly+Replacement/72244
72244	Nintendo 3DS 2015 Touchscreen Assembly Replacement	Nintendo 3DS 2015	15	2	Nintendo_3DS_2015/72244_Nintendo_3DS_2015_Touchscreen_Assembly_Replacement/step15_2.jpg	https://guide-images.cdn.ifixit.com/igi/RICA1ZDJlSBL2ATy.large	Tyler Starr	https://www.ifixit.com/Guide/Nintendo+3DS+2015+Touchscreen+Assembly+Replacement/72244
72244	Nintendo 3DS 2015 Touchscreen Assembly Replacement	Nintendo 3DS 2015	16	1	Nintendo_3DS_2015/72244_Nintendo_3DS_2015_Touchscreen_Assembly_Replacement/step16_1.jpg	https://guide-images.cdn.ifixit.com/igi/14FjKKe6vIFFAnCo.large	Tyler Starr	https://www.ifixit.com/Guide/Nintendo+3DS+2015+Touchscreen+Assembly+Replacement/72244
72244	Nintendo 3DS 2015 Touchscreen Assembly Replacement	Nintendo 3DS 2015	16	2	Nintendo_3DS_2015/72244_Nintendo_3DS_2015_Touchscreen_Assembly_Replacement/step16_2.jpg	https://guide-images.cdn.ifixit.com/igi/BLKfRucfPWWaqBuG.large	Tyler Starr	https://www.ifixit.com/Guide/Nintendo+3DS+2015+Touchscreen+Assembly+Replacement/72244
72244	Nintendo 3DS 2015 Touchscreen Assembly Replacement	Nintendo 3DS 2015	16	3	Nintendo_3DS_2015/72244_Nintendo_3DS_2015_Touchscreen_Assembly_Replacement/step16_3.jpg	https://guide-images.cdn.ifixit.com/igi/QxHgAZRygH6PN6hW.large	Tyler Starr	https://www.ifixit.com/Guide/Nintendo+3DS+2015+Touchscreen+Assembly+Replacement/72244
72244	Nintendo 3DS 2015 Touchscreen Assembly Replacement	Nintendo 3DS 2015	17	1	Nintendo_3DS_2015/72244_Nintendo_3DS_2015_Touchscreen_Assembly_Replacement/step17_1.jpg	https://guide-images.cdn.ifixit.com/igi/Y1ygnxQWA54oCPbd.large	Tyler Starr	https://www.ifixit.com/Guide/Nintendo+3DS+2015+Touchscreen+Assembly+Replacement/72244
72244	Nintendo 3DS 2015 Touchscreen Assembly Replacement	Nintendo 3DS 2015	17	2	Nintendo_3DS_2015/72244_Nintendo_3DS_2015_Touchscreen_Assembly_Replacement/step17_2.jpg	https://guide-images.cdn.ifixit.com/igi/3lWaORAEThGMSiLo.large	Tyler Starr	https://www.ifixit.com/Guide/Nintendo+3DS+2015+Touchscreen+Assembly+Replacement/72244
72244	Nintendo 3DS 2015 Touchscreen Assembly Replacement	Nintendo 3DS 2015	17	3	Nintendo_3DS_2015/72244_Nintendo_3DS_2015_Touchscreen_Assembly_Replacement/step17_3.jpg	https://guide-images.cdn.ifixit.com/igi/tHjT3gQPNJHVBgYO.large	Tyler Starr	https://www.ifixit.com/Guide/Nintendo+3DS+2015+Touchscreen+Assembly+Replacement/72244
72244	Nintendo 3DS 2015 Touchscreen Assembly Replacement	Nintendo 3DS 2015	18	1	Nintendo_3DS_2015/72244_Nintendo_3DS_2015_Touchscreen_Assembly_Replacement/step18_1.jpg	https://guide-images.cdn.ifixit.com/igi/SAJDRpZpdNqCCrdL.large	Tyler Starr	https://www.ifixit.com/Guide/Nintendo+3DS+2015+Touchscreen+Assembly+Replacement/72244
72244	Nintendo 3DS 2015 Touchscreen Assembly Replacement	Nintendo 3DS 2015	18	2	Nintendo_3DS_2015/72244_Nintendo_3DS_2015_Touchscreen_Assembly_Replacement/step18_2.jpg	https://guide-images.cdn.ifixit.com/igi/cG1CVCSmn1Ccc6Lk.large	Tyler Starr	https://www.ifixit.com/Guide/Nintendo+3DS+2015+Touchscreen+Assembly+Replacement/72244
72244	Nintendo 3DS 2015 Touchscreen Assembly Replacement	Nintendo 3DS 2015	19	1	Nintendo_3DS_2015/72244_Nintendo_3DS_2015_Touchscreen_Assembly_Replacement/step19_1.jpg	https://guide-images.cdn.ifixit.com/igi/ZTxYxoVWwsGoacIa.large	Tyler Starr	https://www.ifixit.com/Guide/Nintendo+3DS+2015+Touchscreen+Assembly+Replacement/72244
72244	Nintendo 3DS 2015 Touchscreen Assembly Replacement	Nintendo 3DS 2015	19	2	Nintendo_3DS_2015/72244_Nintendo_3DS_2015_Touchscreen_Assembly_Replacement/step19_2.jpg	https://guide-images.cdn.ifixit.com/igi/ELgnBoPbBymXKNvk.large	Tyler Starr	https://www.ifixit.com/Guide/Nintendo+3DS+2015+Touchscreen+Assembly+Replacement/72244
72288	Nintendo 3DS 2015 Motherboard Replacement	Nintendo 3DS 2015	1	1	Nintendo_3DS_2015/72288_Nintendo_3DS_2015_Motherboard_Replacement/step01_1.jpg	https://guide-images.cdn.ifixit.com/igi/RHSiD64Y5wNXRkGt.large	Tyler Starr	https://www.ifixit.com/Guide/Nintendo+3DS+2015+Motherboard+Replacement/72288
72288	Nintendo 3DS 2015 Motherboard Replacement	Nintendo 3DS 2015	2	1	Nintendo_3DS_2015/72288_Nintendo_3DS_2015_Motherboard_Replacement/step02_1.jpg	https://guide-images.cdn.ifixit.com/igi/pyUg6nSkGDKVCP3O.large	Tyler Starr	https://www.ifixit.com/Guide/Nintendo+3DS+2015+Motherboard+Replacement/72288
72288	Nintendo 3DS 2015 Motherboard Replacement	Nintendo 3DS 2015	2	2	Nintendo_3DS_2015/72288_Nintendo_3DS_2015_Motherboard_Replacement/step02_2.jpg	https://guide-images.cdn.ifixit.com/igi/kOxjUY5qGoETmTkf.large	Tyler Starr	https://www.ifixit.com/Guide/Nintendo+3DS+2015+Motherboard+Replacement/72288
72288	Nintendo 3DS 2015 Motherboard Replacement	Nintendo 3DS 2015	3	1	Nintendo_3DS_2015/72288_Nintendo_3DS_2015_Motherboard_Replacement/step03_1.jpg	https://guide-images.cdn.ifixit.com/igi/IIi1SwaGDQqyIPpg.large	Tyler Starr	https://www.ifixit.com/Guide/Nintendo+3DS+2015+Motherboard+Replacement/72288
72288	Nintendo 3DS 2015 Motherboard Replacement	Nintendo 3DS 2015	3	2	Nintendo_3DS_2015/72288_Nintendo_3DS_2015_Motherboard_Replacement/step03_2.jpg	https://guide-images.cdn.ifixit.com/igi/PARFKZinVRBM4rsM.large	Tyler Starr	https://www.ifixit.com/Guide/Nintendo+3DS+2015+Motherboard+Replacement/72288
72288	Nintendo 3DS 2015 Motherboard Replacement	Nintendo 3DS 2015	3	3	Nintendo_3DS_2015/72288_Nintendo_3DS_2015_Motherboard_Replacement/step03_3.jpg	https://guide-images.cdn.ifixit.com/igi/YNIIJ4jiaWmyWtlG.large	Tyler Starr	https://www.ifixit.com/Guide/Nintendo+3DS+2015+Motherboard+Replacement/72288
72288	Nintendo 3DS 2015 Motherboard Replacement	Nintendo 3DS 2015	4	1	Nintendo_3DS_2015/72288_Nintendo_3DS_2015_Motherboard_Replacement/step04_1.jpg	https://guide-images.cdn.ifixit.com/igi/hcFYj1TArfneoJqY.large	Tyler Starr	https://www.ifixit.com/Guide/Nintendo+3DS+2015+Motherboard+Replacement/72288
72288	Nintendo 3DS 2015 Motherboard Replacement	Nintendo 3DS 2015	5	1	Nintendo_3DS_2015/72288_Nintendo_3DS_2015_Motherboard_Replacement/step05_1.jpg	https://guide-images.cdn.ifixit.com/igi/WcQtiVnntpunAVvu.large	Tyler Starr	https://www.ifixit.com/Guide/Nintendo+3DS+2015+Motherboard+Replacement/72288
72288	Nintendo 3DS 2015 Motherboard Replacement	Nintendo 3DS 2015	6	1	Nintendo_3DS_2015/72288_Nintendo_3DS_2015_Motherboard_Replacement/step06_1.jpg	https://guide-images.cdn.ifixit.com/igi/WRckhfKBMm2mkIsJ.large	Tyler Starr	https://www.ifixit.com/Guide/Nintendo+3DS+2015+Motherboard+Replacement/72288
72288	Nintendo 3DS 2015 Motherboard Replacement	Nintendo 3DS 2015	6	2	Nintendo_3DS_2015/72288_Nintendo_3DS_2015_Motherboard_Replacement/step06_2.jpg	https://guide-images.cdn.ifixit.com/igi/cGAFg3mXyeQf3Xno.large	Tyler Starr	https://www.ifixit.com/Guide/Nintendo+3DS+2015+Motherboard+Replacement/72288
72288	Nintendo 3DS 2015 Motherboard Replacement	Nintendo 3DS 2015	7	1	Nintendo_3DS_2015/72288_Nintendo_3DS_2015_Motherboard_Replacement/step07_1.jpg	https://guide-images.cdn.ifixit.com/igi/Y1MLbjyP66F2bVlX.large	Tyler Starr	https://www.ifixit.com/Guide/Nintendo+3DS+2015+Motherboard+Replacement/72288
72288	Nintendo 3DS 2015 Motherboard Replacement	Nintendo 3DS 2015	7	2	Nintendo_3DS_2015/72288_Nintendo_3DS_2015_Motherboard_Replacement/step07_2.jpg	https://guide-images.cdn.ifixit.com/igi/sGMMyF1aPuMWhByd.large	Tyler Starr	https://www.ifixit.com/Guide/Nintendo+3DS+2015+Motherboard+Replacement/72288
72288	Nintendo 3DS 2015 Motherboard Replacement	Nintendo 3DS 2015	7	3	Nintendo_3DS_2015/72288_Nintendo_3DS_2015_Motherboard_Replacement/step07_3.jpg	https://guide-images.cdn.ifixit.com/igi/Belg6kVDhkdqcLH6.large	Tyler Starr	https://www.ifixit.com/Guide/Nintendo+3DS+2015+Motherboard+Replacement/72288
72288	Nintendo 3DS 2015 Motherboard Replacement	Nintendo 3DS 2015	8	1	Nintendo_3DS_2015/72288_Nintendo_3DS_2015_Motherboard_Replacement/step08_1.jpg	https://guide-images.cdn.ifixit.com/igi/iwnQ4JSvcKCVReuM.large	Tyler Starr	https://www.ifixit.com/Guide/Nintendo+3DS+2015+Motherboard+Replacement/72288
72288	Nintendo 3DS 2015 Motherboard Replacement	Nintendo 3DS 2015	8	2	Nintendo_3DS_2015/72288_Nintendo_3DS_2015_Motherboard_Replacement/step08_2.jpg	https://guide-images.cdn.ifixit.com/igi/SiUVgKAlChdrtcOq.large	Tyler Starr	https://www.ifixit.com/Guide/Nintendo+3DS+2015+Motherboard+Replacement/72288
72288	Nintendo 3DS 2015 Motherboard Replacement	Nintendo 3DS 2015	9	1	Nintendo_3DS_2015/72288_Nintendo_3DS_2015_Motherboard_Replacement/step09_1.jpg	https://guide-images.cdn.ifixit.com/igi/UbtGUYKEeGFGUBEC.large	Tyler Starr	https://www.ifixit.com/Guide/Nintendo+3DS+2015+Motherboard+Replacement/72288
72288	Nintendo 3DS 2015 Motherboard Replacement	Nintendo 3DS 2015	9	2	Nintendo_3DS_2015/72288_Nintendo_3DS_2015_Motherboard_Replacement/step09_2.jpg	https://guide-images.cdn.ifixit.com/igi/R5A3vyCHkOuXOYoH.large	Tyler Starr	https://www.ifixit.com/Guide/Nintendo+3DS+2015+Motherboard+Replacement/72288
72288	Nintendo 3DS 2015 Motherboard Replacement	Nintendo 3DS 2015	9	3	Nintendo_3DS_2015/72288_Nintendo_3DS_2015_Motherboard_Replacement/step09_3.jpg	https://guide-images.cdn.ifixit.com/igi/4Ur2NfIV3MVAbq4o.large	Tyler Starr	https://www.ifixit.com/Guide/Nintendo+3DS+2015+Motherboard+Replacement/72288
72288	Nintendo 3DS 2015 Motherboard Replacement	Nintendo 3DS 2015	10	1	Nintendo_3DS_2015/72288_Nintendo_3DS_2015_Motherboard_Replacement/step10_1.jpg	https://guide-images.cdn.ifixit.com/igi/Vfdh1YiweiNjdXhe.large	Tyler Starr	https://www.ifixit.com/Guide/Nintendo+3DS+2015+Motherboard+Replacement/72288
72288	Nintendo 3DS 2015 Motherboard Replacement	Nintendo 3DS 2015	10	2	Nintendo_3DS_2015/72288_Nintendo_3DS_2015_Motherboard_Replacement/step10_2.jpg	https://guide-images.cdn.ifixit.com/igi/BCAyTyGsmG4IKpTQ.large	Tyler Starr	https://www.ifixit.com/Guide/Nintendo+3DS+2015+Motherboard+Replacement/72288
72288	Nintendo 3DS 2015 Motherboard Replacement	Nintendo 3DS 2015	10	3	Nintendo_3DS_2015/72288_Nintendo_3DS_2015_Motherboard_Replacement/step10_3.jpg	https://guide-images.cdn.ifixit.com/igi/mbZ2RxRioC1PuXOG.large	Tyler Starr	https://www.ifixit.com/Guide/Nintendo+3DS+2015+Motherboard+Replacement/72288
72288	Nintendo 3DS 2015 Motherboard Replacement	Nintendo 3DS 2015	11	1	Nintendo_3DS_2015/72288_Nintendo_3DS_2015_Motherboard_Replacement/step11_1.jpg	https://guide-images.cdn.ifixit.com/igi/SAGAXhKGi2Xm6TyR.large	Tyler Starr	https://www.ifixit.com/Guide/Nintendo+3DS+2015+Motherboard+Replacement/72288
72288	Nintendo 3DS 2015 Motherboard Replacement	Nintendo 3DS 2015	11	2	Nintendo_3DS_2015/72288_Nintendo_3DS_2015_Motherboard_Replacement/step11_2.jpg	https://guide-images.cdn.ifixit.com/igi/j32HQOkuWHYsDWux.large	Tyler Starr	https://www.ifixit.com/Guide/Nintendo+3DS+2015+Motherboard+Replacement/72288
72288	Nintendo 3DS 2015 Motherboard Replacement	Nintendo 3DS 2015	12	1	Nintendo_3DS_2015/72288_Nintendo_3DS_2015_Motherboard_Replacement/step12_1.jpg	https://guide-images.cdn.ifixit.com/igi/wr6DX4wQu5UD63sF.large	Tyler Starr	https://www.ifixit.com/Guide/Nintendo+3DS+2015+Motherboard+Replacement/72288
72288	Nintendo 3DS 2015 Motherboard Replacement	Nintendo 3DS 2015	12	2	Nintendo_3DS_2015/72288_Nintendo_3DS_2015_Motherboard_Replacement/step12_2.jpg	https://guide-images.cdn.ifixit.com/igi/ZaWWZmhNv4ZhtqhY.large	Tyler Starr	https://www.ifixit.com/Guide/Nintendo+3DS+2015+Motherboard+Replacement/72288
72288	Nintendo 3DS 2015 Motherboard Replacement	Nintendo 3DS 2015	12	3	Nintendo_3DS_2015/72288_Nintendo_3DS_2015_Motherboard_Replacement/step12_3.jpg	https://guide-images.cdn.ifixit.com/igi/RtouGUG3OjETGPna.large	Tyler Starr	https://www.ifixit.com/Guide/Nintendo+3DS+2015+Motherboard+Replacement/72288
72288	Nintendo 3DS 2015 Motherboard Replacement	Nintendo 3DS 2015	13	1	Nintendo_3DS_2015/72288_Nintendo_3DS_2015_Motherboard_Replacement/step13_1.jpg	https://guide-images.cdn.ifixit.com/igi/Uhh4eZKCTjhupucJ.large	Tyler Starr	https://www.ifixit.com/Guide/Nintendo+3DS+2015+Motherboard+Replacement/72288
72288	Nintendo 3DS 2015 Motherboard Replacement	Nintendo 3DS 2015	13	2	Nintendo_3DS_2015/72288_Nintendo_3DS_2015_Motherboard_Replacement/step13_2.jpg	https://guide-images.cdn.ifixit.com/igi/RICA1ZDJlSBL2ATy.large	Tyler Starr	https://www.ifixit.com/Guide/Nintendo+3DS+2015+Motherboard+Replacement/72288
72288	Nintendo 3DS 2015 Motherboard Replacement	Nintendo 3DS 2015	14	1	Nintendo_3DS_2015/72288_Nintendo_3DS_2015_Motherboard_Replacement/step14_1.jpg	https://guide-images.cdn.ifixit.com/igi/14FjKKe6vIFFAnCo.large	Tyler Starr	https://www.ifixit.com/Guide/Nintendo+3DS+2015+Motherboard+Replacement/72288
72288	Nintendo 3DS 2015 Motherboard Replacement	Nintendo 3DS 2015	14	2	Nintendo_3DS_2015/72288_Nintendo_3DS_2015_Motherboard_Replacement/step14_2.jpg	https://guide-images.cdn.ifixit.com/igi/BLKfRucfPWWaqBuG.large	Tyler Starr	https://www.ifixit.com/Guide/Nintendo+3DS+2015+Motherboard+Replacement/72288
72288	Nintendo 3DS 2015 Motherboard Replacement	Nintendo 3DS 2015	14	3	Nintendo_3DS_2015/72288_Nintendo_3DS_2015_Motherboard_Replacement/step14_3.jpg	https://guide-images.cdn.ifixit.com/igi/QxHgAZRygH6PN6hW.large	Tyler Starr	https://www.ifixit.com/Guide/Nintendo+3DS+2015+Motherboard+Replacement/72288
72288	Nintendo 3DS 2015 Motherboard Replacement	Nintendo 3DS 2015	15	1	Nintendo_3DS_2015/72288_Nintendo_3DS_2015_Motherboard_Replacement/step15_1.jpg	https://guide-images.cdn.ifixit.com/igi/Y1ygnxQWA54oCPbd.large	Tyler Starr	https://www.ifixit.com/Guide/Nintendo+3DS+2015+Motherboard+Replacement/72288
72288	Nintendo 3DS 2015 Motherboard Replacement	Nintendo 3DS 2015	15	2	Nintendo_3DS_2015/72288_Nintendo_3DS_2015_Motherboard_Replacement/step15_2.jpg	https://guide-images.cdn.ifixit.com/igi/3lWaORAEThGMSiLo.large	Tyler Starr	https://www.ifixit.com/Guide/Nintendo+3DS+2015+Motherboard+Replacement/72288
72288	Nintendo 3DS 2015 Motherboard Replacement	Nintendo 3DS 2015	15	3	Nintendo_3DS_2015/72288_Nintendo_3DS_2015_Motherboard_Replacement/step15_3.jpg	https://guide-images.cdn.ifixit.com/igi/tHjT3gQPNJHVBgYO.large	Tyler Starr	https://www.ifixit.com/Guide/Nintendo+3DS+2015+Motherboard+Replacement/72288
72302	Nintendo 3DS 2015 C-Stick Replacement	Nintendo 3DS 2015	1	1	Nintendo_3DS_2015/72302_Nintendo_3DS_2015_C-Stick_Replacement/step01_1.jpg	https://guide-images.cdn.ifixit.com/igi/RHSiD64Y5wNXRkGt.large	Tyler Starr	https://www.ifixit.com/Guide/Nintendo+3DS+2015+C-Stick+Replacement/72302
72302	Nintendo 3DS 2015 C-Stick Replacement	Nintendo 3DS 2015	2	1	Nintendo_3DS_2015/72302_Nintendo_3DS_2015_C-Stick_Replacement/step02_1.jpg	https://guide-images.cdn.ifixit.com/igi/pyUg6nSkGDKVCP3O.large	Tyler Starr	https://www.ifixit.com/Guide/Nintendo+3DS+2015+C-Stick+Replacement/72302
72302	Nintendo 3DS 2015 C-Stick Replacement	Nintendo 3DS 2015	2	2	Nintendo_3DS_2015/72302_Nintendo_3DS_2015_C-Stick_Replacement/step02_2.jpg	https://guide-images.cdn.ifixit.com/igi/kOxjUY5qGoETmTkf.large	Tyler Starr	https://www.ifixit.com/Guide/Nintendo+3DS+2015+C-Stick+Replacement/72302
72302	Nintendo 3DS 2015 C-Stick Replacement	Nintendo 3DS 2015	3	1	Nintendo_3DS_2015/72302_Nintendo_3DS_2015_C-Stick_Replacement/step03_1.jpg	https://guide-images.cdn.ifixit.com/igi/IIi1SwaGDQqyIPpg.large	Tyler Starr	https://www.ifixit.com/Guide/Nintendo+3DS+2015+C-Stick+Replacement/72302
72302	Nintendo 3DS 2015 C-Stick Replacement	Nintendo 3DS 2015	3	2	Nintendo_3DS_2015/72302_Nintendo_3DS_2015_C-Stick_Replacement/step03_2.jpg	https://guide-images.cdn.ifixit.com/igi/PARFKZinVRBM4rsM.large	Tyler Starr	https://www.ifixit.com/Guide/Nintendo+3DS+2015+C-Stick+Replacement/72302
72302	Nintendo 3DS 2015 C-Stick Replacement	Nintendo 3DS 2015	3	3	Nintendo_3DS_2015/72302_Nintendo_3DS_2015_C-Stick_Replacement/step03_3.jpg	https://guide-images.cdn.ifixit.com/igi/YNIIJ4jiaWmyWtlG.large	Tyler Starr	https://www.ifixit.com/Guide/Nintendo+3DS+2015+C-Stick+Replacement/72302
72302	Nintendo 3DS 2015 C-Stick Replacement	Nintendo 3DS 2015	4	1	Nintendo_3DS_2015/72302_Nintendo_3DS_2015_C-Stick_Replacement/step04_1.jpg	https://guide-images.cdn.ifixit.com/igi/hcFYj1TArfneoJqY.large	Tyler Starr	https://www.ifixit.com/Guide/Nintendo+3DS+2015+C-Stick+Replacement/72302
72302	Nintendo 3DS 2015 C-Stick Replacement	Nintendo 3DS 2015	5	1	Nintendo_3DS_2015/72302_Nintendo_3DS_2015_C-Stick_Replacement/step05_1.jpg	https://guide-images.cdn.ifixit.com/igi/WcQtiVnntpunAVvu.large	Tyler Starr	https://www.ifixit.com/Guide/Nintendo+3DS+2015+C-Stick+Replacement/72302
72302	Nintendo 3DS 2015 C-Stick Replacement	Nintendo 3DS 2015	6	1	Nintendo_3DS_2015/72302_Nintendo_3DS_2015_C-Stick_Replacement/step06_1.jpg	https://guide-images.cdn.ifixit.com/igi/WRckhfKBMm2mkIsJ.large	Tyler Starr	https://www.ifixit.com/Guide/Nintendo+3DS+2015+C-Stick+Replacement/72302
72302	Nintendo 3DS 2015 C-Stick Replacement	Nintendo 3DS 2015	6	2	Nintendo_3DS_2015/72302_Nintendo_3DS_2015_C-Stick_Replacement/step06_2.jpg	https://guide-images.cdn.ifixit.com/igi/cGAFg3mXyeQf3Xno.large	Tyler Starr	https://www.ifixit.com/Guide/Nintendo+3DS+2015+C-Stick+Replacement/72302
72302	Nintendo 3DS 2015 C-Stick Replacement	Nintendo 3DS 2015	7	1	Nintendo_3DS_2015/72302_Nintendo_3DS_2015_C-Stick_Replacement/step07_1.jpg	https://guide-images.cdn.ifixit.com/igi/Y1MLbjyP66F2bVlX.large	Tyler Starr	https://www.ifixit.com/Guide/Nintendo+3DS+2015+C-Stick+Replacement/72302
72302	Nintendo 3DS 2015 C-Stick Replacement	Nintendo 3DS 2015	7	2	Nintendo_3DS_2015/72302_Nintendo_3DS_2015_C-Stick_Replacement/step07_2.jpg	https://guide-images.cdn.ifixit.com/igi/sGMMyF1aPuMWhByd.large	Tyler Starr	https://www.ifixit.com/Guide/Nintendo+3DS+2015+C-Stick+Replacement/72302
72302	Nintendo 3DS 2015 C-Stick Replacement	Nintendo 3DS 2015	7	3	Nintendo_3DS_2015/72302_Nintendo_3DS_2015_C-Stick_Replacement/step07_3.jpg	https://guide-images.cdn.ifixit.com/igi/Belg6kVDhkdqcLH6.large	Tyler Starr	https://www.ifixit.com/Guide/Nintendo+3DS+2015+C-Stick+Replacement/72302
72302	Nintendo 3DS 2015 C-Stick Replacement	Nintendo 3DS 2015	8	1	Nintendo_3DS_2015/72302_Nintendo_3DS_2015_C-Stick_Replacement/step08_1.jpg	https://guide-images.cdn.ifixit.com/igi/iwnQ4JSvcKCVReuM.large	Tyler Starr	https://www.ifixit.com/Guide/Nintendo+3DS+2015+C-Stick+Replacement/72302
72302	Nintendo 3DS 2015 C-Stick Replacement	Nintendo 3DS 2015	8	2	Nintendo_3DS_2015/72302_Nintendo_3DS_2015_C-Stick_Replacement/step08_2.jpg	https://guide-images.cdn.ifixit.com/igi/SiUVgKAlChdrtcOq.large	Tyler Starr	https://www.ifixit.com/Guide/Nintendo+3DS+2015+C-Stick+Replacement/72302
72302	Nintendo 3DS 2015 C-Stick Replacement	Nintendo 3DS 2015	9	1	Nintendo_3DS_2015/72302_Nintendo_3DS_2015_C-Stick_Replacement/step09_1.jpg	https://guide-images.cdn.ifixit.com/igi/UbtGUYKEeGFGUBEC.large	Tyler Starr	https://www.ifixit.com/Guide/Nintendo+3DS+2015+C-Stick+Replacement/72302
72302	Nintendo 3DS 2015 C-Stick Replacement	Nintendo 3DS 2015	9	2	Nintendo_3DS_2015/72302_Nintendo_3DS_2015_C-Stick_Replacement/step09_2.jpg	https://guide-images.cdn.ifixit.com/igi/R5A3vyCHkOuXOYoH.large	Tyler Starr	https://www.ifixit.com/Guide/Nintendo+3DS+2015+C-Stick+Replacement/72302
72302	Nintendo 3DS 2015 C-Stick Replacement	Nintendo 3DS 2015	9	3	Nintendo_3DS_2015/72302_Nintendo_3DS_2015_C-Stick_Replacement/step09_3.jpg	https://guide-images.cdn.ifixit.com/igi/4Ur2NfIV3MVAbq4o.large	Tyler Starr	https://www.ifixit.com/Guide/Nintendo+3DS+2015+C-Stick+Replacement/72302
72302	Nintendo 3DS 2015 C-Stick Replacement	Nintendo 3DS 2015	10	1	Nintendo_3DS_2015/72302_Nintendo_3DS_2015_C-Stick_Replacement/step10_1.jpg	https://guide-images.cdn.ifixit.com/igi/EMMfUsmnYqjTPgXb.large	Tyler Starr	https://www.ifixit.com/Guide/Nintendo+3DS+2015+C-Stick+Replacement/72302
72302	Nintendo 3DS 2015 C-Stick Replacement	Nintendo 3DS 2015	11	1	Nintendo_3DS_2015/72302_Nintendo_3DS_2015_C-Stick_Replacement/step11_1.jpg	https://guide-images.cdn.ifixit.com/igi/XiuxHr1ONMfcAVRd.large	Tyler Starr	https://www.ifixit.com/Guide/Nintendo+3DS+2015+C-Stick+Replacement/72302
72302	Nintendo 3DS 2015 C-Stick Replacement	Nintendo 3DS 2015	11	2	Nintendo_3DS_2015/72302_Nintendo_3DS_2015_C-Stick_Replacement/step11_2.jpg	https://guide-images.cdn.ifixit.com/igi/HmYMDak22lwLpTMn.large	Tyler Starr	https://www.ifixit.com/Guide/Nintendo+3DS+2015+C-Stick+Replacement/72302
72302	Nintendo 3DS 2015 C-Stick Replacement	Nintendo 3DS 2015	11	3	Nintendo_3DS_2015/72302_Nintendo_3DS_2015_C-Stick_Replacement/step11_3.jpg	https://guide-images.cdn.ifixit.com/igi/wTiRvLfSLKKWDK6u.large	Tyler Starr	https://www.ifixit.com/Guide/Nintendo+3DS+2015+C-Stick+Replacement/72302
72302	Nintendo 3DS 2015 C-Stick Replacement	Nintendo 3DS 2015	12	1	Nintendo_3DS_2015/72302_Nintendo_3DS_2015_C-Stick_Replacement/step12_1.jpg	https://guide-images.cdn.ifixit.com/igi/D5sYlPoSZrvxpUgZ.large	Tyler Starr	https://www.ifixit.com/Guide/Nintendo+3DS+2015+C-Stick+Replacement/72302
72302	Nintendo 3DS 2015 C-Stick Replacement	Nintendo 3DS 2015	12	2	Nintendo_3DS_2015/72302_Nintendo_3DS_2015_C-Stick_Replacement/step12_2.jpg	https://guide-images.cdn.ifixit.com/igi/epsxbglrCkjgLYCm.large	Tyler Starr	https://www.ifixit.com/Guide/Nintendo+3DS+2015+C-Stick+Replacement/72302
72302	Nintendo 3DS 2015 C-Stick Replacement	Nintendo 3DS 2015	13	1	Nintendo_3DS_2015/72302_Nintendo_3DS_2015_C-Stick_Replacement/step13_1.jpg	https://guide-images.cdn.ifixit.com/igi/XaLHrvLQwEOWraFd.large	Tyler Starr	https://www.ifixit.com/Guide/Nintendo+3DS+2015+C-Stick+Replacement/72302
72302	Nintendo 3DS 2015 C-Stick Replacement	Nintendo 3DS 2015	13	2	Nintendo_3DS_2015/72302_Nintendo_3DS_2015_C-Stick_Replacement/step13_2.jpg	https://guide-images.cdn.ifixit.com/igi/LMoLqOn1vxTlJk5P.large	Tyler Starr	https://www.ifixit.com/Guide/Nintendo+3DS+2015+C-Stick+Replacement/72302
72576	Nintendo 3DS Charger port Replacement	Nintendo 3DS	1	1	Nintendo_3DS/72576_Nintendo_3DS_Charger_port_Replacement/step01_1.jpg	https://guide-images.cdn.ifixit.com/igi/dKl2BDEob6vvkWbm.large	Kaylee Morton	https://www.ifixit.com/Guide/Nintendo+3DS+Charger+port+Replacement/72576
72576	Nintendo 3DS Charger port Replacement	Nintendo 3DS	2	1	Nintendo_3DS/72576_Nintendo_3DS_Charger_port_Replacement/step02_1.jpg	https://guide-images.cdn.ifixit.com/igi/BiqRFqIpwTZGHLNe.large	Kaylee Morton	https://www.ifixit.com/Guide/Nintendo+3DS+Charger+port+Replacement/72576
72576	Nintendo 3DS Charger port Replacement	Nintendo 3DS	3	1	Nintendo_3DS/72576_Nintendo_3DS_Charger_port_Replacement/step03_1.jpg	https://guide-images.cdn.ifixit.com/igi/NThSHC6XkQYuvABI.large	Kaylee Morton	https://www.ifixit.com/Guide/Nintendo+3DS+Charger+port+Replacement/72576
72576	Nintendo 3DS Charger port Replacement	Nintendo 3DS	4	1	Nintendo_3DS/72576_Nintendo_3DS_Charger_port_Replacement/step04_1.jpg	https://guide-images.cdn.ifixit.com/igi/IcWR2yV5nfL3gJXc.large	Kaylee Morton	https://www.ifixit.com/Guide/Nintendo+3DS+Charger+port+Replacement/72576
72576	Nintendo 3DS Charger port Replacement	Nintendo 3DS	5	1	Nintendo_3DS/72576_Nintendo_3DS_Charger_port_Replacement/step05_1.jpg	https://guide-images.cdn.ifixit.com/igi/XHAHQ66QqsaqEuxe.large	Kaylee Morton	https://www.ifixit.com/Guide/Nintendo+3DS+Charger+port+Replacement/72576
72576	Nintendo 3DS Charger port Replacement	Nintendo 3DS	6	1	Nintendo_3DS/72576_Nintendo_3DS_Charger_port_Replacement/step06_1.jpg	https://guide-images.cdn.ifixit.com/igi/1jSvSnQDFELCRpk4.large	Kaylee Morton	https://www.ifixit.com/Guide/Nintendo+3DS+Charger+port+Replacement/72576
72576	Nintendo 3DS Charger port Replacement	Nintendo 3DS	7	1	Nintendo_3DS/72576_Nintendo_3DS_Charger_port_Replacement/step07_1.jpg	https://guide-images.cdn.ifixit.com/igi/RcWP3j5pXYfZrmSI.large	Kaylee Morton	https://www.ifixit.com/Guide/Nintendo+3DS+Charger+port+Replacement/72576
72576	Nintendo 3DS Charger port Replacement	Nintendo 3DS	8	1	Nintendo_3DS/72576_Nintendo_3DS_Charger_port_Replacement/step08_1.jpg	https://guide-images.cdn.ifixit.com/igi/naL2DPBRTlP1Rgpn.large	Kaylee Morton	https://www.ifixit.com/Guide/Nintendo+3DS+Charger+port+Replacement/72576
72576	Nintendo 3DS Charger port Replacement	Nintendo 3DS	9	1	Nintendo_3DS/72576_Nintendo_3DS_Charger_port_Replacement/step09_1.jpg	https://guide-images.cdn.ifixit.com/igi/53VWXYIpFPQNUkPV.large	Kaylee Morton	https://www.ifixit.com/Guide/Nintendo+3DS+Charger+port+Replacement/72576
72614	New Nintendo 3DS XL 2015 Top Display Casing Replacement	Nintendo 3DS XL 2015	1	1	Nintendo_3DS_XL_2015/72614_New_Nintendo_3DS_XL_2015_Top_Display_Casing_Replacement/step01_1.jpg	https://guide-images.cdn.ifixit.com/igi/klktHCVYwld2jPbu.large	Ryan Butler	https://www.ifixit.com/Guide/New+Nintendo+3DS+XL+2015+Top+Display+Casing+Replacement/72614
72614	New Nintendo 3DS XL 2015 Top Display Casing Replacement	Nintendo 3DS XL 2015	2	1	Nintendo_3DS_XL_2015/72614_New_Nintendo_3DS_XL_2015_Top_Display_Casing_Replacement/step02_1.jpg	https://guide-images.cdn.ifixit.com/igi/ItsctXxYnpWHaGbE.large	Ryan Butler	https://www.ifixit.com/Guide/New+Nintendo+3DS+XL+2015+Top+Display+Casing+Replacement/72614
72614	New Nintendo 3DS XL 2015 Top Display Casing Replacement	Nintendo 3DS XL 2015	3	1	Nintendo_3DS_XL_2015/72614_New_Nintendo_3DS_XL_2015_Top_Display_Casing_Replacement/step03_1.jpg	https://guide-images.cdn.ifixit.com/igi/DQAtfmJFRLFufoBV.large	Ryan Butler	https://www.ifixit.com/Guide/New+Nintendo+3DS+XL+2015+Top+Display+Casing+Replacement/72614
72614	New Nintendo 3DS XL 2015 Top Display Casing Replacement	Nintendo 3DS XL 2015	4	1	Nintendo_3DS_XL_2015/72614_New_Nintendo_3DS_XL_2015_Top_Display_Casing_Replacement/step04_1.jpg	https://guide-images.cdn.ifixit.com/igi/OrrGelvrQqNI2rLT.large	Ryan Butler	https://www.ifixit.com/Guide/New+Nintendo+3DS+XL+2015+Top+Display+Casing+Replacement/72614
72614	New Nintendo 3DS XL 2015 Top Display Casing Replacement	Nintendo 3DS XL 2015	5	1	Nintendo_3DS_XL_2015/72614_New_Nintendo_3DS_XL_2015_Top_Display_Casing_Replacement/step05_1.jpg	https://guide-images.cdn.ifixit.com/igi/nA1r6ODtyWGMYps3.large	Ryan Butler	https://www.ifixit.com/Guide/New+Nintendo+3DS+XL+2015+Top+Display+Casing+Replacement/72614
72614	New Nintendo 3DS XL 2015 Top Display Casing Replacement	Nintendo 3DS XL 2015	5	2	Nintendo_3DS_XL_2015/72614_New_Nintendo_3DS_XL_2015_Top_Display_Casing_Replacement/step05_2.jpg	https://guide-images.cdn.ifixit.com/igi/nCgM35SfWxS1LjiY.large	Ryan Butler	https://www.ifixit.com/Guide/New+Nintendo+3DS+XL+2015+Top+Display+Casing+Replacement/72614
72614	New Nintendo 3DS XL 2015 Top Display Casing Replacement	Nintendo 3DS XL 2015	6	1	Nintendo_3DS_XL_2015/72614_New_Nintendo_3DS_XL_2015_Top_Display_Casing_Replacement/step06_1.jpg	https://guide-images.cdn.ifixit.com/igi/TIvcQXdAyYfU4Wmr.large	Ryan Butler	https://www.ifixit.com/Guide/New+Nintendo+3DS+XL+2015+Top+Display+Casing+Replacement/72614
72614	New Nintendo 3DS XL 2015 Top Display Casing Replacement	Nintendo 3DS XL 2015	6	2	Nintendo_3DS_XL_2015/72614_New_Nintendo_3DS_XL_2015_Top_Display_Casing_Replacement/step06_2.jpg	https://guide-images.cdn.ifixit.com/igi/cYC5WckASmECvUYI.large	Ryan Butler	https://www.ifixit.com/Guide/New+Nintendo+3DS+XL+2015+Top+Display+Casing+Replacement/72614
72614	New Nintendo 3DS XL 2015 Top Display Casing Replacement	Nintendo 3DS XL 2015	7	1	Nintendo_3DS_XL_2015/72614_New_Nintendo_3DS_XL_2015_Top_Display_Casing_Replacement/step07_1.jpg	https://guide-images.cdn.ifixit.com/igi/f6rD1CPNdGOToTKX.large	Ryan Butler	https://www.ifixit.com/Guide/New+Nintendo+3DS+XL+2015+Top+Display+Casing+Replacement/72614
72614	New Nintendo 3DS XL 2015 Top Display Casing Replacement	Nintendo 3DS XL 2015	7	2	Nintendo_3DS_XL_2015/72614_New_Nintendo_3DS_XL_2015_Top_Display_Casing_Replacement/step07_2.jpg	https://guide-images.cdn.ifixit.com/igi/bbMdjgHakC1Dwoaj.large	Ryan Butler	https://www.ifixit.com/Guide/New+Nintendo+3DS+XL+2015+Top+Display+Casing+Replacement/72614
72614	New Nintendo 3DS XL 2015 Top Display Casing Replacement	Nintendo 3DS XL 2015	7	3	Nintendo_3DS_XL_2015/72614_New_Nintendo_3DS_XL_2015_Top_Display_Casing_Replacement/step07_3.jpg	https://guide-images.cdn.ifixit.com/igi/uu3sQZEE1DPIQHWU.large	Ryan Butler	https://www.ifixit.com/Guide/New+Nintendo+3DS+XL+2015+Top+Display+Casing+Replacement/72614
72614	New Nintendo 3DS XL 2015 Top Display Casing Replacement	Nintendo 3DS XL 2015	8	1	Nintendo_3DS_XL_2015/72614_New_Nintendo_3DS_XL_2015_Top_Display_Casing_Replacement/step08_1.jpg	https://guide-images.cdn.ifixit.com/igi/qB2QkMgZUY13Oebv.large	Ryan Butler	https://www.ifixit.com/Guide/New+Nintendo+3DS+XL+2015+Top+Display+Casing+Replacement/72614
72614	New Nintendo 3DS XL 2015 Top Display Casing Replacement	Nintendo 3DS XL 2015	9	1	Nintendo_3DS_XL_2015/72614_New_Nintendo_3DS_XL_2015_Top_Display_Casing_Replacement/step09_1.jpg	https://guide-images.cdn.ifixit.com/igi/4iBjfT6EbMXjfUP1.large	Ryan Butler	https://www.ifixit.com/Guide/New+Nintendo+3DS+XL+2015+Top+Display+Casing+Replacement/72614
72614	New Nintendo 3DS XL 2015 Top Display Casing Replacement	Nintendo 3DS XL 2015	10	1	Nintendo_3DS_XL_2015/72614_New_Nintendo_3DS_XL_2015_Top_Display_Casing_Replacement/step10_1.jpg	https://guide-images.cdn.ifixit.com/igi/QNVAENKHH1KFvBAV.large	Ryan Butler	https://www.ifixit.com/Guide/New+Nintendo+3DS+XL+2015+Top+Display+Casing+Replacement/72614
72614	New Nintendo 3DS XL 2015 Top Display Casing Replacement	Nintendo 3DS XL 2015	11	1	Nintendo_3DS_XL_2015/72614_New_Nintendo_3DS_XL_2015_Top_Display_Casing_Replacement/step11_1.jpg	https://guide-images.cdn.ifixit.com/igi/NMIQJ61SmdaTsZOk.large	Ryan Butler	https://www.ifixit.com/Guide/New+Nintendo+3DS+XL+2015+Top+Display+Casing+Replacement/72614
72614	New Nintendo 3DS XL 2015 Top Display Casing Replacement	Nintendo 3DS XL 2015	12	1	Nintendo_3DS_XL_2015/72614_New_Nintendo_3DS_XL_2015_Top_Display_Casing_Replacement/step12_1.jpg	https://guide-images.cdn.ifixit.com/igi/s5XR6SEbE2Tfuo2A.large	Ryan Butler	https://www.ifixit.com/Guide/New+Nintendo+3DS+XL+2015+Top+Display+Casing+Replacement/72614
72614	New Nintendo 3DS XL 2015 Top Display Casing Replacement	Nintendo 3DS XL 2015	13	1	Nintendo_3DS_XL_2015/72614_New_Nintendo_3DS_XL_2015_Top_Display_Casing_Replacement/step13_1.jpg	https://guide-images.cdn.ifixit.com/igi/TXxBQi2cIjGvWhkh.large	Ryan Butler	https://www.ifixit.com/Guide/New+Nintendo+3DS+XL+2015+Top+Display+Casing+Replacement/72614
72614	New Nintendo 3DS XL 2015 Top Display Casing Replacement	Nintendo 3DS XL 2015	13	2	Nintendo_3DS_XL_2015/72614_New_Nintendo_3DS_XL_2015_Top_Display_Casing_Replacement/step13_2.jpg	https://guide-images.cdn.ifixit.com/igi/us1M5CucGWKH6nIB.large	Ryan Butler	https://www.ifixit.com/Guide/New+Nintendo+3DS+XL+2015+Top+Display+Casing+Replacement/72614
72614	New Nintendo 3DS XL 2015 Top Display Casing Replacement	Nintendo 3DS XL 2015	13	3	Nintendo_3DS_XL_2015/72614_New_Nintendo_3DS_XL_2015_Top_Display_Casing_Replacement/step13_3.jpg	https://guide-images.cdn.ifixit.com/igi/EQsMeEbDCfKnEtEI.large	Ryan Butler	https://www.ifixit.com/Guide/New+Nintendo+3DS+XL+2015+Top+Display+Casing+Replacement/72614
72614	New Nintendo 3DS XL 2015 Top Display Casing Replacement	Nintendo 3DS XL 2015	14	1	Nintendo_3DS_XL_2015/72614_New_Nintendo_3DS_XL_2015_Top_Display_Casing_Replacement/step14_1.jpg	https://guide-images.cdn.ifixit.com/igi/FUosIVbdGfyBwmcI.large	Ryan Butler	https://www.ifixit.com/Guide/New+Nintendo+3DS+XL+2015+Top+Display+Casing+Replacement/72614
72614	New Nintendo 3DS XL 2015 Top Display Casing Replacement	Nintendo 3DS XL 2015	15	1	Nintendo_3DS_XL_2015/72614_New_Nintendo_3DS_XL_2015_Top_Display_Casing_Replacement/step15_1.jpg	https://guide-images.cdn.ifixit.com/igi/bNldGWc6JpyiUcih.large	Ryan Butler	https://www.ifixit.com/Guide/New+Nintendo+3DS+XL+2015+Top+Display+Casing+Replacement/72614
72614	New Nintendo 3DS XL 2015 Top Display Casing Replacement	Nintendo 3DS XL 2015	15	2	Nintendo_3DS_XL_2015/72614_New_Nintendo_3DS_XL_2015_Top_Display_Casing_Replacement/step15_2.jpg	https://guide-images.cdn.ifixit.com/igi/KAlWQOLOMtiSTiIB.large	Ryan Butler	https://www.ifixit.com/Guide/New+Nintendo+3DS+XL+2015+Top+Display+Casing+Replacement/72614
72614	New Nintendo 3DS XL 2015 Top Display Casing Replacement	Nintendo 3DS XL 2015	16	1	Nintendo_3DS_XL_2015/72614_New_Nintendo_3DS_XL_2015_Top_Display_Casing_Replacement/step16_1.jpg	https://guide-images.cdn.ifixit.com/igi/o4Waa3Ywaaebi6iG.large	Ryan Butler	https://www.ifixit.com/Guide/New+Nintendo+3DS+XL+2015+Top+Display+Casing+Replacement/72614
72614	New Nintendo 3DS XL 2015 Top Display Casing Replacement	Nintendo 3DS XL 2015	16	2	Nintendo_3DS_XL_2015/72614_New_Nintendo_3DS_XL_2015_Top_Display_Casing_Replacement/step16_2.jpg	https://guide-images.cdn.ifixit.com/igi/qdZMZqx4vgHVVKRT.large	Ryan Butler	https://www.ifixit.com/Guide/New+Nintendo+3DS+XL+2015+Top+Display+Casing+Replacement/72614
72614	New Nintendo 3DS XL 2015 Top Display Casing Replacement	Nintendo 3DS XL 2015	17	1	Nintendo_3DS_XL_2015/72614_New_Nintendo_3DS_XL_2015_Top_Display_Casing_Replacement/step17_1.jpg	https://guide-images.cdn.ifixit.com/igi/lycSSxCjLqVEDlAU.large	Ryan Butler	https://www.ifixit.com/Guide/New+Nintendo+3DS+XL+2015+Top+Display+Casing+Replacement/72614
72614	New Nintendo 3DS XL 2015 Top Display Casing Replacement	Nintendo 3DS XL 2015	17	2	Nintendo_3DS_XL_2015/72614_New_Nintendo_3DS_XL_2015_Top_Display_Casing_Replacement/step17_2.jpg	https://guide-images.cdn.ifixit.com/igi/1QwDxWVWErE5QjHI.large	Ryan Butler	https://www.ifixit.com/Guide/New+Nintendo+3DS+XL+2015+Top+Display+Casing+Replacement/72614
73509	New Nintendo 3DS XL 2015 Speakers Replacement	Nintendo 3DS XL 2015	1	1	Nintendo_3DS_XL_2015/73509_New_Nintendo_3DS_XL_2015_Speakers_Replacement/step01_1.jpg	https://guide-images.cdn.ifixit.com/igi/o4Waa3Ywaaebi6iG.large	Ryan Butler	https://www.ifixit.com/Guide/New+Nintendo+3DS+XL+2015+Speakers+Replacement/73509
73509	New Nintendo 3DS XL 2015 Speakers Replacement	Nintendo 3DS XL 2015	1	2	Nintendo_3DS_XL_2015/73509_New_Nintendo_3DS_XL_2015_Speakers_Replacement/step01_2.jpg	https://guide-images.cdn.ifixit.com/igi/qdZMZqx4vgHVVKRT.large	Ryan Butler	https://www.ifixit.com/Guide/New+Nintendo+3DS+XL+2015+Speakers+Replacement/73509
73509	New Nintendo 3DS XL 2015 Speakers Replacement	Nintendo 3DS XL 2015	2	1	Nintendo_3DS_XL_2015/73509_New_Nintendo_3DS_XL_2015_Speakers_Replacement/step02_1.jpg	https://guide-images.cdn.ifixit.com/igi/lycSSxCjLqVEDlAU.large	Ryan Butler	https://www.ifixit.com/Guide/New+Nintendo+3DS+XL+2015+Speakers+Replacement/73509
73509	New Nintendo 3DS XL 2015 Speakers Replacement	Nintendo 3DS XL 2015	2	2	Nintendo_3DS_XL_2015/73509_New_Nintendo_3DS_XL_2015_Speakers_Replacement/step02_2.jpg	https://guide-images.cdn.ifixit.com/igi/1QwDxWVWErE5QjHI.large	Ryan Butler	https://www.ifixit.com/Guide/New+Nintendo+3DS+XL+2015+Speakers+Replacement/73509
73509	New Nintendo 3DS XL 2015 Speakers Replacement	Nintendo 3DS XL 2015	3	1	Nintendo_3DS_XL_2015/73509_New_Nintendo_3DS_XL_2015_Speakers_Replacement/step03_1.jpg	https://guide-images.cdn.ifixit.com/igi/klktHCVYwld2jPbu.large	Ryan Butler	https://www.ifixit.com/Guide/New+Nintendo+3DS+XL+2015+Speakers+Replacement/73509
73509	New Nintendo 3DS XL 2015 Speakers Replacement	Nintendo 3DS XL 2015	4	1	Nintendo_3DS_XL_2015/73509_New_Nintendo_3DS_XL_2015_Speakers_Replacement/step04_1.jpg	https://guide-images.cdn.ifixit.com/igi/ItsctXxYnpWHaGbE.large	Ryan Butler	https://www.ifixit.com/Guide/New+Nintendo+3DS+XL+2015+Speakers+Replacement/73509
73509	New Nintendo 3DS XL 2015 Speakers Replacement	Nintendo 3DS XL 2015	5	1	Nintendo_3DS_XL_2015/73509_New_Nintendo_3DS_XL_2015_Speakers_Replacement/step05_1.jpg	https://guide-images.cdn.ifixit.com/igi/DQAtfmJFRLFufoBV.large	Ryan Butler	https://www.ifixit.com/Guide/New+Nintendo+3DS+XL+2015+Speakers+Replacement/73509
73509	New Nintendo 3DS XL 2015 Speakers Replacement	Nintendo 3DS XL 2015	6	1	Nintendo_3DS_XL_2015/73509_New_Nintendo_3DS_XL_2015_Speakers_Replacement/step06_1.jpg	https://guide-images.cdn.ifixit.com/igi/OrrGelvrQqNI2rLT.large	Ryan Butler	https://www.ifixit.com/Guide/New+Nintendo+3DS+XL+2015+Speakers+Replacement/73509
73509	New Nintendo 3DS XL 2015 Speakers Replacement	Nintendo 3DS XL 2015	7	1	Nintendo_3DS_XL_2015/73509_New_Nintendo_3DS_XL_2015_Speakers_Replacement/step07_1.jpg	https://guide-images.cdn.ifixit.com/igi/nA1r6ODtyWGMYps3.large	Ryan Butler	https://www.ifixit.com/Guide/New+Nintendo+3DS+XL+2015+Speakers+Replacement/73509
73509	New Nintendo 3DS XL 2015 Speakers Replacement	Nintendo 3DS XL 2015	7	2	Nintendo_3DS_XL_2015/73509_New_Nintendo_3DS_XL_2015_Speakers_Replacement/step07_2.jpg	https://guide-images.cdn.ifixit.com/igi/nCgM35SfWxS1LjiY.large	Ryan Butler	https://www.ifixit.com/Guide/New+Nintendo+3DS+XL+2015+Speakers+Replacement/73509
73509	New Nintendo 3DS XL 2015 Speakers Replacement	Nintendo 3DS XL 2015	8	1	Nintendo_3DS_XL_2015/73509_New_Nintendo_3DS_XL_2015_Speakers_Replacement/step08_1.jpg	https://guide-images.cdn.ifixit.com/igi/TIvcQXdAyYfU4Wmr.large	Ryan Butler	https://www.ifixit.com/Guide/New+Nintendo+3DS+XL+2015+Speakers+Replacement/73509
73509	New Nintendo 3DS XL 2015 Speakers Replacement	Nintendo 3DS XL 2015	8	2	Nintendo_3DS_XL_2015/73509_New_Nintendo_3DS_XL_2015_Speakers_Replacement/step08_2.jpg	https://guide-images.cdn.ifixit.com/igi/cYC5WckASmECvUYI.large	Ryan Butler	https://www.ifixit.com/Guide/New+Nintendo+3DS+XL+2015+Speakers+Replacement/73509
73509	New Nintendo 3DS XL 2015 Speakers Replacement	Nintendo 3DS XL 2015	9	1	Nintendo_3DS_XL_2015/73509_New_Nintendo_3DS_XL_2015_Speakers_Replacement/step09_1.jpg	https://guide-images.cdn.ifixit.com/igi/f6rD1CPNdGOToTKX.large	Ryan Butler	https://www.ifixit.com/Guide/New+Nintendo+3DS+XL+2015+Speakers+Replacement/73509
73509	New Nintendo 3DS XL 2015 Speakers Replacement	Nintendo 3DS XL 2015	9	2	Nintendo_3DS_XL_2015/73509_New_Nintendo_3DS_XL_2015_Speakers_Replacement/step09_2.jpg	https://guide-images.cdn.ifixit.com/igi/bbMdjgHakC1Dwoaj.large	Ryan Butler	https://www.ifixit.com/Guide/New+Nintendo+3DS+XL+2015+Speakers+Replacement/73509
73509	New Nintendo 3DS XL 2015 Speakers Replacement	Nintendo 3DS XL 2015	9	3	Nintendo_3DS_XL_2015/73509_New_Nintendo_3DS_XL_2015_Speakers_Replacement/step09_3.jpg	https://guide-images.cdn.ifixit.com/igi/uu3sQZEE1DPIQHWU.large	Ryan Butler	https://www.ifixit.com/Guide/New+Nintendo+3DS+XL+2015+Speakers+Replacement/73509
73509	New Nintendo 3DS XL 2015 Speakers Replacement	Nintendo 3DS XL 2015	10	1	Nintendo_3DS_XL_2015/73509_New_Nintendo_3DS_XL_2015_Speakers_Replacement/step10_1.jpg	https://guide-images.cdn.ifixit.com/igi/qB2QkMgZUY13Oebv.large	Ryan Butler	https://www.ifixit.com/Guide/New+Nintendo+3DS+XL+2015+Speakers+Replacement/73509
73509	New Nintendo 3DS XL 2015 Speakers Replacement	Nintendo 3DS XL 2015	11	1	Nintendo_3DS_XL_2015/73509_New_Nintendo_3DS_XL_2015_Speakers_Replacement/step11_1.jpg	https://guide-images.cdn.ifixit.com/igi/4iBjfT6EbMXjfUP1.large	Ryan Butler	https://www.ifixit.com/Guide/New+Nintendo+3DS+XL+2015+Speakers+Replacement/73509
73509	New Nintendo 3DS XL 2015 Speakers Replacement	Nintendo 3DS XL 2015	12	1	Nintendo_3DS_XL_2015/73509_New_Nintendo_3DS_XL_2015_Speakers_Replacement/step12_1.jpg	https://guide-images.cdn.ifixit.com/igi/QNVAENKHH1KFvBAV.large	Ryan Butler	https://www.ifixit.com/Guide/New+Nintendo+3DS+XL+2015+Speakers+Replacement/73509
73509	New Nintendo 3DS XL 2015 Speakers Replacement	Nintendo 3DS XL 2015	13	1	Nintendo_3DS_XL_2015/73509_New_Nintendo_3DS_XL_2015_Speakers_Replacement/step13_1.jpg	https://guide-images.cdn.ifixit.com/igi/NMIQJ61SmdaTsZOk.large	Ryan Butler	https://www.ifixit.com/Guide/New+Nintendo+3DS+XL+2015+Speakers+Replacement/73509
73509	New Nintendo 3DS XL 2015 Speakers Replacement	Nintendo 3DS XL 2015	14	1	Nintendo_3DS_XL_2015/73509_New_Nintendo_3DS_XL_2015_Speakers_Replacement/step14_1.jpg	https://guide-images.cdn.ifixit.com/igi/s5XR6SEbE2Tfuo2A.large	Ryan Butler	https://www.ifixit.com/Guide/New+Nintendo+3DS+XL+2015+Speakers+Replacement/73509
73509	New Nintendo 3DS XL 2015 Speakers Replacement	Nintendo 3DS XL 2015	15	1	Nintendo_3DS_XL_2015/73509_New_Nintendo_3DS_XL_2015_Speakers_Replacement/step15_1.jpg	https://guide-images.cdn.ifixit.com/igi/TXxBQi2cIjGvWhkh.large	Ryan Butler	https://www.ifixit.com/Guide/New+Nintendo+3DS+XL+2015+Speakers+Replacement/73509
73509	New Nintendo 3DS XL 2015 Speakers Replacement	Nintendo 3DS XL 2015	15	2	Nintendo_3DS_XL_2015/73509_New_Nintendo_3DS_XL_2015_Speakers_Replacement/step15_2.jpg	https://guide-images.cdn.ifixit.com/igi/us1M5CucGWKH6nIB.large	Ryan Butler	https://www.ifixit.com/Guide/New+Nintendo+3DS+XL+2015+Speakers+Replacement/73509
73509	New Nintendo 3DS XL 2015 Speakers Replacement	Nintendo 3DS XL 2015	15	3	Nintendo_3DS_XL_2015/73509_New_Nintendo_3DS_XL_2015_Speakers_Replacement/step15_3.jpg	https://guide-images.cdn.ifixit.com/igi/EQsMeEbDCfKnEtEI.large	Ryan Butler	https://www.ifixit.com/Guide/New+Nintendo+3DS+XL+2015+Speakers+Replacement/73509
73509	New Nintendo 3DS XL 2015 Speakers Replacement	Nintendo 3DS XL 2015	16	1	Nintendo_3DS_XL_2015/73509_New_Nintendo_3DS_XL_2015_Speakers_Replacement/step16_1.jpg	https://guide-images.cdn.ifixit.com/igi/FUosIVbdGfyBwmcI.large	Ryan Butler	https://www.ifixit.com/Guide/New+Nintendo+3DS+XL+2015+Speakers+Replacement/73509
73509	New Nintendo 3DS XL 2015 Speakers Replacement	Nintendo 3DS XL 2015	17	1	Nintendo_3DS_XL_2015/73509_New_Nintendo_3DS_XL_2015_Speakers_Replacement/step17_1.jpg	https://guide-images.cdn.ifixit.com/igi/bNldGWc6JpyiUcih.large	Ryan Butler	https://www.ifixit.com/Guide/New+Nintendo+3DS+XL+2015+Speakers+Replacement/73509
73509	New Nintendo 3DS XL 2015 Speakers Replacement	Nintendo 3DS XL 2015	17	2	Nintendo_3DS_XL_2015/73509_New_Nintendo_3DS_XL_2015_Speakers_Replacement/step17_2.jpg	https://guide-images.cdn.ifixit.com/igi/KAlWQOLOMtiSTiIB.large	Ryan Butler	https://www.ifixit.com/Guide/New+Nintendo+3DS+XL+2015+Speakers+Replacement/73509
73509	New Nintendo 3DS XL 2015 Speakers Replacement	Nintendo 3DS XL 2015	18	1	Nintendo_3DS_XL_2015/73509_New_Nintendo_3DS_XL_2015_Speakers_Replacement/step18_1.jpg	https://guide-images.cdn.ifixit.com/igi/o4Waa3Ywaaebi6iG.large	Ryan Butler	https://www.ifixit.com/Guide/New+Nintendo+3DS+XL+2015+Speakers+Replacement/73509
73509	New Nintendo 3DS XL 2015 Speakers Replacement	Nintendo 3DS XL 2015	18	2	Nintendo_3DS_XL_2015/73509_New_Nintendo_3DS_XL_2015_Speakers_Replacement/step18_2.jpg	https://guide-images.cdn.ifixit.com/igi/qdZMZqx4vgHVVKRT.large	Ryan Butler	https://www.ifixit.com/Guide/New+Nintendo+3DS+XL+2015+Speakers+Replacement/73509
73509	New Nintendo 3DS XL 2015 Speakers Replacement	Nintendo 3DS XL 2015	19	1	Nintendo_3DS_XL_2015/73509_New_Nintendo_3DS_XL_2015_Speakers_Replacement/step19_1.jpg	https://guide-images.cdn.ifixit.com/igi/lycSSxCjLqVEDlAU.large	Ryan Butler	https://www.ifixit.com/Guide/New+Nintendo+3DS+XL+2015+Speakers+Replacement/73509
73509	New Nintendo 3DS XL 2015 Speakers Replacement	Nintendo 3DS XL 2015	19	2	Nintendo_3DS_XL_2015/73509_New_Nintendo_3DS_XL_2015_Speakers_Replacement/step19_2.jpg	https://guide-images.cdn.ifixit.com/igi/1QwDxWVWErE5QjHI.large	Ryan Butler	https://www.ifixit.com/Guide/New+Nintendo+3DS+XL+2015+Speakers+Replacement/73509
73509	New Nintendo 3DS XL 2015 Speakers Replacement	Nintendo 3DS XL 2015	20	1	Nintendo_3DS_XL_2015/73509_New_Nintendo_3DS_XL_2015_Speakers_Replacement/step20_1.jpg	https://guide-images.cdn.ifixit.com/igi/5CEjl4RFpH6aHDXu.large	Ryan Butler	https://www.ifixit.com/Guide/New+Nintendo+3DS+XL+2015+Speakers+Replacement/73509
73509	New Nintendo 3DS XL 2015 Speakers Replacement	Nintendo 3DS XL 2015	20	2	Nintendo_3DS_XL_2015/73509_New_Nintendo_3DS_XL_2015_Speakers_Replacement/step20_2.jpg	https://guide-images.cdn.ifixit.com/igi/nrFokrHkafln2Emt.large	Ryan Butler	https://www.ifixit.com/Guide/New+Nintendo+3DS+XL+2015+Speakers+Replacement/73509
73509	New Nintendo 3DS XL 2015 Speakers Replacement	Nintendo 3DS XL 2015	20	3	Nintendo_3DS_XL_2015/73509_New_Nintendo_3DS_XL_2015_Speakers_Replacement/step20_3.jpg	https://guide-images.cdn.ifixit.com/igi/XOTy1iihssWshOgI.large	Ryan Butler	https://www.ifixit.com/Guide/New+Nintendo+3DS+XL+2015+Speakers+Replacement/73509
86283	New Nintendo 3DS XL 2015 Lower LCD and Touchscreen Replacement	Nintendo 3DS XL 2015	1	1	Nintendo_3DS_XL_2015/86283_New_Nintendo_3DS_XL_2015_Lower_LCD_and_Touchscreen_Replacement/step01_1.jpg	https://guide-images.cdn.ifixit.com/igi/klktHCVYwld2jPbu.large	Guillaume Blas	https://www.ifixit.com/Guide/New+Nintendo+3DS+XL+2015+Lower+LCD+and+Touchscreen+Replacement/86283
86283	New Nintendo 3DS XL 2015 Lower LCD and Touchscreen Replacement	Nintendo 3DS XL 2015	2	1	Nintendo_3DS_XL_2015/86283_New_Nintendo_3DS_XL_2015_Lower_LCD_and_Touchscreen_Replacement/step02_1.jpg	https://guide-images.cdn.ifixit.com/igi/ItsctXxYnpWHaGbE.large	Guillaume Blas	https://www.ifixit.com/Guide/New+Nintendo+3DS+XL+2015+Lower+LCD+and+Touchscreen+Replacement/86283
86283	New Nintendo 3DS XL 2015 Lower LCD and Touchscreen Replacement	Nintendo 3DS XL 2015	3	1	Nintendo_3DS_XL_2015/86283_New_Nintendo_3DS_XL_2015_Lower_LCD_and_Touchscreen_Replacement/step03_1.jpg	https://guide-images.cdn.ifixit.com/igi/DQAtfmJFRLFufoBV.large	Guillaume Blas	https://www.ifixit.com/Guide/New+Nintendo+3DS+XL+2015+Lower+LCD+and+Touchscreen+Replacement/86283
86283	New Nintendo 3DS XL 2015 Lower LCD and Touchscreen Replacement	Nintendo 3DS XL 2015	4	1	Nintendo_3DS_XL_2015/86283_New_Nintendo_3DS_XL_2015_Lower_LCD_and_Touchscreen_Replacement/step04_1.jpg	https://guide-images.cdn.ifixit.com/igi/OrrGelvrQqNI2rLT.large	Guillaume Blas	https://www.ifixit.com/Guide/New+Nintendo+3DS+XL+2015+Lower+LCD+and+Touchscreen+Replacement/86283
86283	New Nintendo 3DS XL 2015 Lower LCD and Touchscreen Replacement	Nintendo 3DS XL 2015	5	1	Nintendo_3DS_XL_2015/86283_New_Nintendo_3DS_XL_2015_Lower_LCD_and_Touchscreen_Replacement/step05_1.jpg	https://guide-images.cdn.ifixit.com/igi/nA1r6ODtyWGMYps3.large	Guillaume Blas	https://www.ifixit.com/Guide/New+Nintendo+3DS+XL+2015+Lower+LCD+and+Touchscreen+Replacement/86283
86283	New Nintendo 3DS XL 2015 Lower LCD and Touchscreen Replacement	Nintendo 3DS XL 2015	5	2	Nintendo_3DS_XL_2015/86283_New_Nintendo_3DS_XL_2015_Lower_LCD_and_Touchscreen_Replacement/step05_2.jpg	https://guide-images.cdn.ifixit.com/igi/nCgM35SfWxS1LjiY.large	Guillaume Blas	https://www.ifixit.com/Guide/New+Nintendo+3DS+XL+2015+Lower+LCD+and+Touchscreen+Replacement/86283
86283	New Nintendo 3DS XL 2015 Lower LCD and Touchscreen Replacement	Nintendo 3DS XL 2015	6	1	Nintendo_3DS_XL_2015/86283_New_Nintendo_3DS_XL_2015_Lower_LCD_and_Touchscreen_Replacement/step06_1.jpg	https://guide-images.cdn.ifixit.com/igi/TIvcQXdAyYfU4Wmr.large	Guillaume Blas	https://www.ifixit.com/Guide/New+Nintendo+3DS+XL+2015+Lower+LCD+and+Touchscreen+Replacement/86283
86283	New Nintendo 3DS XL 2015 Lower LCD and Touchscreen Replacement	Nintendo 3DS XL 2015	6	2	Nintendo_3DS_XL_2015/86283_New_Nintendo_3DS_XL_2015_Lower_LCD_and_Touchscreen_Replacement/step06_2.jpg	https://guide-images.cdn.ifixit.com/igi/cYC5WckASmECvUYI.large	Guillaume Blas	https://www.ifixit.com/Guide/New+Nintendo+3DS+XL+2015+Lower+LCD+and+Touchscreen+Replacement/86283
86283	New Nintendo 3DS XL 2015 Lower LCD and Touchscreen Replacement	Nintendo 3DS XL 2015	7	1	Nintendo_3DS_XL_2015/86283_New_Nintendo_3DS_XL_2015_Lower_LCD_and_Touchscreen_Replacement/step07_1.jpg	https://guide-images.cdn.ifixit.com/igi/f6rD1CPNdGOToTKX.large	Guillaume Blas	https://www.ifixit.com/Guide/New+Nintendo+3DS+XL+2015+Lower+LCD+and+Touchscreen+Replacement/86283
86283	New Nintendo 3DS XL 2015 Lower LCD and Touchscreen Replacement	Nintendo 3DS XL 2015	7	2	Nintendo_3DS_XL_2015/86283_New_Nintendo_3DS_XL_2015_Lower_LCD_and_Touchscreen_Replacement/step07_2.jpg	https://guide-images.cdn.ifixit.com/igi/bbMdjgHakC1Dwoaj.large	Guillaume Blas	https://www.ifixit.com/Guide/New+Nintendo+3DS+XL+2015+Lower+LCD+and+Touchscreen+Replacement/86283
86283	New Nintendo 3DS XL 2015 Lower LCD and Touchscreen Replacement	Nintendo 3DS XL 2015	7	3	Nintendo_3DS_XL_2015/86283_New_Nintendo_3DS_XL_2015_Lower_LCD_and_Touchscreen_Replacement/step07_3.jpg	https://guide-images.cdn.ifixit.com/igi/uu3sQZEE1DPIQHWU.large	Guillaume Blas	https://www.ifixit.com/Guide/New+Nintendo+3DS+XL+2015+Lower+LCD+and+Touchscreen+Replacement/86283
86283	New Nintendo 3DS XL 2015 Lower LCD and Touchscreen Replacement	Nintendo 3DS XL 2015	8	1	Nintendo_3DS_XL_2015/86283_New_Nintendo_3DS_XL_2015_Lower_LCD_and_Touchscreen_Replacement/step08_1.jpg	https://guide-images.cdn.ifixit.com/igi/qB2QkMgZUY13Oebv.large	Guillaume Blas	https://www.ifixit.com/Guide/New+Nintendo+3DS+XL+2015+Lower+LCD+and+Touchscreen+Replacement/86283
86283	New Nintendo 3DS XL 2015 Lower LCD and Touchscreen Replacement	Nintendo 3DS XL 2015	9	1	Nintendo_3DS_XL_2015/86283_New_Nintendo_3DS_XL_2015_Lower_LCD_and_Touchscreen_Replacement/step09_1.jpg	https://guide-images.cdn.ifixit.com/igi/4iBjfT6EbMXjfUP1.large	Guillaume Blas	https://www.ifixit.com/Guide/New+Nintendo+3DS+XL+2015+Lower+LCD+and+Touchscreen+Replacement/86283
86283	New Nintendo 3DS XL 2015 Lower LCD and Touchscreen Replacement	Nintendo 3DS XL 2015	10	1	Nintendo_3DS_XL_2015/86283_New_Nintendo_3DS_XL_2015_Lower_LCD_and_Touchscreen_Replacement/step10_1.jpg	https://guide-images.cdn.ifixit.com/igi/QNVAENKHH1KFvBAV.large	Guillaume Blas	https://www.ifixit.com/Guide/New+Nintendo+3DS+XL+2015+Lower+LCD+and+Touchscreen+Replacement/86283
86283	New Nintendo 3DS XL 2015 Lower LCD and Touchscreen Replacement	Nintendo 3DS XL 2015	11	1	Nintendo_3DS_XL_2015/86283_New_Nintendo_3DS_XL_2015_Lower_LCD_and_Touchscreen_Replacement/step11_1.jpg	https://guide-images.cdn.ifixit.com/igi/NMIQJ61SmdaTsZOk.large	Guillaume Blas	https://www.ifixit.com/Guide/New+Nintendo+3DS+XL+2015+Lower+LCD+and+Touchscreen+Replacement/86283
86283	New Nintendo 3DS XL 2015 Lower LCD and Touchscreen Replacement	Nintendo 3DS XL 2015	12	1	Nintendo_3DS_XL_2015/86283_New_Nintendo_3DS_XL_2015_Lower_LCD_and_Touchscreen_Replacement/step12_1.jpg	https://guide-images.cdn.ifixit.com/igi/s5XR6SEbE2Tfuo2A.large	Guillaume Blas	https://www.ifixit.com/Guide/New+Nintendo+3DS+XL+2015+Lower+LCD+and+Touchscreen+Replacement/86283
86283	New Nintendo 3DS XL 2015 Lower LCD and Touchscreen Replacement	Nintendo 3DS XL 2015	13	1	Nintendo_3DS_XL_2015/86283_New_Nintendo_3DS_XL_2015_Lower_LCD_and_Touchscreen_Replacement/step13_1.jpg	https://guide-images.cdn.ifixit.com/igi/TXxBQi2cIjGvWhkh.large	Guillaume Blas	https://www.ifixit.com/Guide/New+Nintendo+3DS+XL+2015+Lower+LCD+and+Touchscreen+Replacement/86283
86283	New Nintendo 3DS XL 2015 Lower LCD and Touchscreen Replacement	Nintendo 3DS XL 2015	13	2	Nintendo_3DS_XL_2015/86283_New_Nintendo_3DS_XL_2015_Lower_LCD_and_Touchscreen_Replacement/step13_2.jpg	https://guide-images.cdn.ifixit.com/igi/us1M5CucGWKH6nIB.large	Guillaume Blas	https://www.ifixit.com/Guide/New+Nintendo+3DS+XL+2015+Lower+LCD+and+Touchscreen+Replacement/86283
86283	New Nintendo 3DS XL 2015 Lower LCD and Touchscreen Replacement	Nintendo 3DS XL 2015	13	3	Nintendo_3DS_XL_2015/86283_New_Nintendo_3DS_XL_2015_Lower_LCD_and_Touchscreen_Replacement/step13_3.jpg	https://guide-images.cdn.ifixit.com/igi/EQsMeEbDCfKnEtEI.large	Guillaume Blas	https://www.ifixit.com/Guide/New+Nintendo+3DS+XL+2015+Lower+LCD+and+Touchscreen+Replacement/86283
86283	New Nintendo 3DS XL 2015 Lower LCD and Touchscreen Replacement	Nintendo 3DS XL 2015	14	1	Nintendo_3DS_XL_2015/86283_New_Nintendo_3DS_XL_2015_Lower_LCD_and_Touchscreen_Replacement/step14_1.jpg	https://guide-images.cdn.ifixit.com/igi/FUosIVbdGfyBwmcI.large	Guillaume Blas	https://www.ifixit.com/Guide/New+Nintendo+3DS+XL+2015+Lower+LCD+and+Touchscreen+Replacement/86283
86283	New Nintendo 3DS XL 2015 Lower LCD and Touchscreen Replacement	Nintendo 3DS XL 2015	15	1	Nintendo_3DS_XL_2015/86283_New_Nintendo_3DS_XL_2015_Lower_LCD_and_Touchscreen_Replacement/step15_1.jpg	https://guide-images.cdn.ifixit.com/igi/bNldGWc6JpyiUcih.large	Guillaume Blas	https://www.ifixit.com/Guide/New+Nintendo+3DS+XL+2015+Lower+LCD+and+Touchscreen+Replacement/86283
86283	New Nintendo 3DS XL 2015 Lower LCD and Touchscreen Replacement	Nintendo 3DS XL 2015	15	2	Nintendo_3DS_XL_2015/86283_New_Nintendo_3DS_XL_2015_Lower_LCD_and_Touchscreen_Replacement/step15_2.jpg	https://guide-images.cdn.ifixit.com/igi/KAlWQOLOMtiSTiIB.large	Guillaume Blas	https://www.ifixit.com/Guide/New+Nintendo+3DS+XL+2015+Lower+LCD+and+Touchscreen+Replacement/86283
86283	New Nintendo 3DS XL 2015 Lower LCD and Touchscreen Replacement	Nintendo 3DS XL 2015	16	1	Nintendo_3DS_XL_2015/86283_New_Nintendo_3DS_XL_2015_Lower_LCD_and_Touchscreen_Replacement/step16_1.jpg	https://guide-images.cdn.ifixit.com/igi/L24MwUKM5RKETO5C.large	Guillaume Blas	https://www.ifixit.com/Guide/New+Nintendo+3DS+XL+2015+Lower+LCD+and+Touchscreen+Replacement/86283
86283	New Nintendo 3DS XL 2015 Lower LCD and Touchscreen Replacement	Nintendo 3DS XL 2015	16	2	Nintendo_3DS_XL_2015/86283_New_Nintendo_3DS_XL_2015_Lower_LCD_and_Touchscreen_Replacement/step16_2.jpg	https://guide-images.cdn.ifixit.com/igi/OirjDpEVETbbIiYg.large	Guillaume Blas	https://www.ifixit.com/Guide/New+Nintendo+3DS+XL+2015+Lower+LCD+and+Touchscreen+Replacement/86283
86283	New Nintendo 3DS XL 2015 Lower LCD and Touchscreen Replacement	Nintendo 3DS XL 2015	17	1	Nintendo_3DS_XL_2015/86283_New_Nintendo_3DS_XL_2015_Lower_LCD_and_Touchscreen_Replacement/step17_1.jpg	https://guide-images.cdn.ifixit.com/igi/BhMeCpYjh33encvN.large	Guillaume Blas	https://www.ifixit.com/Guide/New+Nintendo+3DS+XL+2015+Lower+LCD+and+Touchscreen+Replacement/86283
86283	New Nintendo 3DS XL 2015 Lower LCD and Touchscreen Replacement	Nintendo 3DS XL 2015	17	2	Nintendo_3DS_XL_2015/86283_New_Nintendo_3DS_XL_2015_Lower_LCD_and_Touchscreen_Replacement/step17_2.jpg	https://guide-images.cdn.ifixit.com/igi/mPjJcZf3EEPKD6Ye.large	Guillaume Blas	https://www.ifixit.com/Guide/New+Nintendo+3DS+XL+2015+Lower+LCD+and+Touchscreen+Replacement/86283
86283	New Nintendo 3DS XL 2015 Lower LCD and Touchscreen Replacement	Nintendo 3DS XL 2015	18	1	Nintendo_3DS_XL_2015/86283_New_Nintendo_3DS_XL_2015_Lower_LCD_and_Touchscreen_Replacement/step18_1.jpg	https://guide-images.cdn.ifixit.com/igi/51Igrg4BlfJRwEIi.large	Guillaume Blas	https://www.ifixit.com/Guide/New+Nintendo+3DS+XL+2015+Lower+LCD+and+Touchscreen+Replacement/86283
86283	New Nintendo 3DS XL 2015 Lower LCD and Touchscreen Replacement	Nintendo 3DS XL 2015	18	2	Nintendo_3DS_XL_2015/86283_New_Nintendo_3DS_XL_2015_Lower_LCD_and_Touchscreen_Replacement/step18_2.jpg	https://guide-images.cdn.ifixit.com/igi/VE5OlrZtdmVI5SMi.large	Guillaume Blas	https://www.ifixit.com/Guide/New+Nintendo+3DS+XL+2015+Lower+LCD+and+Touchscreen+Replacement/86283
86283	New Nintendo 3DS XL 2015 Lower LCD and Touchscreen Replacement	Nintendo 3DS XL 2015	18	3	Nintendo_3DS_XL_2015/86283_New_Nintendo_3DS_XL_2015_Lower_LCD_and_Touchscreen_Replacement/step18_3.jpg	https://guide-images.cdn.ifixit.com/igi/E1CJseupYBWfhOKR.large	Guillaume Blas	https://www.ifixit.com/Guide/New+Nintendo+3DS+XL+2015+Lower+LCD+and+Touchscreen+Replacement/86283
86283	New Nintendo 3DS XL 2015 Lower LCD and Touchscreen Replacement	Nintendo 3DS XL 2015	19	1	Nintendo_3DS_XL_2015/86283_New_Nintendo_3DS_XL_2015_Lower_LCD_and_Touchscreen_Replacement/step19_1.jpg	https://guide-images.cdn.ifixit.com/igi/VDB2roAfjs3L3nR5.large	Guillaume Blas	https://www.ifixit.com/Guide/New+Nintendo+3DS+XL+2015+Lower+LCD+and+Touchscreen+Replacement/86283
86283	New Nintendo 3DS XL 2015 Lower LCD and Touchscreen Replacement	Nintendo 3DS XL 2015	20	1	Nintendo_3DS_XL_2015/86283_New_Nintendo_3DS_XL_2015_Lower_LCD_and_Touchscreen_Replacement/step20_1.jpg	https://guide-images.cdn.ifixit.com/igi/MDr5h1gJJkuiXHwT.large	Guillaume Blas	https://www.ifixit.com/Guide/New+Nintendo+3DS+XL+2015+Lower+LCD+and+Touchscreen+Replacement/86283
86283	New Nintendo 3DS XL 2015 Lower LCD and Touchscreen Replacement	Nintendo 3DS XL 2015	20	2	Nintendo_3DS_XL_2015/86283_New_Nintendo_3DS_XL_2015_Lower_LCD_and_Touchscreen_Replacement/step20_2.jpg	https://guide-images.cdn.ifixit.com/igi/OqiNqt5SiPMTMQtH.large	Guillaume Blas	https://www.ifixit.com/Guide/New+Nintendo+3DS+XL+2015+Lower+LCD+and+Touchscreen+Replacement/86283
86336	New Nintendo 3DS XL 2015  Upper Screen Replacement	Nintendo 3DS XL 2015	1	1	Nintendo_3DS_XL_2015/86336_New_Nintendo_3DS_XL_2015_Upper_Screen_Replacement/step01_1.jpg	https://guide-images.cdn.ifixit.com/igi/klktHCVYwld2jPbu.large	Ryan Butler	https://www.ifixit.com/Guide/New+Nintendo+3DS+XL+2015++Upper+Screen+Replacement/86336
86336	New Nintendo 3DS XL 2015  Upper Screen Replacement	Nintendo 3DS XL 2015	2	1	Nintendo_3DS_XL_2015/86336_New_Nintendo_3DS_XL_2015_Upper_Screen_Replacement/step02_1.jpg	https://guide-images.cdn.ifixit.com/igi/ItsctXxYnpWHaGbE.large	Ryan Butler	https://www.ifixit.com/Guide/New+Nintendo+3DS+XL+2015++Upper+Screen+Replacement/86336
86336	New Nintendo 3DS XL 2015  Upper Screen Replacement	Nintendo 3DS XL 2015	3	1	Nintendo_3DS_XL_2015/86336_New_Nintendo_3DS_XL_2015_Upper_Screen_Replacement/step03_1.jpg	https://guide-images.cdn.ifixit.com/igi/DQAtfmJFRLFufoBV.large	Ryan Butler	https://www.ifixit.com/Guide/New+Nintendo+3DS+XL+2015++Upper+Screen+Replacement/86336
86336	New Nintendo 3DS XL 2015  Upper Screen Replacement	Nintendo 3DS XL 2015	4	1	Nintendo_3DS_XL_2015/86336_New_Nintendo_3DS_XL_2015_Upper_Screen_Replacement/step04_1.jpg	https://guide-images.cdn.ifixit.com/igi/OrrGelvrQqNI2rLT.large	Ryan Butler	https://www.ifixit.com/Guide/New+Nintendo+3DS+XL+2015++Upper+Screen+Replacement/86336
86336	New Nintendo 3DS XL 2015  Upper Screen Replacement	Nintendo 3DS XL 2015	5	1	Nintendo_3DS_XL_2015/86336_New_Nintendo_3DS_XL_2015_Upper_Screen_Replacement/step05_1.jpg	https://guide-images.cdn.ifixit.com/igi/nA1r6ODtyWGMYps3.large	Ryan Butler	https://www.ifixit.com/Guide/New+Nintendo+3DS+XL+2015++Upper+Screen+Replacement/86336
86336	New Nintendo 3DS XL 2015  Upper Screen Replacement	Nintendo 3DS XL 2015	5	2	Nintendo_3DS_XL_2015/86336_New_Nintendo_3DS_XL_2015_Upper_Screen_Replacement/step05_2.jpg	https://guide-images.cdn.ifixit.com/igi/nCgM35SfWxS1LjiY.large	Ryan Butler	https://www.ifixit.com/Guide/New+Nintendo+3DS+XL+2015++Upper+Screen+Replacement/86336
86336	New Nintendo 3DS XL 2015  Upper Screen Replacement	Nintendo 3DS XL 2015	6	1	Nintendo_3DS_XL_2015/86336_New_Nintendo_3DS_XL_2015_Upper_Screen_Replacement/step06_1.jpg	https://guide-images.cdn.ifixit.com/igi/TIvcQXdAyYfU4Wmr.large	Ryan Butler	https://www.ifixit.com/Guide/New+Nintendo+3DS+XL+2015++Upper+Screen+Replacement/86336
86336	New Nintendo 3DS XL 2015  Upper Screen Replacement	Nintendo 3DS XL 2015	6	2	Nintendo_3DS_XL_2015/86336_New_Nintendo_3DS_XL_2015_Upper_Screen_Replacement/step06_2.jpg	https://guide-images.cdn.ifixit.com/igi/cYC5WckASmECvUYI.large	Ryan Butler	https://www.ifixit.com/Guide/New+Nintendo+3DS+XL+2015++Upper+Screen+Replacement/86336
86336	New Nintendo 3DS XL 2015  Upper Screen Replacement	Nintendo 3DS XL 2015	7	1	Nintendo_3DS_XL_2015/86336_New_Nintendo_3DS_XL_2015_Upper_Screen_Replacement/step07_1.jpg	https://guide-images.cdn.ifixit.com/igi/f6rD1CPNdGOToTKX.large	Ryan Butler	https://www.ifixit.com/Guide/New+Nintendo+3DS+XL+2015++Upper+Screen+Replacement/86336
86336	New Nintendo 3DS XL 2015  Upper Screen Replacement	Nintendo 3DS XL 2015	7	2	Nintendo_3DS_XL_2015/86336_New_Nintendo_3DS_XL_2015_Upper_Screen_Replacement/step07_2.jpg	https://guide-images.cdn.ifixit.com/igi/bbMdjgHakC1Dwoaj.large	Ryan Butler	https://www.ifixit.com/Guide/New+Nintendo+3DS+XL+2015++Upper+Screen+Replacement/86336
86336	New Nintendo 3DS XL 2015  Upper Screen Replacement	Nintendo 3DS XL 2015	7	3	Nintendo_3DS_XL_2015/86336_New_Nintendo_3DS_XL_2015_Upper_Screen_Replacement/step07_3.jpg	https://guide-images.cdn.ifixit.com/igi/uu3sQZEE1DPIQHWU.large	Ryan Butler	https://www.ifixit.com/Guide/New+Nintendo+3DS+XL+2015++Upper+Screen+Replacement/86336
86336	New Nintendo 3DS XL 2015  Upper Screen Replacement	Nintendo 3DS XL 2015	8	1	Nintendo_3DS_XL_2015/86336_New_Nintendo_3DS_XL_2015_Upper_Screen_Replacement/step08_1.jpg	https://guide-images.cdn.ifixit.com/igi/qB2QkMgZUY13Oebv.large	Ryan Butler	https://www.ifixit.com/Guide/New+Nintendo+3DS+XL+2015++Upper+Screen+Replacement/86336
86336	New Nintendo 3DS XL 2015  Upper Screen Replacement	Nintendo 3DS XL 2015	9	1	Nintendo_3DS_XL_2015/86336_New_Nintendo_3DS_XL_2015_Upper_Screen_Replacement/step09_1.jpg	https://guide-images.cdn.ifixit.com/igi/4iBjfT6EbMXjfUP1.large	Ryan Butler	https://www.ifixit.com/Guide/New+Nintendo+3DS+XL+2015++Upper+Screen+Replacement/86336
86336	New Nintendo 3DS XL 2015  Upper Screen Replacement	Nintendo 3DS XL 2015	10	1	Nintendo_3DS_XL_2015/86336_New_Nintendo_3DS_XL_2015_Upper_Screen_Replacement/step10_1.jpg	https://guide-images.cdn.ifixit.com/igi/QNVAENKHH1KFvBAV.large	Ryan Butler	https://www.ifixit.com/Guide/New+Nintendo+3DS+XL+2015++Upper+Screen+Replacement/86336
86336	New Nintendo 3DS XL 2015  Upper Screen Replacement	Nintendo 3DS XL 2015	11	1	Nintendo_3DS_XL_2015/86336_New_Nintendo_3DS_XL_2015_Upper_Screen_Replacement/step11_1.jpg	https://guide-images.cdn.ifixit.com/igi/NMIQJ61SmdaTsZOk.large	Ryan Butler	https://www.ifixit.com/Guide/New+Nintendo+3DS+XL+2015++Upper+Screen+Replacement/86336
86336	New Nintendo 3DS XL 2015  Upper Screen Replacement	Nintendo 3DS XL 2015	12	1	Nintendo_3DS_XL_2015/86336_New_Nintendo_3DS_XL_2015_Upper_Screen_Replacement/step12_1.jpg	https://guide-images.cdn.ifixit.com/igi/s5XR6SEbE2Tfuo2A.large	Ryan Butler	https://www.ifixit.com/Guide/New+Nintendo+3DS+XL+2015++Upper+Screen+Replacement/86336
86336	New Nintendo 3DS XL 2015  Upper Screen Replacement	Nintendo 3DS XL 2015	13	1	Nintendo_3DS_XL_2015/86336_New_Nintendo_3DS_XL_2015_Upper_Screen_Replacement/step13_1.jpg	https://guide-images.cdn.ifixit.com/igi/TXxBQi2cIjGvWhkh.large	Ryan Butler	https://www.ifixit.com/Guide/New+Nintendo+3DS+XL+2015++Upper+Screen+Replacement/86336
86336	New Nintendo 3DS XL 2015  Upper Screen Replacement	Nintendo 3DS XL 2015	13	2	Nintendo_3DS_XL_2015/86336_New_Nintendo_3DS_XL_2015_Upper_Screen_Replacement/step13_2.jpg	https://guide-images.cdn.ifixit.com/igi/us1M5CucGWKH6nIB.large	Ryan Butler	https://www.ifixit.com/Guide/New+Nintendo+3DS+XL+2015++Upper+Screen+Replacement/86336
86336	New Nintendo 3DS XL 2015  Upper Screen Replacement	Nintendo 3DS XL 2015	13	3	Nintendo_3DS_XL_2015/86336_New_Nintendo_3DS_XL_2015_Upper_Screen_Replacement/step13_3.jpg	https://guide-images.cdn.ifixit.com/igi/EQsMeEbDCfKnEtEI.large	Ryan Butler	https://www.ifixit.com/Guide/New+Nintendo+3DS+XL+2015++Upper+Screen+Replacement/86336
86336	New Nintendo 3DS XL 2015  Upper Screen Replacement	Nintendo 3DS XL 2015	14	1	Nintendo_3DS_XL_2015/86336_New_Nintendo_3DS_XL_2015_Upper_Screen_Replacement/step14_1.jpg	https://guide-images.cdn.ifixit.com/igi/FUosIVbdGfyBwmcI.large	Ryan Butler	https://www.ifixit.com/Guide/New+Nintendo+3DS+XL+2015++Upper+Screen+Replacement/86336
86336	New Nintendo 3DS XL 2015  Upper Screen Replacement	Nintendo 3DS XL 2015	15	1	Nintendo_3DS_XL_2015/86336_New_Nintendo_3DS_XL_2015_Upper_Screen_Replacement/step15_1.jpg	https://guide-images.cdn.ifixit.com/igi/bNldGWc6JpyiUcih.large	Ryan Butler	https://www.ifixit.com/Guide/New+Nintendo+3DS+XL+2015++Upper+Screen+Replacement/86336
86336	New Nintendo 3DS XL 2015  Upper Screen Replacement	Nintendo 3DS XL 2015	15	2	Nintendo_3DS_XL_2015/86336_New_Nintendo_3DS_XL_2015_Upper_Screen_Replacement/step15_2.jpg	https://guide-images.cdn.ifixit.com/igi/KAlWQOLOMtiSTiIB.large	Ryan Butler	https://www.ifixit.com/Guide/New+Nintendo+3DS+XL+2015++Upper+Screen+Replacement/86336
86336	New Nintendo 3DS XL 2015  Upper Screen Replacement	Nintendo 3DS XL 2015	16	1	Nintendo_3DS_XL_2015/86336_New_Nintendo_3DS_XL_2015_Upper_Screen_Replacement/step16_1.jpg	https://guide-images.cdn.ifixit.com/igi/o4Waa3Ywaaebi6iG.large	Ryan Butler	https://www.ifixit.com/Guide/New+Nintendo+3DS+XL+2015++Upper+Screen+Replacement/86336
86336	New Nintendo 3DS XL 2015  Upper Screen Replacement	Nintendo 3DS XL 2015	16	2	Nintendo_3DS_XL_2015/86336_New_Nintendo_3DS_XL_2015_Upper_Screen_Replacement/step16_2.jpg	https://guide-images.cdn.ifixit.com/igi/qdZMZqx4vgHVVKRT.large	Ryan Butler	https://www.ifixit.com/Guide/New+Nintendo+3DS+XL+2015++Upper+Screen+Replacement/86336
86336	New Nintendo 3DS XL 2015  Upper Screen Replacement	Nintendo 3DS XL 2015	17	1	Nintendo_3DS_XL_2015/86336_New_Nintendo_3DS_XL_2015_Upper_Screen_Replacement/step17_1.jpg	https://guide-images.cdn.ifixit.com/igi/lycSSxCjLqVEDlAU.large	Ryan Butler	https://www.ifixit.com/Guide/New+Nintendo+3DS+XL+2015++Upper+Screen+Replacement/86336
86336	New Nintendo 3DS XL 2015  Upper Screen Replacement	Nintendo 3DS XL 2015	17	2	Nintendo_3DS_XL_2015/86336_New_Nintendo_3DS_XL_2015_Upper_Screen_Replacement/step17_2.jpg	https://guide-images.cdn.ifixit.com/igi/1QwDxWVWErE5QjHI.large	Ryan Butler	https://www.ifixit.com/Guide/New+Nintendo+3DS+XL+2015++Upper+Screen+Replacement/86336
86336	New Nintendo 3DS XL 2015  Upper Screen Replacement	Nintendo 3DS XL 2015	18	1	Nintendo_3DS_XL_2015/86336_New_Nintendo_3DS_XL_2015_Upper_Screen_Replacement/step18_1.jpg	https://guide-images.cdn.ifixit.com/igi/idGQSTHqMnhDCfR2.large	Ryan Butler	https://www.ifixit.com/Guide/New+Nintendo+3DS+XL+2015++Upper+Screen+Replacement/86336
86336	New Nintendo 3DS XL 2015  Upper Screen Replacement	Nintendo 3DS XL 2015	18	2	Nintendo_3DS_XL_2015/86336_New_Nintendo_3DS_XL_2015_Upper_Screen_Replacement/step18_2.jpg	https://guide-images.cdn.ifixit.com/igi/NMdNlpFn3uSp4Haa.large	Ryan Butler	https://www.ifixit.com/Guide/New+Nintendo+3DS+XL+2015++Upper+Screen+Replacement/86336
86336	New Nintendo 3DS XL 2015  Upper Screen Replacement	Nintendo 3DS XL 2015	19	1	Nintendo_3DS_XL_2015/86336_New_Nintendo_3DS_XL_2015_Upper_Screen_Replacement/step19_1.jpg	https://guide-images.cdn.ifixit.com/igi/OAB2HLncAxBhrxEh.large	Ryan Butler	https://www.ifixit.com/Guide/New+Nintendo+3DS+XL+2015++Upper+Screen+Replacement/86336
86337	New Nintendo 3DS XL 2015 Camera Replacement	Nintendo 3DS XL 2015	1	1	Nintendo_3DS_XL_2015/86337_New_Nintendo_3DS_XL_2015_Camera_Replacement/step01_1.jpg	https://guide-images.cdn.ifixit.com/igi/klktHCVYwld2jPbu.large	Ryan Butler	https://www.ifixit.com/Guide/New+Nintendo+3DS+XL+2015+Camera+Replacement/86337
86337	New Nintendo 3DS XL 2015 Camera Replacement	Nintendo 3DS XL 2015	2	1	Nintendo_3DS_XL_2015/86337_New_Nintendo_3DS_XL_2015_Camera_Replacement/step02_1.jpg	https://guide-images.cdn.ifixit.com/igi/ItsctXxYnpWHaGbE.large	Ryan Butler	https://www.ifixit.com/Guide/New+Nintendo+3DS+XL+2015+Camera+Replacement/86337
86337	New Nintendo 3DS XL 2015 Camera Replacement	Nintendo 3DS XL 2015	3	1	Nintendo_3DS_XL_2015/86337_New_Nintendo_3DS_XL_2015_Camera_Replacement/step03_1.jpg	https://guide-images.cdn.ifixit.com/igi/DQAtfmJFRLFufoBV.large	Ryan Butler	https://www.ifixit.com/Guide/New+Nintendo+3DS+XL+2015+Camera+Replacement/86337
86337	New Nintendo 3DS XL 2015 Camera Replacement	Nintendo 3DS XL 2015	4	1	Nintendo_3DS_XL_2015/86337_New_Nintendo_3DS_XL_2015_Camera_Replacement/step04_1.jpg	https://guide-images.cdn.ifixit.com/igi/OrrGelvrQqNI2rLT.large	Ryan Butler	https://www.ifixit.com/Guide/New+Nintendo+3DS+XL+2015+Camera+Replacement/86337
86337	New Nintendo 3DS XL 2015 Camera Replacement	Nintendo 3DS XL 2015	5	1	Nintendo_3DS_XL_2015/86337_New_Nintendo_3DS_XL_2015_Camera_Replacement/step05_1.jpg	https://guide-images.cdn.ifixit.com/igi/nA1r6ODtyWGMYps3.large	Ryan Butler	https://www.ifixit.com/Guide/New+Nintendo+3DS+XL+2015+Camera+Replacement/86337
86337	New Nintendo 3DS XL 2015 Camera Replacement	Nintendo 3DS XL 2015	5	2	Nintendo_3DS_XL_2015/86337_New_Nintendo_3DS_XL_2015_Camera_Replacement/step05_2.jpg	https://guide-images.cdn.ifixit.com/igi/nCgM35SfWxS1LjiY.large	Ryan Butler	https://www.ifixit.com/Guide/New+Nintendo+3DS+XL+2015+Camera+Replacement/86337
86337	New Nintendo 3DS XL 2015 Camera Replacement	Nintendo 3DS XL 2015	6	1	Nintendo_3DS_XL_2015/86337_New_Nintendo_3DS_XL_2015_Camera_Replacement/step06_1.jpg	https://guide-images.cdn.ifixit.com/igi/TIvcQXdAyYfU4Wmr.large	Ryan Butler	https://www.ifixit.com/Guide/New+Nintendo+3DS+XL+2015+Camera+Replacement/86337
86337	New Nintendo 3DS XL 2015 Camera Replacement	Nintendo 3DS XL 2015	6	2	Nintendo_3DS_XL_2015/86337_New_Nintendo_3DS_XL_2015_Camera_Replacement/step06_2.jpg	https://guide-images.cdn.ifixit.com/igi/cYC5WckASmECvUYI.large	Ryan Butler	https://www.ifixit.com/Guide/New+Nintendo+3DS+XL+2015+Camera+Replacement/86337
86337	New Nintendo 3DS XL 2015 Camera Replacement	Nintendo 3DS XL 2015	7	1	Nintendo_3DS_XL_2015/86337_New_Nintendo_3DS_XL_2015_Camera_Replacement/step07_1.jpg	https://guide-images.cdn.ifixit.com/igi/f6rD1CPNdGOToTKX.large	Ryan Butler	https://www.ifixit.com/Guide/New+Nintendo+3DS+XL+2015+Camera+Replacement/86337
86337	New Nintendo 3DS XL 2015 Camera Replacement	Nintendo 3DS XL 2015	7	2	Nintendo_3DS_XL_2015/86337_New_Nintendo_3DS_XL_2015_Camera_Replacement/step07_2.jpg	https://guide-images.cdn.ifixit.com/igi/bbMdjgHakC1Dwoaj.large	Ryan Butler	https://www.ifixit.com/Guide/New+Nintendo+3DS+XL+2015+Camera+Replacement/86337
86337	New Nintendo 3DS XL 2015 Camera Replacement	Nintendo 3DS XL 2015	7	3	Nintendo_3DS_XL_2015/86337_New_Nintendo_3DS_XL_2015_Camera_Replacement/step07_3.jpg	https://guide-images.cdn.ifixit.com/igi/uu3sQZEE1DPIQHWU.large	Ryan Butler	https://www.ifixit.com/Guide/New+Nintendo+3DS+XL+2015+Camera+Replacement/86337
86337	New Nintendo 3DS XL 2015 Camera Replacement	Nintendo 3DS XL 2015	8	1	Nintendo_3DS_XL_2015/86337_New_Nintendo_3DS_XL_2015_Camera_Replacement/step08_1.jpg	https://guide-images.cdn.ifixit.com/igi/qB2QkMgZUY13Oebv.large	Ryan Butler	https://www.ifixit.com/Guide/New+Nintendo+3DS+XL+2015+Camera+Replacement/86337
86337	New Nintendo 3DS XL 2015 Camera Replacement	Nintendo 3DS XL 2015	9	1	Nintendo_3DS_XL_2015/86337_New_Nintendo_3DS_XL_2015_Camera_Replacement/step09_1.jpg	https://guide-images.cdn.ifixit.com/igi/4iBjfT6EbMXjfUP1.large	Ryan Butler	https://www.ifixit.com/Guide/New+Nintendo+3DS+XL+2015+Camera+Replacement/86337
86337	New Nintendo 3DS XL 2015 Camera Replacement	Nintendo 3DS XL 2015	10	1	Nintendo_3DS_XL_2015/86337_New_Nintendo_3DS_XL_2015_Camera_Replacement/step10_1.jpg	https://guide-images.cdn.ifixit.com/igi/QNVAENKHH1KFvBAV.large	Ryan Butler	https://www.ifixit.com/Guide/New+Nintendo+3DS+XL+2015+Camera+Replacement/86337
86337	New Nintendo 3DS XL 2015 Camera Replacement	Nintendo 3DS XL 2015	11	1	Nintendo_3DS_XL_2015/86337_New_Nintendo_3DS_XL_2015_Camera_Replacement/step11_1.jpg	https://guide-images.cdn.ifixit.com/igi/NMIQJ61SmdaTsZOk.large	Ryan Butler	https://www.ifixit.com/Guide/New+Nintendo+3DS+XL+2015+Camera+Replacement/86337
86337	New Nintendo 3DS XL 2015 Camera Replacement	Nintendo 3DS XL 2015	12	1	Nintendo_3DS_XL_2015/86337_New_Nintendo_3DS_XL_2015_Camera_Replacement/step12_1.jpg	https://guide-images.cdn.ifixit.com/igi/s5XR6SEbE2Tfuo2A.large	Ryan Butler	https://www.ifixit.com/Guide/New+Nintendo+3DS+XL+2015+Camera+Replacement/86337
86337	New Nintendo 3DS XL 2015 Camera Replacement	Nintendo 3DS XL 2015	13	1	Nintendo_3DS_XL_2015/86337_New_Nintendo_3DS_XL_2015_Camera_Replacement/step13_1.jpg	https://guide-images.cdn.ifixit.com/igi/TXxBQi2cIjGvWhkh.large	Ryan Butler	https://www.ifixit.com/Guide/New+Nintendo+3DS+XL+2015+Camera+Replacement/86337
86337	New Nintendo 3DS XL 2015 Camera Replacement	Nintendo 3DS XL 2015	13	2	Nintendo_3DS_XL_2015/86337_New_Nintendo_3DS_XL_2015_Camera_Replacement/step13_2.jpg	https://guide-images.cdn.ifixit.com/igi/us1M5CucGWKH6nIB.large	Ryan Butler	https://www.ifixit.com/Guide/New+Nintendo+3DS+XL+2015+Camera+Replacement/86337
86337	New Nintendo 3DS XL 2015 Camera Replacement	Nintendo 3DS XL 2015	13	3	Nintendo_3DS_XL_2015/86337_New_Nintendo_3DS_XL_2015_Camera_Replacement/step13_3.jpg	https://guide-images.cdn.ifixit.com/igi/EQsMeEbDCfKnEtEI.large	Ryan Butler	https://www.ifixit.com/Guide/New+Nintendo+3DS+XL+2015+Camera+Replacement/86337
86337	New Nintendo 3DS XL 2015 Camera Replacement	Nintendo 3DS XL 2015	14	1	Nintendo_3DS_XL_2015/86337_New_Nintendo_3DS_XL_2015_Camera_Replacement/step14_1.jpg	https://guide-images.cdn.ifixit.com/igi/FUosIVbdGfyBwmcI.large	Ryan Butler	https://www.ifixit.com/Guide/New+Nintendo+3DS+XL+2015+Camera+Replacement/86337
86337	New Nintendo 3DS XL 2015 Camera Replacement	Nintendo 3DS XL 2015	15	1	Nintendo_3DS_XL_2015/86337_New_Nintendo_3DS_XL_2015_Camera_Replacement/step15_1.jpg	https://guide-images.cdn.ifixit.com/igi/bNldGWc6JpyiUcih.large	Ryan Butler	https://www.ifixit.com/Guide/New+Nintendo+3DS+XL+2015+Camera+Replacement/86337
86337	New Nintendo 3DS XL 2015 Camera Replacement	Nintendo 3DS XL 2015	15	2	Nintendo_3DS_XL_2015/86337_New_Nintendo_3DS_XL_2015_Camera_Replacement/step15_2.jpg	https://guide-images.cdn.ifixit.com/igi/KAlWQOLOMtiSTiIB.large	Ryan Butler	https://www.ifixit.com/Guide/New+Nintendo+3DS+XL+2015+Camera+Replacement/86337
86337	New Nintendo 3DS XL 2015 Camera Replacement	Nintendo 3DS XL 2015	16	1	Nintendo_3DS_XL_2015/86337_New_Nintendo_3DS_XL_2015_Camera_Replacement/step16_1.jpg	https://guide-images.cdn.ifixit.com/igi/o4Waa3Ywaaebi6iG.large	Ryan Butler	https://www.ifixit.com/Guide/New+Nintendo+3DS+XL+2015+Camera+Replacement/86337
86337	New Nintendo 3DS XL 2015 Camera Replacement	Nintendo 3DS XL 2015	16	2	Nintendo_3DS_XL_2015/86337_New_Nintendo_3DS_XL_2015_Camera_Replacement/step16_2.jpg	https://guide-images.cdn.ifixit.com/igi/qdZMZqx4vgHVVKRT.large	Ryan Butler	https://www.ifixit.com/Guide/New+Nintendo+3DS+XL+2015+Camera+Replacement/86337
86337	New Nintendo 3DS XL 2015 Camera Replacement	Nintendo 3DS XL 2015	17	1	Nintendo_3DS_XL_2015/86337_New_Nintendo_3DS_XL_2015_Camera_Replacement/step17_1.jpg	https://guide-images.cdn.ifixit.com/igi/lycSSxCjLqVEDlAU.large	Ryan Butler	https://www.ifixit.com/Guide/New+Nintendo+3DS+XL+2015+Camera+Replacement/86337
86337	New Nintendo 3DS XL 2015 Camera Replacement	Nintendo 3DS XL 2015	17	2	Nintendo_3DS_XL_2015/86337_New_Nintendo_3DS_XL_2015_Camera_Replacement/step17_2.jpg	https://guide-images.cdn.ifixit.com/igi/1QwDxWVWErE5QjHI.large	Ryan Butler	https://www.ifixit.com/Guide/New+Nintendo+3DS+XL+2015+Camera+Replacement/86337
86337	New Nintendo 3DS XL 2015 Camera Replacement	Nintendo 3DS XL 2015	18	1	Nintendo_3DS_XL_2015/86337_New_Nintendo_3DS_XL_2015_Camera_Replacement/step18_1.jpg	https://guide-images.cdn.ifixit.com/igi/LSWprTmtm6cVDNpC.large	Ryan Butler	https://www.ifixit.com/Guide/New+Nintendo+3DS+XL+2015+Camera+Replacement/86337
86337	New Nintendo 3DS XL 2015 Camera Replacement	Nintendo 3DS XL 2015	18	2	Nintendo_3DS_XL_2015/86337_New_Nintendo_3DS_XL_2015_Camera_Replacement/step18_2.jpg	https://guide-images.cdn.ifixit.com/igi/jcBdjtXO1CWZIGLY.large	Ryan Butler	https://www.ifixit.com/Guide/New+Nintendo+3DS+XL+2015+Camera+Replacement/86337
86338	New Nintendo 3DS XL 2015 WIFI Antenna Replacement	Nintendo 3DS XL 2015	1	1	Nintendo_3DS_XL_2015/86338_New_Nintendo_3DS_XL_2015_WIFI_Antenna_Replacement/step01_1.jpg	https://guide-images.cdn.ifixit.com/igi/klktHCVYwld2jPbu.large	Ryan Butler	https://www.ifixit.com/Guide/New+Nintendo+3DS+XL+2015+WIFI+Antenna+Replacement/86338
86338	New Nintendo 3DS XL 2015 WIFI Antenna Replacement	Nintendo 3DS XL 2015	2	1	Nintendo_3DS_XL_2015/86338_New_Nintendo_3DS_XL_2015_WIFI_Antenna_Replacement/step02_1.jpg	https://guide-images.cdn.ifixit.com/igi/ItsctXxYnpWHaGbE.large	Ryan Butler	https://www.ifixit.com/Guide/New+Nintendo+3DS+XL+2015+WIFI+Antenna+Replacement/86338
86338	New Nintendo 3DS XL 2015 WIFI Antenna Replacement	Nintendo 3DS XL 2015	3	1	Nintendo_3DS_XL_2015/86338_New_Nintendo_3DS_XL_2015_WIFI_Antenna_Replacement/step03_1.jpg	https://guide-images.cdn.ifixit.com/igi/DQAtfmJFRLFufoBV.large	Ryan Butler	https://www.ifixit.com/Guide/New+Nintendo+3DS+XL+2015+WIFI+Antenna+Replacement/86338
86338	New Nintendo 3DS XL 2015 WIFI Antenna Replacement	Nintendo 3DS XL 2015	4	1	Nintendo_3DS_XL_2015/86338_New_Nintendo_3DS_XL_2015_WIFI_Antenna_Replacement/step04_1.jpg	https://guide-images.cdn.ifixit.com/igi/OrrGelvrQqNI2rLT.large	Ryan Butler	https://www.ifixit.com/Guide/New+Nintendo+3DS+XL+2015+WIFI+Antenna+Replacement/86338
86338	New Nintendo 3DS XL 2015 WIFI Antenna Replacement	Nintendo 3DS XL 2015	5	1	Nintendo_3DS_XL_2015/86338_New_Nintendo_3DS_XL_2015_WIFI_Antenna_Replacement/step05_1.jpg	https://guide-images.cdn.ifixit.com/igi/nA1r6ODtyWGMYps3.large	Ryan Butler	https://www.ifixit.com/Guide/New+Nintendo+3DS+XL+2015+WIFI+Antenna+Replacement/86338
86338	New Nintendo 3DS XL 2015 WIFI Antenna Replacement	Nintendo 3DS XL 2015	5	2	Nintendo_3DS_XL_2015/86338_New_Nintendo_3DS_XL_2015_WIFI_Antenna_Replacement/step05_2.jpg	https://guide-images.cdn.ifixit.com/igi/nCgM35SfWxS1LjiY.large	Ryan Butler	https://www.ifixit.com/Guide/New+Nintendo+3DS+XL+2015+WIFI+Antenna+Replacement/86338
86338	New Nintendo 3DS XL 2015 WIFI Antenna Replacement	Nintendo 3DS XL 2015	6	1	Nintendo_3DS_XL_2015/86338_New_Nintendo_3DS_XL_2015_WIFI_Antenna_Replacement/step06_1.jpg	https://guide-images.cdn.ifixit.com/igi/TIvcQXdAyYfU4Wmr.large	Ryan Butler	https://www.ifixit.com/Guide/New+Nintendo+3DS+XL+2015+WIFI+Antenna+Replacement/86338
86338	New Nintendo 3DS XL 2015 WIFI Antenna Replacement	Nintendo 3DS XL 2015	6	2	Nintendo_3DS_XL_2015/86338_New_Nintendo_3DS_XL_2015_WIFI_Antenna_Replacement/step06_2.jpg	https://guide-images.cdn.ifixit.com/igi/cYC5WckASmECvUYI.large	Ryan Butler	https://www.ifixit.com/Guide/New+Nintendo+3DS+XL+2015+WIFI+Antenna+Replacement/86338
86338	New Nintendo 3DS XL 2015 WIFI Antenna Replacement	Nintendo 3DS XL 2015	7	1	Nintendo_3DS_XL_2015/86338_New_Nintendo_3DS_XL_2015_WIFI_Antenna_Replacement/step07_1.jpg	https://guide-images.cdn.ifixit.com/igi/f6rD1CPNdGOToTKX.large	Ryan Butler	https://www.ifixit.com/Guide/New+Nintendo+3DS+XL+2015+WIFI+Antenna+Replacement/86338
86338	New Nintendo 3DS XL 2015 WIFI Antenna Replacement	Nintendo 3DS XL 2015	7	2	Nintendo_3DS_XL_2015/86338_New_Nintendo_3DS_XL_2015_WIFI_Antenna_Replacement/step07_2.jpg	https://guide-images.cdn.ifixit.com/igi/bbMdjgHakC1Dwoaj.large	Ryan Butler	https://www.ifixit.com/Guide/New+Nintendo+3DS+XL+2015+WIFI+Antenna+Replacement/86338
86338	New Nintendo 3DS XL 2015 WIFI Antenna Replacement	Nintendo 3DS XL 2015	7	3	Nintendo_3DS_XL_2015/86338_New_Nintendo_3DS_XL_2015_WIFI_Antenna_Replacement/step07_3.jpg	https://guide-images.cdn.ifixit.com/igi/uu3sQZEE1DPIQHWU.large	Ryan Butler	https://www.ifixit.com/Guide/New+Nintendo+3DS+XL+2015+WIFI+Antenna+Replacement/86338
86338	New Nintendo 3DS XL 2015 WIFI Antenna Replacement	Nintendo 3DS XL 2015	8	1	Nintendo_3DS_XL_2015/86338_New_Nintendo_3DS_XL_2015_WIFI_Antenna_Replacement/step08_1.jpg	https://guide-images.cdn.ifixit.com/igi/qB2QkMgZUY13Oebv.large	Ryan Butler	https://www.ifixit.com/Guide/New+Nintendo+3DS+XL+2015+WIFI+Antenna+Replacement/86338
86338	New Nintendo 3DS XL 2015 WIFI Antenna Replacement	Nintendo 3DS XL 2015	9	1	Nintendo_3DS_XL_2015/86338_New_Nintendo_3DS_XL_2015_WIFI_Antenna_Replacement/step09_1.jpg	https://guide-images.cdn.ifixit.com/igi/4iBjfT6EbMXjfUP1.large	Ryan Butler	https://www.ifixit.com/Guide/New+Nintendo+3DS+XL+2015+WIFI+Antenna+Replacement/86338
86338	New Nintendo 3DS XL 2015 WIFI Antenna Replacement	Nintendo 3DS XL 2015	10	1	Nintendo_3DS_XL_2015/86338_New_Nintendo_3DS_XL_2015_WIFI_Antenna_Replacement/step10_1.jpg	https://guide-images.cdn.ifixit.com/igi/QNVAENKHH1KFvBAV.large	Ryan Butler	https://www.ifixit.com/Guide/New+Nintendo+3DS+XL+2015+WIFI+Antenna+Replacement/86338
86338	New Nintendo 3DS XL 2015 WIFI Antenna Replacement	Nintendo 3DS XL 2015	11	1	Nintendo_3DS_XL_2015/86338_New_Nintendo_3DS_XL_2015_WIFI_Antenna_Replacement/step11_1.jpg	https://guide-images.cdn.ifixit.com/igi/NMIQJ61SmdaTsZOk.large	Ryan Butler	https://www.ifixit.com/Guide/New+Nintendo+3DS+XL+2015+WIFI+Antenna+Replacement/86338
86338	New Nintendo 3DS XL 2015 WIFI Antenna Replacement	Nintendo 3DS XL 2015	12	1	Nintendo_3DS_XL_2015/86338_New_Nintendo_3DS_XL_2015_WIFI_Antenna_Replacement/step12_1.jpg	https://guide-images.cdn.ifixit.com/igi/s5XR6SEbE2Tfuo2A.large	Ryan Butler	https://www.ifixit.com/Guide/New+Nintendo+3DS+XL+2015+WIFI+Antenna+Replacement/86338
86338	New Nintendo 3DS XL 2015 WIFI Antenna Replacement	Nintendo 3DS XL 2015	13	1	Nintendo_3DS_XL_2015/86338_New_Nintendo_3DS_XL_2015_WIFI_Antenna_Replacement/step13_1.jpg	https://guide-images.cdn.ifixit.com/igi/TXxBQi2cIjGvWhkh.large	Ryan Butler	https://www.ifixit.com/Guide/New+Nintendo+3DS+XL+2015+WIFI+Antenna+Replacement/86338
86338	New Nintendo 3DS XL 2015 WIFI Antenna Replacement	Nintendo 3DS XL 2015	13	2	Nintendo_3DS_XL_2015/86338_New_Nintendo_3DS_XL_2015_WIFI_Antenna_Replacement/step13_2.jpg	https://guide-images.cdn.ifixit.com/igi/us1M5CucGWKH6nIB.large	Ryan Butler	https://www.ifixit.com/Guide/New+Nintendo+3DS+XL+2015+WIFI+Antenna+Replacement/86338
86338	New Nintendo 3DS XL 2015 WIFI Antenna Replacement	Nintendo 3DS XL 2015	13	3	Nintendo_3DS_XL_2015/86338_New_Nintendo_3DS_XL_2015_WIFI_Antenna_Replacement/step13_3.jpg	https://guide-images.cdn.ifixit.com/igi/EQsMeEbDCfKnEtEI.large	Ryan Butler	https://www.ifixit.com/Guide/New+Nintendo+3DS+XL+2015+WIFI+Antenna+Replacement/86338
86338	New Nintendo 3DS XL 2015 WIFI Antenna Replacement	Nintendo 3DS XL 2015	14	1	Nintendo_3DS_XL_2015/86338_New_Nintendo_3DS_XL_2015_WIFI_Antenna_Replacement/step14_1.jpg	https://guide-images.cdn.ifixit.com/igi/FUosIVbdGfyBwmcI.large	Ryan Butler	https://www.ifixit.com/Guide/New+Nintendo+3DS+XL+2015+WIFI+Antenna+Replacement/86338
86338	New Nintendo 3DS XL 2015 WIFI Antenna Replacement	Nintendo 3DS XL 2015	15	1	Nintendo_3DS_XL_2015/86338_New_Nintendo_3DS_XL_2015_WIFI_Antenna_Replacement/step15_1.jpg	https://guide-images.cdn.ifixit.com/igi/bNldGWc6JpyiUcih.large	Ryan Butler	https://www.ifixit.com/Guide/New+Nintendo+3DS+XL+2015+WIFI+Antenna+Replacement/86338
86338	New Nintendo 3DS XL 2015 WIFI Antenna Replacement	Nintendo 3DS XL 2015	15	2	Nintendo_3DS_XL_2015/86338_New_Nintendo_3DS_XL_2015_WIFI_Antenna_Replacement/step15_2.jpg	https://guide-images.cdn.ifixit.com/igi/KAlWQOLOMtiSTiIB.large	Ryan Butler	https://www.ifixit.com/Guide/New+Nintendo+3DS+XL+2015+WIFI+Antenna+Replacement/86338
86338	New Nintendo 3DS XL 2015 WIFI Antenna Replacement	Nintendo 3DS XL 2015	16	1	Nintendo_3DS_XL_2015/86338_New_Nintendo_3DS_XL_2015_WIFI_Antenna_Replacement/step16_1.jpg	https://guide-images.cdn.ifixit.com/igi/o4Waa3Ywaaebi6iG.large	Ryan Butler	https://www.ifixit.com/Guide/New+Nintendo+3DS+XL+2015+WIFI+Antenna+Replacement/86338
86338	New Nintendo 3DS XL 2015 WIFI Antenna Replacement	Nintendo 3DS XL 2015	16	2	Nintendo_3DS_XL_2015/86338_New_Nintendo_3DS_XL_2015_WIFI_Antenna_Replacement/step16_2.jpg	https://guide-images.cdn.ifixit.com/igi/qdZMZqx4vgHVVKRT.large	Ryan Butler	https://www.ifixit.com/Guide/New+Nintendo+3DS+XL+2015+WIFI+Antenna+Replacement/86338
86338	New Nintendo 3DS XL 2015 WIFI Antenna Replacement	Nintendo 3DS XL 2015	17	1	Nintendo_3DS_XL_2015/86338_New_Nintendo_3DS_XL_2015_WIFI_Antenna_Replacement/step17_1.jpg	https://guide-images.cdn.ifixit.com/igi/lycSSxCjLqVEDlAU.large	Ryan Butler	https://www.ifixit.com/Guide/New+Nintendo+3DS+XL+2015+WIFI+Antenna+Replacement/86338
86338	New Nintendo 3DS XL 2015 WIFI Antenna Replacement	Nintendo 3DS XL 2015	17	2	Nintendo_3DS_XL_2015/86338_New_Nintendo_3DS_XL_2015_WIFI_Antenna_Replacement/step17_2.jpg	https://guide-images.cdn.ifixit.com/igi/1QwDxWVWErE5QjHI.large	Ryan Butler	https://www.ifixit.com/Guide/New+Nintendo+3DS+XL+2015+WIFI+Antenna+Replacement/86338
86338	New Nintendo 3DS XL 2015 WIFI Antenna Replacement	Nintendo 3DS XL 2015	18	1	Nintendo_3DS_XL_2015/86338_New_Nintendo_3DS_XL_2015_WIFI_Antenna_Replacement/step18_1.jpg	https://guide-images.cdn.ifixit.com/igi/5CEjl4RFpH6aHDXu.large	Ryan Butler	https://www.ifixit.com/Guide/New+Nintendo+3DS+XL+2015+WIFI+Antenna+Replacement/86338
86338	New Nintendo 3DS XL 2015 WIFI Antenna Replacement	Nintendo 3DS XL 2015	18	2	Nintendo_3DS_XL_2015/86338_New_Nintendo_3DS_XL_2015_WIFI_Antenna_Replacement/step18_2.jpg	https://guide-images.cdn.ifixit.com/igi/nrFokrHkafln2Emt.large	Ryan Butler	https://www.ifixit.com/Guide/New+Nintendo+3DS+XL+2015+WIFI+Antenna+Replacement/86338
86338	New Nintendo 3DS XL 2015 WIFI Antenna Replacement	Nintendo 3DS XL 2015	18	3	Nintendo_3DS_XL_2015/86338_New_Nintendo_3DS_XL_2015_WIFI_Antenna_Replacement/step18_3.jpg	https://guide-images.cdn.ifixit.com/igi/XOTy1iihssWshOgI.large	Ryan Butler	https://www.ifixit.com/Guide/New+Nintendo+3DS+XL+2015+WIFI+Antenna+Replacement/86338
86338	New Nintendo 3DS XL 2015 WIFI Antenna Replacement	Nintendo 3DS XL 2015	19	1	Nintendo_3DS_XL_2015/86338_New_Nintendo_3DS_XL_2015_WIFI_Antenna_Replacement/step19_1.jpg	https://guide-images.cdn.ifixit.com/igi/idGQSTHqMnhDCfR2.large	Ryan Butler	https://www.ifixit.com/Guide/New+Nintendo+3DS+XL+2015+WIFI+Antenna+Replacement/86338
86338	New Nintendo 3DS XL 2015 WIFI Antenna Replacement	Nintendo 3DS XL 2015	19	2	Nintendo_3DS_XL_2015/86338_New_Nintendo_3DS_XL_2015_WIFI_Antenna_Replacement/step19_2.jpg	https://guide-images.cdn.ifixit.com/igi/NMdNlpFn3uSp4Haa.large	Ryan Butler	https://www.ifixit.com/Guide/New+Nintendo+3DS+XL+2015+WIFI+Antenna+Replacement/86338
86338	New Nintendo 3DS XL 2015 WIFI Antenna Replacement	Nintendo 3DS XL 2015	20	1	Nintendo_3DS_XL_2015/86338_New_Nintendo_3DS_XL_2015_WIFI_Antenna_Replacement/step20_1.jpg	https://guide-images.cdn.ifixit.com/igi/OAB2HLncAxBhrxEh.large	Ryan Butler	https://www.ifixit.com/Guide/New+Nintendo+3DS+XL+2015+WIFI+Antenna+Replacement/86338
86338	New Nintendo 3DS XL 2015 WIFI Antenna Replacement	Nintendo 3DS XL 2015	21	1	Nintendo_3DS_XL_2015/86338_New_Nintendo_3DS_XL_2015_WIFI_Antenna_Replacement/step21_1.jpg	https://guide-images.cdn.ifixit.com/igi/C3brIDSs3FZ1UjMs.large	Ryan Butler	https://www.ifixit.com/Guide/New+Nintendo+3DS+XL+2015+WIFI+Antenna+Replacement/86338
86338	New Nintendo 3DS XL 2015 WIFI Antenna Replacement	Nintendo 3DS XL 2015	21	2	Nintendo_3DS_XL_2015/86338_New_Nintendo_3DS_XL_2015_WIFI_Antenna_Replacement/step21_2.jpg	https://guide-images.cdn.ifixit.com/igi/4iC465Sdo3LxfL6e.large	Ryan Butler	https://www.ifixit.com/Guide/New+Nintendo+3DS+XL+2015+WIFI+Antenna+Replacement/86338
95708	Re-installing the motherboard of the  3DS XL	Nintendo 3DS XL	1	1	Nintendo_3DS_XL/95708_Re-installing_the_motherboard_of_the_3DS_XL/step01_1.jpg	https://guide-images.cdn.ifixit.com/igi/Tvcr6Co2nZbXXiOB.large	Dan	https://www.ifixit.com/Guide/Re-installing+the+motherboard+of+the++3DS+XL/95708
95977	Nintendo 2DS XL Teardown	New Nintendo 2DS XL	1	1	New_Nintendo_2DS_XL/95977_Nintendo_2DS_XL_Teardown/step01_1.jpg	https://guide-images.cdn.ifixit.com/igi/wAhLyG2j4dM5rHY3.full	Michael Degnan	https://www.ifixit.com/Teardown/Nintendo+2DS+XL+Teardown/95977
98065	New Nintendo 2DS XL Battery Replacement	New Nintendo 2DS XL	1	1	New_Nintendo_2DS_XL/98065_New_Nintendo_2DS_XL_Battery_Replacement/step01_1.jpg	https://guide-images.cdn.ifixit.com/igi/KrgI1OCEqdI6EZnV.large	Tim Newman	https://www.ifixit.com/Guide/New+Nintendo+2DS+XL+Battery+Replacement/98065
98065	New Nintendo 2DS XL Battery Replacement	New Nintendo 2DS XL	2	1	New_Nintendo_2DS_XL/98065_New_Nintendo_2DS_XL_Battery_Replacement/step02_1.jpg	https://guide-images.cdn.ifixit.com/igi/AG46wwoTFSsxGg1Z.large	Tim Newman	https://www.ifixit.com/Guide/New+Nintendo+2DS+XL+Battery+Replacement/98065
98065	New Nintendo 2DS XL Battery Replacement	New Nintendo 2DS XL	3	1	New_Nintendo_2DS_XL/98065_New_Nintendo_2DS_XL_Battery_Replacement/step03_1.jpg	https://guide-images.cdn.ifixit.com/igi/eB4YxTTwTQ6HchXO.large	Tim Newman	https://www.ifixit.com/Guide/New+Nintendo+2DS+XL+Battery+Replacement/98065
98065	New Nintendo 2DS XL Battery Replacement	New Nintendo 2DS XL	3	2	New_Nintendo_2DS_XL/98065_New_Nintendo_2DS_XL_Battery_Replacement/step03_2.jpg	https://guide-images.cdn.ifixit.com/igi/MiHqoVbAY3mST6Ls.large	Tim Newman	https://www.ifixit.com/Guide/New+Nintendo+2DS+XL+Battery+Replacement/98065
98065	New Nintendo 2DS XL Battery Replacement	New Nintendo 2DS XL	4	1	New_Nintendo_2DS_XL/98065_New_Nintendo_2DS_XL_Battery_Replacement/step04_1.jpg	https://guide-images.cdn.ifixit.com/igi/PtophBRkCeD3tZsW.large	Tim Newman	https://www.ifixit.com/Guide/New+Nintendo+2DS+XL+Battery+Replacement/98065
98065	New Nintendo 2DS XL Battery Replacement	New Nintendo 2DS XL	4	2	New_Nintendo_2DS_XL/98065_New_Nintendo_2DS_XL_Battery_Replacement/step04_2.jpg	https://guide-images.cdn.ifixit.com/igi/sLnMpviSoWENSJQk.large	Tim Newman	https://www.ifixit.com/Guide/New+Nintendo+2DS+XL+Battery+Replacement/98065
98065	New Nintendo 2DS XL Battery Replacement	New Nintendo 2DS XL	4	3	New_Nintendo_2DS_XL/98065_New_Nintendo_2DS_XL_Battery_Replacement/step04_3.jpg	https://guide-images.cdn.ifixit.com/igi/CxaLwKZ2IuAS5cAV.large	Tim Newman	https://www.ifixit.com/Guide/New+Nintendo+2DS+XL+Battery+Replacement/98065
98065	New Nintendo 2DS XL Battery Replacement	New Nintendo 2DS XL	5	1	New_Nintendo_2DS_XL/98065_New_Nintendo_2DS_XL_Battery_Replacement/step05_1.jpg	https://guide-images.cdn.ifixit.com/igi/6AT5OJ1MuuBaICeA.large	Tim Newman	https://www.ifixit.com/Guide/New+Nintendo+2DS+XL+Battery+Replacement/98065
98065	New Nintendo 2DS XL Battery Replacement	New Nintendo 2DS XL	5	2	New_Nintendo_2DS_XL/98065_New_Nintendo_2DS_XL_Battery_Replacement/step05_2.jpg	https://guide-images.cdn.ifixit.com/igi/ua4Ruiu5ewlgVKlO.large	Tim Newman	https://www.ifixit.com/Guide/New+Nintendo+2DS+XL+Battery+Replacement/98065
98308	New Nintendo 2DS XL Circle Pad Replacement	New Nintendo 2DS XL	1	1	New_Nintendo_2DS_XL/98308_New_Nintendo_2DS_XL_Circle_Pad_Replacement/step01_1.jpg	https://guide-images.cdn.ifixit.com/igi/KrgI1OCEqdI6EZnV.large	Tim Newman	https://www.ifixit.com/Guide/New+Nintendo+2DS+XL+Circle+Pad+Replacement/98308
98308	New Nintendo 2DS XL Circle Pad Replacement	New Nintendo 2DS XL	2	1	New_Nintendo_2DS_XL/98308_New_Nintendo_2DS_XL_Circle_Pad_Replacement/step02_1.jpg	https://guide-images.cdn.ifixit.com/igi/AG46wwoTFSsxGg1Z.large	Tim Newman	https://www.ifixit.com/Guide/New+Nintendo+2DS+XL+Circle+Pad+Replacement/98308
98308	New Nintendo 2DS XL Circle Pad Replacement	New Nintendo 2DS XL	3	1	New_Nintendo_2DS_XL/98308_New_Nintendo_2DS_XL_Circle_Pad_Replacement/step03_1.jpg	https://guide-images.cdn.ifixit.com/igi/eB4YxTTwTQ6HchXO.large	Tim Newman	https://www.ifixit.com/Guide/New+Nintendo+2DS+XL+Circle+Pad+Replacement/98308
98308	New Nintendo 2DS XL Circle Pad Replacement	New Nintendo 2DS XL	3	2	New_Nintendo_2DS_XL/98308_New_Nintendo_2DS_XL_Circle_Pad_Replacement/step03_2.jpg	https://guide-images.cdn.ifixit.com/igi/MiHqoVbAY3mST6Ls.large	Tim Newman	https://www.ifixit.com/Guide/New+Nintendo+2DS+XL+Circle+Pad+Replacement/98308
98308	New Nintendo 2DS XL Circle Pad Replacement	New Nintendo 2DS XL	4	1	New_Nintendo_2DS_XL/98308_New_Nintendo_2DS_XL_Circle_Pad_Replacement/step04_1.jpg	https://guide-images.cdn.ifixit.com/igi/PtophBRkCeD3tZsW.large	Tim Newman	https://www.ifixit.com/Guide/New+Nintendo+2DS+XL+Circle+Pad+Replacement/98308
98308	New Nintendo 2DS XL Circle Pad Replacement	New Nintendo 2DS XL	4	2	New_Nintendo_2DS_XL/98308_New_Nintendo_2DS_XL_Circle_Pad_Replacement/step04_2.jpg	https://guide-images.cdn.ifixit.com/igi/sLnMpviSoWENSJQk.large	Tim Newman	https://www.ifixit.com/Guide/New+Nintendo+2DS+XL+Circle+Pad+Replacement/98308
98308	New Nintendo 2DS XL Circle Pad Replacement	New Nintendo 2DS XL	4	3	New_Nintendo_2DS_XL/98308_New_Nintendo_2DS_XL_Circle_Pad_Replacement/step04_3.jpg	https://guide-images.cdn.ifixit.com/igi/CxaLwKZ2IuAS5cAV.large	Tim Newman	https://www.ifixit.com/Guide/New+Nintendo+2DS+XL+Circle+Pad+Replacement/98308
98308	New Nintendo 2DS XL Circle Pad Replacement	New Nintendo 2DS XL	5	1	New_Nintendo_2DS_XL/98308_New_Nintendo_2DS_XL_Circle_Pad_Replacement/step05_1.jpg	https://guide-images.cdn.ifixit.com/igi/6AT5OJ1MuuBaICeA.large	Tim Newman	https://www.ifixit.com/Guide/New+Nintendo+2DS+XL+Circle+Pad+Replacement/98308
98308	New Nintendo 2DS XL Circle Pad Replacement	New Nintendo 2DS XL	5	2	New_Nintendo_2DS_XL/98308_New_Nintendo_2DS_XL_Circle_Pad_Replacement/step05_2.jpg	https://guide-images.cdn.ifixit.com/igi/ua4Ruiu5ewlgVKlO.large	Tim Newman	https://www.ifixit.com/Guide/New+Nintendo+2DS+XL+Circle+Pad+Replacement/98308
98308	New Nintendo 2DS XL Circle Pad Replacement	New Nintendo 2DS XL	6	1	New_Nintendo_2DS_XL/98308_New_Nintendo_2DS_XL_Circle_Pad_Replacement/step06_1.jpg	https://guide-images.cdn.ifixit.com/igi/jsjgOUIawZWESUXN.large	Tim Newman	https://www.ifixit.com/Guide/New+Nintendo+2DS+XL+Circle+Pad+Replacement/98308
98308	New Nintendo 2DS XL Circle Pad Replacement	New Nintendo 2DS XL	6	2	New_Nintendo_2DS_XL/98308_New_Nintendo_2DS_XL_Circle_Pad_Replacement/step06_2.jpg	https://guide-images.cdn.ifixit.com/igi/VRgNRQ53qkPwcvlk.large	Tim Newman	https://www.ifixit.com/Guide/New+Nintendo+2DS+XL+Circle+Pad+Replacement/98308
98308	New Nintendo 2DS XL Circle Pad Replacement	New Nintendo 2DS XL	6	3	New_Nintendo_2DS_XL/98308_New_Nintendo_2DS_XL_Circle_Pad_Replacement/step06_3.jpg	https://guide-images.cdn.ifixit.com/igi/dJeHGCVnBjiX1U1P.large	Tim Newman	https://www.ifixit.com/Guide/New+Nintendo+2DS+XL+Circle+Pad+Replacement/98308
98308	New Nintendo 2DS XL Circle Pad Replacement	New Nintendo 2DS XL	7	1	New_Nintendo_2DS_XL/98308_New_Nintendo_2DS_XL_Circle_Pad_Replacement/step07_1.jpg	https://guide-images.cdn.ifixit.com/igi/ccHuE2seoJOQS6kP.large	Tim Newman	https://www.ifixit.com/Guide/New+Nintendo+2DS+XL+Circle+Pad+Replacement/98308
98308	New Nintendo 2DS XL Circle Pad Replacement	New Nintendo 2DS XL	7	2	New_Nintendo_2DS_XL/98308_New_Nintendo_2DS_XL_Circle_Pad_Replacement/step07_2.jpg	https://guide-images.cdn.ifixit.com/igi/NXDcOe3GUOlemOPB.large	Tim Newman	https://www.ifixit.com/Guide/New+Nintendo+2DS+XL+Circle+Pad+Replacement/98308
98308	New Nintendo 2DS XL Circle Pad Replacement	New Nintendo 2DS XL	8	1	New_Nintendo_2DS_XL/98308_New_Nintendo_2DS_XL_Circle_Pad_Replacement/step08_1.jpg	https://guide-images.cdn.ifixit.com/igi/65KIJLy2EIKUVqZE.large	Tim Newman	https://www.ifixit.com/Guide/New+Nintendo+2DS+XL+Circle+Pad+Replacement/98308
98308	New Nintendo 2DS XL Circle Pad Replacement	New Nintendo 2DS XL	8	2	New_Nintendo_2DS_XL/98308_New_Nintendo_2DS_XL_Circle_Pad_Replacement/step08_2.jpg	https://guide-images.cdn.ifixit.com/igi/ok6OMmECgYSMsUPh.large	Tim Newman	https://www.ifixit.com/Guide/New+Nintendo+2DS+XL+Circle+Pad+Replacement/98308
98308	New Nintendo 2DS XL Circle Pad Replacement	New Nintendo 2DS XL	8	3	New_Nintendo_2DS_XL/98308_New_Nintendo_2DS_XL_Circle_Pad_Replacement/step08_3.jpg	https://guide-images.cdn.ifixit.com/igi/KEdQ2GHGis4OTOln.large	Tim Newman	https://www.ifixit.com/Guide/New+Nintendo+2DS+XL+Circle+Pad+Replacement/98308
98311	New Nintendo 2DS XL Front Buttons Replacement	New Nintendo 2DS XL	1	1	New_Nintendo_2DS_XL/98311_New_Nintendo_2DS_XL_Front_Buttons_Replacement/step01_1.jpg	https://guide-images.cdn.ifixit.com/igi/KrgI1OCEqdI6EZnV.large	Tim Newman	https://www.ifixit.com/Guide/New+Nintendo+2DS+XL+Front+Buttons+Replacement/98311
98311	New Nintendo 2DS XL Front Buttons Replacement	New Nintendo 2DS XL	2	1	New_Nintendo_2DS_XL/98311_New_Nintendo_2DS_XL_Front_Buttons_Replacement/step02_1.jpg	https://guide-images.cdn.ifixit.com/igi/AG46wwoTFSsxGg1Z.large	Tim Newman	https://www.ifixit.com/Guide/New+Nintendo+2DS+XL+Front+Buttons+Replacement/98311
98311	New Nintendo 2DS XL Front Buttons Replacement	New Nintendo 2DS XL	3	1	New_Nintendo_2DS_XL/98311_New_Nintendo_2DS_XL_Front_Buttons_Replacement/step03_1.jpg	https://guide-images.cdn.ifixit.com/igi/eB4YxTTwTQ6HchXO.large	Tim Newman	https://www.ifixit.com/Guide/New+Nintendo+2DS+XL+Front+Buttons+Replacement/98311
98311	New Nintendo 2DS XL Front Buttons Replacement	New Nintendo 2DS XL	3	2	New_Nintendo_2DS_XL/98311_New_Nintendo_2DS_XL_Front_Buttons_Replacement/step03_2.jpg	https://guide-images.cdn.ifixit.com/igi/MiHqoVbAY3mST6Ls.large	Tim Newman	https://www.ifixit.com/Guide/New+Nintendo+2DS+XL+Front+Buttons+Replacement/98311
98311	New Nintendo 2DS XL Front Buttons Replacement	New Nintendo 2DS XL	4	1	New_Nintendo_2DS_XL/98311_New_Nintendo_2DS_XL_Front_Buttons_Replacement/step04_1.jpg	https://guide-images.cdn.ifixit.com/igi/PtophBRkCeD3tZsW.large	Tim Newman	https://www.ifixit.com/Guide/New+Nintendo+2DS+XL+Front+Buttons+Replacement/98311
98311	New Nintendo 2DS XL Front Buttons Replacement	New Nintendo 2DS XL	4	2	New_Nintendo_2DS_XL/98311_New_Nintendo_2DS_XL_Front_Buttons_Replacement/step04_2.jpg	https://guide-images.cdn.ifixit.com/igi/sLnMpviSoWENSJQk.large	Tim Newman	https://www.ifixit.com/Guide/New+Nintendo+2DS+XL+Front+Buttons+Replacement/98311
98311	New Nintendo 2DS XL Front Buttons Replacement	New Nintendo 2DS XL	4	3	New_Nintendo_2DS_XL/98311_New_Nintendo_2DS_XL_Front_Buttons_Replacement/step04_3.jpg	https://guide-images.cdn.ifixit.com/igi/CxaLwKZ2IuAS5cAV.large	Tim Newman	https://www.ifixit.com/Guide/New+Nintendo+2DS+XL+Front+Buttons+Replacement/98311
98311	New Nintendo 2DS XL Front Buttons Replacement	New Nintendo 2DS XL	5	1	New_Nintendo_2DS_XL/98311_New_Nintendo_2DS_XL_Front_Buttons_Replacement/step05_1.jpg	https://guide-images.cdn.ifixit.com/igi/6AT5OJ1MuuBaICeA.large	Tim Newman	https://www.ifixit.com/Guide/New+Nintendo+2DS+XL+Front+Buttons+Replacement/98311
98311	New Nintendo 2DS XL Front Buttons Replacement	New Nintendo 2DS XL	5	2	New_Nintendo_2DS_XL/98311_New_Nintendo_2DS_XL_Front_Buttons_Replacement/step05_2.jpg	https://guide-images.cdn.ifixit.com/igi/ua4Ruiu5ewlgVKlO.large	Tim Newman	https://www.ifixit.com/Guide/New+Nintendo+2DS+XL+Front+Buttons+Replacement/98311
98311	New Nintendo 2DS XL Front Buttons Replacement	New Nintendo 2DS XL	6	1	New_Nintendo_2DS_XL/98311_New_Nintendo_2DS_XL_Front_Buttons_Replacement/step06_1.jpg	https://guide-images.cdn.ifixit.com/igi/VjSoR1r4pukqwicb.large	Tim Newman	https://www.ifixit.com/Guide/New+Nintendo+2DS+XL+Front+Buttons+Replacement/98311
98311	New Nintendo 2DS XL Front Buttons Replacement	New Nintendo 2DS XL	6	2	New_Nintendo_2DS_XL/98311_New_Nintendo_2DS_XL_Front_Buttons_Replacement/step06_2.jpg	https://guide-images.cdn.ifixit.com/igi/mDsPxLStvgmPJlHp.large	Tim Newman	https://www.ifixit.com/Guide/New+Nintendo+2DS+XL+Front+Buttons+Replacement/98311
98311	New Nintendo 2DS XL Front Buttons Replacement	New Nintendo 2DS XL	7	1	New_Nintendo_2DS_XL/98311_New_Nintendo_2DS_XL_Front_Buttons_Replacement/step07_1.jpg	https://guide-images.cdn.ifixit.com/igi/lENbxc1owHxJd2B5.large	Tim Newman	https://www.ifixit.com/Guide/New+Nintendo+2DS+XL+Front+Buttons+Replacement/98311
98311	New Nintendo 2DS XL Front Buttons Replacement	New Nintendo 2DS XL	7	2	New_Nintendo_2DS_XL/98311_New_Nintendo_2DS_XL_Front_Buttons_Replacement/step07_2.jpg	https://guide-images.cdn.ifixit.com/igi/Ty63qp3gtGSWq2Df.large	Tim Newman	https://www.ifixit.com/Guide/New+Nintendo+2DS+XL+Front+Buttons+Replacement/98311
98311	New Nintendo 2DS XL Front Buttons Replacement	New Nintendo 2DS XL	8	1	New_Nintendo_2DS_XL/98311_New_Nintendo_2DS_XL_Front_Buttons_Replacement/step08_1.jpg	https://guide-images.cdn.ifixit.com/igi/GqvOCteO2iYPDwUf.large	Tim Newman	https://www.ifixit.com/Guide/New+Nintendo+2DS+XL+Front+Buttons+Replacement/98311
98311	New Nintendo 2DS XL Front Buttons Replacement	New Nintendo 2DS XL	8	2	New_Nintendo_2DS_XL/98311_New_Nintendo_2DS_XL_Front_Buttons_Replacement/step08_2.jpg	https://guide-images.cdn.ifixit.com/igi/AfDTdwEG1IjHHCef.large	Tim Newman	https://www.ifixit.com/Guide/New+Nintendo+2DS+XL+Front+Buttons+Replacement/98311
98311	New Nintendo 2DS XL Front Buttons Replacement	New Nintendo 2DS XL	9	1	New_Nintendo_2DS_XL/98311_New_Nintendo_2DS_XL_Front_Buttons_Replacement/step09_1.jpg	https://guide-images.cdn.ifixit.com/igi/1AWjFXVBiOKmFNhR.large	Tim Newman	https://www.ifixit.com/Guide/New+Nintendo+2DS+XL+Front+Buttons+Replacement/98311
98311	New Nintendo 2DS XL Front Buttons Replacement	New Nintendo 2DS XL	9	2	New_Nintendo_2DS_XL/98311_New_Nintendo_2DS_XL_Front_Buttons_Replacement/step09_2.jpg	https://guide-images.cdn.ifixit.com/igi/xHuOoIpFuYUssHPT.large	Tim Newman	https://www.ifixit.com/Guide/New+Nintendo+2DS+XL+Front+Buttons+Replacement/98311
98311	New Nintendo 2DS XL Front Buttons Replacement	New Nintendo 2DS XL	9	3	New_Nintendo_2DS_XL/98311_New_Nintendo_2DS_XL_Front_Buttons_Replacement/step09_3.jpg	https://guide-images.cdn.ifixit.com/igi/hqMbMBTZvBFWGu5s.large	Tim Newman	https://www.ifixit.com/Guide/New+Nintendo+2DS+XL+Front+Buttons+Replacement/98311
98311	New Nintendo 2DS XL Front Buttons Replacement	New Nintendo 2DS XL	10	1	New_Nintendo_2DS_XL/98311_New_Nintendo_2DS_XL_Front_Buttons_Replacement/step10_1.jpg	https://guide-images.cdn.ifixit.com/igi/SUIT6nTdrgJSLmL6.large	Tim Newman	https://www.ifixit.com/Guide/New+Nintendo+2DS+XL+Front+Buttons+Replacement/98311
98311	New Nintendo 2DS XL Front Buttons Replacement	New Nintendo 2DS XL	10	2	New_Nintendo_2DS_XL/98311_New_Nintendo_2DS_XL_Front_Buttons_Replacement/step10_2.jpg	https://guide-images.cdn.ifixit.com/igi/1LHNhvAVBHYTPGTE.large	Tim Newman	https://www.ifixit.com/Guide/New+Nintendo+2DS+XL+Front+Buttons+Replacement/98311
98311	New Nintendo 2DS XL Front Buttons Replacement	New Nintendo 2DS XL	10	3	New_Nintendo_2DS_XL/98311_New_Nintendo_2DS_XL_Front_Buttons_Replacement/step10_3.jpg	https://guide-images.cdn.ifixit.com/igi/hMLaJ2UiYgM1RSek.large	Tim Newman	https://www.ifixit.com/Guide/New+Nintendo+2DS+XL+Front+Buttons+Replacement/98311
98311	New Nintendo 2DS XL Front Buttons Replacement	New Nintendo 2DS XL	11	1	New_Nintendo_2DS_XL/98311_New_Nintendo_2DS_XL_Front_Buttons_Replacement/step11_1.jpg	https://guide-images.cdn.ifixit.com/igi/1cwwoDgCSSJZT6Ea.large	Tim Newman	https://www.ifixit.com/Guide/New+Nintendo+2DS+XL+Front+Buttons+Replacement/98311
98311	New Nintendo 2DS XL Front Buttons Replacement	New Nintendo 2DS XL	11	2	New_Nintendo_2DS_XL/98311_New_Nintendo_2DS_XL_Front_Buttons_Replacement/step11_2.jpg	https://guide-images.cdn.ifixit.com/igi/JQitoP2fXQnPBHQD.large	Tim Newman	https://www.ifixit.com/Guide/New+Nintendo+2DS+XL+Front+Buttons+Replacement/98311
98311	New Nintendo 2DS XL Front Buttons Replacement	New Nintendo 2DS XL	11	3	New_Nintendo_2DS_XL/98311_New_Nintendo_2DS_XL_Front_Buttons_Replacement/step11_3.jpg	https://guide-images.cdn.ifixit.com/igi/eYyA5dS1rSILCFa5.large	Tim Newman	https://www.ifixit.com/Guide/New+Nintendo+2DS+XL+Front+Buttons+Replacement/98311
98311	New Nintendo 2DS XL Front Buttons Replacement	New Nintendo 2DS XL	12	1	New_Nintendo_2DS_XL/98311_New_Nintendo_2DS_XL_Front_Buttons_Replacement/step12_1.jpg	https://guide-images.cdn.ifixit.com/igi/11ffSkdYLQKDnkUa.large	Tim Newman	https://www.ifixit.com/Guide/New+Nintendo+2DS+XL+Front+Buttons+Replacement/98311
98311	New Nintendo 2DS XL Front Buttons Replacement	New Nintendo 2DS XL	12	2	New_Nintendo_2DS_XL/98311_New_Nintendo_2DS_XL_Front_Buttons_Replacement/step12_2.jpg	https://guide-images.cdn.ifixit.com/igi/lyBftax4pLCY3FcF.large	Tim Newman	https://www.ifixit.com/Guide/New+Nintendo+2DS+XL+Front+Buttons+Replacement/98311
98311	New Nintendo 2DS XL Front Buttons Replacement	New Nintendo 2DS XL	12	3	New_Nintendo_2DS_XL/98311_New_Nintendo_2DS_XL_Front_Buttons_Replacement/step12_3.jpg	https://guide-images.cdn.ifixit.com/igi/PLhgAthrMuOOuJl6.large	Tim Newman	https://www.ifixit.com/Guide/New+Nintendo+2DS+XL+Front+Buttons+Replacement/98311
98314	New Nintendo 2DS XL Touchscreen Replacement	New Nintendo 2DS XL	1	1	New_Nintendo_2DS_XL/98314_New_Nintendo_2DS_XL_Touchscreen_Replacement/step01_1.jpg	https://guide-images.cdn.ifixit.com/igi/KrgI1OCEqdI6EZnV.large	Tim Newman	https://www.ifixit.com/Guide/New+Nintendo+2DS+XL+Touchscreen+Replacement/98314
98314	New Nintendo 2DS XL Touchscreen Replacement	New Nintendo 2DS XL	2	1	New_Nintendo_2DS_XL/98314_New_Nintendo_2DS_XL_Touchscreen_Replacement/step02_1.jpg	https://guide-images.cdn.ifixit.com/igi/AG46wwoTFSsxGg1Z.large	Tim Newman	https://www.ifixit.com/Guide/New+Nintendo+2DS+XL+Touchscreen+Replacement/98314
98314	New Nintendo 2DS XL Touchscreen Replacement	New Nintendo 2DS XL	3	1	New_Nintendo_2DS_XL/98314_New_Nintendo_2DS_XL_Touchscreen_Replacement/step03_1.jpg	https://guide-images.cdn.ifixit.com/igi/eB4YxTTwTQ6HchXO.large	Tim Newman	https://www.ifixit.com/Guide/New+Nintendo+2DS+XL+Touchscreen+Replacement/98314
98314	New Nintendo 2DS XL Touchscreen Replacement	New Nintendo 2DS XL	3	2	New_Nintendo_2DS_XL/98314_New_Nintendo_2DS_XL_Touchscreen_Replacement/step03_2.jpg	https://guide-images.cdn.ifixit.com/igi/MiHqoVbAY3mST6Ls.large	Tim Newman	https://www.ifixit.com/Guide/New+Nintendo+2DS+XL+Touchscreen+Replacement/98314
98314	New Nintendo 2DS XL Touchscreen Replacement	New Nintendo 2DS XL	4	1	New_Nintendo_2DS_XL/98314_New_Nintendo_2DS_XL_Touchscreen_Replacement/step04_1.jpg	https://guide-images.cdn.ifixit.com/igi/PtophBRkCeD3tZsW.large	Tim Newman	https://www.ifixit.com/Guide/New+Nintendo+2DS+XL+Touchscreen+Replacement/98314
98314	New Nintendo 2DS XL Touchscreen Replacement	New Nintendo 2DS XL	4	2	New_Nintendo_2DS_XL/98314_New_Nintendo_2DS_XL_Touchscreen_Replacement/step04_2.jpg	https://guide-images.cdn.ifixit.com/igi/sLnMpviSoWENSJQk.large	Tim Newman	https://www.ifixit.com/Guide/New+Nintendo+2DS+XL+Touchscreen+Replacement/98314
98314	New Nintendo 2DS XL Touchscreen Replacement	New Nintendo 2DS XL	4	3	New_Nintendo_2DS_XL/98314_New_Nintendo_2DS_XL_Touchscreen_Replacement/step04_3.jpg	https://guide-images.cdn.ifixit.com/igi/CxaLwKZ2IuAS5cAV.large	Tim Newman	https://www.ifixit.com/Guide/New+Nintendo+2DS+XL+Touchscreen+Replacement/98314
98314	New Nintendo 2DS XL Touchscreen Replacement	New Nintendo 2DS XL	5	1	New_Nintendo_2DS_XL/98314_New_Nintendo_2DS_XL_Touchscreen_Replacement/step05_1.jpg	https://guide-images.cdn.ifixit.com/igi/6AT5OJ1MuuBaICeA.large	Tim Newman	https://www.ifixit.com/Guide/New+Nintendo+2DS+XL+Touchscreen+Replacement/98314
98314	New Nintendo 2DS XL Touchscreen Replacement	New Nintendo 2DS XL	5	2	New_Nintendo_2DS_XL/98314_New_Nintendo_2DS_XL_Touchscreen_Replacement/step05_2.jpg	https://guide-images.cdn.ifixit.com/igi/ua4Ruiu5ewlgVKlO.large	Tim Newman	https://www.ifixit.com/Guide/New+Nintendo+2DS+XL+Touchscreen+Replacement/98314
98314	New Nintendo 2DS XL Touchscreen Replacement	New Nintendo 2DS XL	6	1	New_Nintendo_2DS_XL/98314_New_Nintendo_2DS_XL_Touchscreen_Replacement/step06_1.jpg	https://guide-images.cdn.ifixit.com/igi/VjSoR1r4pukqwicb.large	Tim Newman	https://www.ifixit.com/Guide/New+Nintendo+2DS+XL+Touchscreen+Replacement/98314
98314	New Nintendo 2DS XL Touchscreen Replacement	New Nintendo 2DS XL	6	2	New_Nintendo_2DS_XL/98314_New_Nintendo_2DS_XL_Touchscreen_Replacement/step06_2.jpg	https://guide-images.cdn.ifixit.com/igi/mDsPxLStvgmPJlHp.large	Tim Newman	https://www.ifixit.com/Guide/New+Nintendo+2DS+XL+Touchscreen+Replacement/98314
98314	New Nintendo 2DS XL Touchscreen Replacement	New Nintendo 2DS XL	7	1	New_Nintendo_2DS_XL/98314_New_Nintendo_2DS_XL_Touchscreen_Replacement/step07_1.jpg	https://guide-images.cdn.ifixit.com/igi/lENbxc1owHxJd2B5.large	Tim Newman	https://www.ifixit.com/Guide/New+Nintendo+2DS+XL+Touchscreen+Replacement/98314
98314	New Nintendo 2DS XL Touchscreen Replacement	New Nintendo 2DS XL	7	2	New_Nintendo_2DS_XL/98314_New_Nintendo_2DS_XL_Touchscreen_Replacement/step07_2.jpg	https://guide-images.cdn.ifixit.com/igi/Ty63qp3gtGSWq2Df.large	Tim Newman	https://www.ifixit.com/Guide/New+Nintendo+2DS+XL+Touchscreen+Replacement/98314
98314	New Nintendo 2DS XL Touchscreen Replacement	New Nintendo 2DS XL	8	1	New_Nintendo_2DS_XL/98314_New_Nintendo_2DS_XL_Touchscreen_Replacement/step08_1.jpg	https://guide-images.cdn.ifixit.com/igi/GqvOCteO2iYPDwUf.large	Tim Newman	https://www.ifixit.com/Guide/New+Nintendo+2DS+XL+Touchscreen+Replacement/98314
98314	New Nintendo 2DS XL Touchscreen Replacement	New Nintendo 2DS XL	8	2	New_Nintendo_2DS_XL/98314_New_Nintendo_2DS_XL_Touchscreen_Replacement/step08_2.jpg	https://guide-images.cdn.ifixit.com/igi/AfDTdwEG1IjHHCef.large	Tim Newman	https://www.ifixit.com/Guide/New+Nintendo+2DS+XL+Touchscreen+Replacement/98314
98314	New Nintendo 2DS XL Touchscreen Replacement	New Nintendo 2DS XL	9	1	New_Nintendo_2DS_XL/98314_New_Nintendo_2DS_XL_Touchscreen_Replacement/step09_1.jpg	https://guide-images.cdn.ifixit.com/igi/ol4jyICbCZsn66yI.large	Tim Newman	https://www.ifixit.com/Guide/New+Nintendo+2DS+XL+Touchscreen+Replacement/98314
98314	New Nintendo 2DS XL Touchscreen Replacement	New Nintendo 2DS XL	9	2	New_Nintendo_2DS_XL/98314_New_Nintendo_2DS_XL_Touchscreen_Replacement/step09_2.jpg	https://guide-images.cdn.ifixit.com/igi/yPAbCLGELWP6jNbv.large	Tim Newman	https://www.ifixit.com/Guide/New+Nintendo+2DS+XL+Touchscreen+Replacement/98314
98314	New Nintendo 2DS XL Touchscreen Replacement	New Nintendo 2DS XL	10	1	New_Nintendo_2DS_XL/98314_New_Nintendo_2DS_XL_Touchscreen_Replacement/step10_1.jpg	https://guide-images.cdn.ifixit.com/igi/DoPI4JsKlabhpWYI.large	Tim Newman	https://www.ifixit.com/Guide/New+Nintendo+2DS+XL+Touchscreen+Replacement/98314
98314	New Nintendo 2DS XL Touchscreen Replacement	New Nintendo 2DS XL	10	2	New_Nintendo_2DS_XL/98314_New_Nintendo_2DS_XL_Touchscreen_Replacement/step10_2.jpg	https://guide-images.cdn.ifixit.com/igi/f3GSso2O5ZbIJObD.large	Tim Newman	https://www.ifixit.com/Guide/New+Nintendo+2DS+XL+Touchscreen+Replacement/98314
104871	New Nintendo 3DS XL 2015 Circle Pad Replacement	Nintendo 3DS XL 2015	1	1	Nintendo_3DS_XL_2015/104871_New_Nintendo_3DS_XL_2015_Circle_Pad_Replacement/step01_1.jpg	https://guide-images.cdn.ifixit.com/igi/f4Bt5pbatZdHri1F.large	Tori Anderson	https://www.ifixit.com/Guide/New+Nintendo+3DS+XL+2015+Circle+Pad+Replacement/104871
104871	New Nintendo 3DS XL 2015 Circle Pad Replacement	Nintendo 3DS XL 2015	2	1	Nintendo_3DS_XL_2015/104871_New_Nintendo_3DS_XL_2015_Circle_Pad_Replacement/step02_1.jpg	https://guide-images.cdn.ifixit.com/igi/MOXPGqNWgc6Nnd5S.large	Tori Anderson	https://www.ifixit.com/Guide/New+Nintendo+3DS+XL+2015+Circle+Pad+Replacement/104871
104871	New Nintendo 3DS XL 2015 Circle Pad Replacement	Nintendo 3DS XL 2015	2	2	Nintendo_3DS_XL_2015/104871_New_Nintendo_3DS_XL_2015_Circle_Pad_Replacement/step02_2.jpg	https://guide-images.cdn.ifixit.com/igi/YMEjteelpVJU3BwM.large	Tori Anderson	https://www.ifixit.com/Guide/New+Nintendo+3DS+XL+2015+Circle+Pad+Replacement/104871
104871	New Nintendo 3DS XL 2015 Circle Pad Replacement	Nintendo 3DS XL 2015	2	3	Nintendo_3DS_XL_2015/104871_New_Nintendo_3DS_XL_2015_Circle_Pad_Replacement/step02_3.jpg	https://guide-images.cdn.ifixit.com/igi/5oRcMrRdHqjQ5Txs.large	Tori Anderson	https://www.ifixit.com/Guide/New+Nintendo+3DS+XL+2015+Circle+Pad+Replacement/104871
104871	New Nintendo 3DS XL 2015 Circle Pad Replacement	Nintendo 3DS XL 2015	3	1	Nintendo_3DS_XL_2015/104871_New_Nintendo_3DS_XL_2015_Circle_Pad_Replacement/step03_1.jpg	https://guide-images.cdn.ifixit.com/igi/C3hMFkrB2mWWb4Be.large	Tori Anderson	https://www.ifixit.com/Guide/New+Nintendo+3DS+XL+2015+Circle+Pad+Replacement/104871
104871	New Nintendo 3DS XL 2015 Circle Pad Replacement	Nintendo 3DS XL 2015	3	2	Nintendo_3DS_XL_2015/104871_New_Nintendo_3DS_XL_2015_Circle_Pad_Replacement/step03_2.jpg	https://guide-images.cdn.ifixit.com/igi/VOrQvE5mJUiTKTD1.large	Tori Anderson	https://www.ifixit.com/Guide/New+Nintendo+3DS+XL+2015+Circle+Pad+Replacement/104871
104871	New Nintendo 3DS XL 2015 Circle Pad Replacement	Nintendo 3DS XL 2015	4	1	Nintendo_3DS_XL_2015/104871_New_Nintendo_3DS_XL_2015_Circle_Pad_Replacement/step04_1.jpg	https://guide-images.cdn.ifixit.com/igi/3XnCJSqSmYQSennW.large	Tori Anderson	https://www.ifixit.com/Guide/New+Nintendo+3DS+XL+2015+Circle+Pad+Replacement/104871
104871	New Nintendo 3DS XL 2015 Circle Pad Replacement	Nintendo 3DS XL 2015	4	2	Nintendo_3DS_XL_2015/104871_New_Nintendo_3DS_XL_2015_Circle_Pad_Replacement/step04_2.jpg	https://guide-images.cdn.ifixit.com/igi/i62RuWDOMXJEZv2p.large	Tori Anderson	https://www.ifixit.com/Guide/New+Nintendo+3DS+XL+2015+Circle+Pad+Replacement/104871
104871	New Nintendo 3DS XL 2015 Circle Pad Replacement	Nintendo 3DS XL 2015	4	3	Nintendo_3DS_XL_2015/104871_New_Nintendo_3DS_XL_2015_Circle_Pad_Replacement/step04_3.jpg	https://guide-images.cdn.ifixit.com/igi/u1ULPHBAUZYsDPMh.large	Tori Anderson	https://www.ifixit.com/Guide/New+Nintendo+3DS+XL+2015+Circle+Pad+Replacement/104871
104871	New Nintendo 3DS XL 2015 Circle Pad Replacement	Nintendo 3DS XL 2015	5	1	Nintendo_3DS_XL_2015/104871_New_Nintendo_3DS_XL_2015_Circle_Pad_Replacement/step05_1.jpg	https://guide-images.cdn.ifixit.com/igi/4DyTSFZDuhfrsMog.large	Tori Anderson	https://www.ifixit.com/Guide/New+Nintendo+3DS+XL+2015+Circle+Pad+Replacement/104871
104871	New Nintendo 3DS XL 2015 Circle Pad Replacement	Nintendo 3DS XL 2015	5	2	Nintendo_3DS_XL_2015/104871_New_Nintendo_3DS_XL_2015_Circle_Pad_Replacement/step05_2.jpg	https://guide-images.cdn.ifixit.com/igi/1ybdpgwNxpX11VYb.large	Tori Anderson	https://www.ifixit.com/Guide/New+Nintendo+3DS+XL+2015+Circle+Pad+Replacement/104871
104871	New Nintendo 3DS XL 2015 Circle Pad Replacement	Nintendo 3DS XL 2015	5	3	Nintendo_3DS_XL_2015/104871_New_Nintendo_3DS_XL_2015_Circle_Pad_Replacement/step05_3.jpg	https://guide-images.cdn.ifixit.com/igi/CytfQ6dtMoYFs6Hb.large	Tori Anderson	https://www.ifixit.com/Guide/New+Nintendo+3DS+XL+2015+Circle+Pad+Replacement/104871
104871	New Nintendo 3DS XL 2015 Circle Pad Replacement	Nintendo 3DS XL 2015	6	1	Nintendo_3DS_XL_2015/104871_New_Nintendo_3DS_XL_2015_Circle_Pad_Replacement/step06_1.jpg	https://guide-images.cdn.ifixit.com/igi/vEj2FMGhkDrLiVlD.large	Tori Anderson	https://www.ifixit.com/Guide/New+Nintendo+3DS+XL+2015+Circle+Pad+Replacement/104871
104871	New Nintendo 3DS XL 2015 Circle Pad Replacement	Nintendo 3DS XL 2015	6	2	Nintendo_3DS_XL_2015/104871_New_Nintendo_3DS_XL_2015_Circle_Pad_Replacement/step06_2.jpg	https://guide-images.cdn.ifixit.com/igi/f2RDkLYfnWVQNgCt.large	Tori Anderson	https://www.ifixit.com/Guide/New+Nintendo+3DS+XL+2015+Circle+Pad+Replacement/104871
104871	New Nintendo 3DS XL 2015 Circle Pad Replacement	Nintendo 3DS XL 2015	7	1	Nintendo_3DS_XL_2015/104871_New_Nintendo_3DS_XL_2015_Circle_Pad_Replacement/step07_1.jpg	https://guide-images.cdn.ifixit.com/igi/5xtUZCnMc1ZPQqU1.large	Tori Anderson	https://www.ifixit.com/Guide/New+Nintendo+3DS+XL+2015+Circle+Pad+Replacement/104871
104871	New Nintendo 3DS XL 2015 Circle Pad Replacement	Nintendo 3DS XL 2015	8	1	Nintendo_3DS_XL_2015/104871_New_Nintendo_3DS_XL_2015_Circle_Pad_Replacement/step08_1.jpg	https://guide-images.cdn.ifixit.com/igi/pJFZIFQGdAYNXEbl.large	Tori Anderson	https://www.ifixit.com/Guide/New+Nintendo+3DS+XL+2015+Circle+Pad+Replacement/104871
104871	New Nintendo 3DS XL 2015 Circle Pad Replacement	Nintendo 3DS XL 2015	8	2	Nintendo_3DS_XL_2015/104871_New_Nintendo_3DS_XL_2015_Circle_Pad_Replacement/step08_2.jpg	https://guide-images.cdn.ifixit.com/igi/HCmSkBrNOOEbSJKs.large	Tori Anderson	https://www.ifixit.com/Guide/New+Nintendo+3DS+XL+2015+Circle+Pad+Replacement/104871
104871	New Nintendo 3DS XL 2015 Circle Pad Replacement	Nintendo 3DS XL 2015	8	3	Nintendo_3DS_XL_2015/104871_New_Nintendo_3DS_XL_2015_Circle_Pad_Replacement/step08_3.jpg	https://guide-images.cdn.ifixit.com/igi/YuEjfwYayJZUlvLN.large	Tori Anderson	https://www.ifixit.com/Guide/New+Nintendo+3DS+XL+2015+Circle+Pad+Replacement/104871
117948	New Nintendo 2DS XL Top Screen  Replacement	New Nintendo 2DS XL	1	1	New_Nintendo_2DS_XL/117948_New_Nintendo_2DS_XL_Top_Screen_Replacement/step01_1.jpg	https://guide-images.cdn.ifixit.com/igi/KrgI1OCEqdI6EZnV.large	Chris Julian	https://www.ifixit.com/Guide/New+Nintendo+2DS+XL+Top+Screen++Replacement/117948
117948	New Nintendo 2DS XL Top Screen  Replacement	New Nintendo 2DS XL	2	1	New_Nintendo_2DS_XL/117948_New_Nintendo_2DS_XL_Top_Screen_Replacement/step02_1.jpg	https://guide-images.cdn.ifixit.com/igi/AG46wwoTFSsxGg1Z.large	Chris Julian	https://www.ifixit.com/Guide/New+Nintendo+2DS+XL+Top+Screen++Replacement/117948
117948	New Nintendo 2DS XL Top Screen  Replacement	New Nintendo 2DS XL	3	1	New_Nintendo_2DS_XL/117948_New_Nintendo_2DS_XL_Top_Screen_Replacement/step03_1.jpg	https://guide-images.cdn.ifixit.com/igi/eB4YxTTwTQ6HchXO.large	Chris Julian	https://www.ifixit.com/Guide/New+Nintendo+2DS+XL+Top+Screen++Replacement/117948
117948	New Nintendo 2DS XL Top Screen  Replacement	New Nintendo 2DS XL	3	2	New_Nintendo_2DS_XL/117948_New_Nintendo_2DS_XL_Top_Screen_Replacement/step03_2.jpg	https://guide-images.cdn.ifixit.com/igi/MiHqoVbAY3mST6Ls.large	Chris Julian	https://www.ifixit.com/Guide/New+Nintendo+2DS+XL+Top+Screen++Replacement/117948
117948	New Nintendo 2DS XL Top Screen  Replacement	New Nintendo 2DS XL	4	1	New_Nintendo_2DS_XL/117948_New_Nintendo_2DS_XL_Top_Screen_Replacement/step04_1.jpg	https://guide-images.cdn.ifixit.com/igi/PtophBRkCeD3tZsW.large	Chris Julian	https://www.ifixit.com/Guide/New+Nintendo+2DS+XL+Top+Screen++Replacement/117948
117948	New Nintendo 2DS XL Top Screen  Replacement	New Nintendo 2DS XL	4	2	New_Nintendo_2DS_XL/117948_New_Nintendo_2DS_XL_Top_Screen_Replacement/step04_2.jpg	https://guide-images.cdn.ifixit.com/igi/sLnMpviSoWENSJQk.large	Chris Julian	https://www.ifixit.com/Guide/New+Nintendo+2DS+XL+Top+Screen++Replacement/117948
117948	New Nintendo 2DS XL Top Screen  Replacement	New Nintendo 2DS XL	4	3	New_Nintendo_2DS_XL/117948_New_Nintendo_2DS_XL_Top_Screen_Replacement/step04_3.jpg	https://guide-images.cdn.ifixit.com/igi/CxaLwKZ2IuAS5cAV.large	Chris Julian	https://www.ifixit.com/Guide/New+Nintendo+2DS+XL+Top+Screen++Replacement/117948
117948	New Nintendo 2DS XL Top Screen  Replacement	New Nintendo 2DS XL	5	1	New_Nintendo_2DS_XL/117948_New_Nintendo_2DS_XL_Top_Screen_Replacement/step05_1.jpg	https://guide-images.cdn.ifixit.com/igi/6AT5OJ1MuuBaICeA.large	Chris Julian	https://www.ifixit.com/Guide/New+Nintendo+2DS+XL+Top+Screen++Replacement/117948
117948	New Nintendo 2DS XL Top Screen  Replacement	New Nintendo 2DS XL	5	2	New_Nintendo_2DS_XL/117948_New_Nintendo_2DS_XL_Top_Screen_Replacement/step05_2.jpg	https://guide-images.cdn.ifixit.com/igi/ua4Ruiu5ewlgVKlO.large	Chris Julian	https://www.ifixit.com/Guide/New+Nintendo+2DS+XL+Top+Screen++Replacement/117948
117948	New Nintendo 2DS XL Top Screen  Replacement	New Nintendo 2DS XL	6	1	New_Nintendo_2DS_XL/117948_New_Nintendo_2DS_XL_Top_Screen_Replacement/step06_1.jpg	https://guide-images.cdn.ifixit.com/igi/qx1LHsBXUptAbWAB.large	Chris Julian	https://www.ifixit.com/Guide/New+Nintendo+2DS+XL+Top+Screen++Replacement/117948
117948	New Nintendo 2DS XL Top Screen  Replacement	New Nintendo 2DS XL	6	2	New_Nintendo_2DS_XL/117948_New_Nintendo_2DS_XL_Top_Screen_Replacement/step06_2.jpg	https://guide-images.cdn.ifixit.com/igi/5ZVuUARhdjQ16cuO.large	Chris Julian	https://www.ifixit.com/Guide/New+Nintendo+2DS+XL+Top+Screen++Replacement/117948
117948	New Nintendo 2DS XL Top Screen  Replacement	New Nintendo 2DS XL	6	3	New_Nintendo_2DS_XL/117948_New_Nintendo_2DS_XL_Top_Screen_Replacement/step06_3.jpg	https://guide-images.cdn.ifixit.com/igi/HhcTbWKHIPSFFPGI.large	Chris Julian	https://www.ifixit.com/Guide/New+Nintendo+2DS+XL+Top+Screen++Replacement/117948
117948	New Nintendo 2DS XL Top Screen  Replacement	New Nintendo 2DS XL	7	1	New_Nintendo_2DS_XL/117948_New_Nintendo_2DS_XL_Top_Screen_Replacement/step07_1.jpg	https://guide-images.cdn.ifixit.com/igi/dUiZixSDqDGmH5Yl.large	Chris Julian	https://www.ifixit.com/Guide/New+Nintendo+2DS+XL+Top+Screen++Replacement/117948
117948	New Nintendo 2DS XL Top Screen  Replacement	New Nintendo 2DS XL	7	2	New_Nintendo_2DS_XL/117948_New_Nintendo_2DS_XL_Top_Screen_Replacement/step07_2.jpg	https://guide-images.cdn.ifixit.com/igi/U5tcUYjrmlIstNwx.large	Chris Julian	https://www.ifixit.com/Guide/New+Nintendo+2DS+XL+Top+Screen++Replacement/117948
117948	New Nintendo 2DS XL Top Screen  Replacement	New Nintendo 2DS XL	8	1	New_Nintendo_2DS_XL/117948_New_Nintendo_2DS_XL_Top_Screen_Replacement/step08_1.jpg	https://guide-images.cdn.ifixit.com/igi/ensVxyZw1MCjvDCc.large	Chris Julian	https://www.ifixit.com/Guide/New+Nintendo+2DS+XL+Top+Screen++Replacement/117948
117948	New Nintendo 2DS XL Top Screen  Replacement	New Nintendo 2DS XL	8	2	New_Nintendo_2DS_XL/117948_New_Nintendo_2DS_XL_Top_Screen_Replacement/step08_2.jpg	https://guide-images.cdn.ifixit.com/igi/DroLkFc6WGJRJqOU.large	Chris Julian	https://www.ifixit.com/Guide/New+Nintendo+2DS+XL+Top+Screen++Replacement/117948
117948	New Nintendo 2DS XL Top Screen  Replacement	New Nintendo 2DS XL	9	1	New_Nintendo_2DS_XL/117948_New_Nintendo_2DS_XL_Top_Screen_Replacement/step09_1.jpg	https://guide-images.cdn.ifixit.com/igi/RblKBUANmFLPQPfE.large	Chris Julian	https://www.ifixit.com/Guide/New+Nintendo+2DS+XL+Top+Screen++Replacement/117948
117948	New Nintendo 2DS XL Top Screen  Replacement	New Nintendo 2DS XL	9	2	New_Nintendo_2DS_XL/117948_New_Nintendo_2DS_XL_Top_Screen_Replacement/step09_2.jpg	https://guide-images.cdn.ifixit.com/igi/WJsHt5GUO4J6Ocre.large	Chris Julian	https://www.ifixit.com/Guide/New+Nintendo+2DS+XL+Top+Screen++Replacement/117948
117948	New Nintendo 2DS XL Top Screen  Replacement	New Nintendo 2DS XL	10	1	New_Nintendo_2DS_XL/117948_New_Nintendo_2DS_XL_Top_Screen_Replacement/step10_1.jpg	https://guide-images.cdn.ifixit.com/igi/vUEnUPZEyqNEPAAn.large	Chris Julian	https://www.ifixit.com/Guide/New+Nintendo+2DS+XL+Top+Screen++Replacement/117948
117948	New Nintendo 2DS XL Top Screen  Replacement	New Nintendo 2DS XL	10	2	New_Nintendo_2DS_XL/117948_New_Nintendo_2DS_XL_Top_Screen_Replacement/step10_2.jpg	https://guide-images.cdn.ifixit.com/igi/cmkNDm3ROrIssF4I.large	Chris Julian	https://www.ifixit.com/Guide/New+Nintendo+2DS+XL+Top+Screen++Replacement/117948
117948	New Nintendo 2DS XL Top Screen  Replacement	New Nintendo 2DS XL	10	3	New_Nintendo_2DS_XL/117948_New_Nintendo_2DS_XL_Top_Screen_Replacement/step10_3.jpg	https://guide-images.cdn.ifixit.com/igi/CcBjqGEFyXQm2dxd.large	Chris Julian	https://www.ifixit.com/Guide/New+Nintendo+2DS+XL+Top+Screen++Replacement/117948
117948	New Nintendo 2DS XL Top Screen  Replacement	New Nintendo 2DS XL	11	1	New_Nintendo_2DS_XL/117948_New_Nintendo_2DS_XL_Top_Screen_Replacement/step11_1.jpg	https://guide-images.cdn.ifixit.com/igi/iFhlbLsC3kBJNaUq.large	Chris Julian	https://www.ifixit.com/Guide/New+Nintendo+2DS+XL+Top+Screen++Replacement/117948
117948	New Nintendo 2DS XL Top Screen  Replacement	New Nintendo 2DS XL	11	2	New_Nintendo_2DS_XL/117948_New_Nintendo_2DS_XL_Top_Screen_Replacement/step11_2.jpg	https://guide-images.cdn.ifixit.com/igi/N4kLPnaVmy2wiGqO.large	Chris Julian	https://www.ifixit.com/Guide/New+Nintendo+2DS+XL+Top+Screen++Replacement/117948
117948	New Nintendo 2DS XL Top Screen  Replacement	New Nintendo 2DS XL	11	3	New_Nintendo_2DS_XL/117948_New_Nintendo_2DS_XL_Top_Screen_Replacement/step11_3.jpg	https://guide-images.cdn.ifixit.com/igi/aFDtE3pRq1kqAlSr.large	Chris Julian	https://www.ifixit.com/Guide/New+Nintendo+2DS+XL+Top+Screen++Replacement/117948
117948	New Nintendo 2DS XL Top Screen  Replacement	New Nintendo 2DS XL	12	1	New_Nintendo_2DS_XL/117948_New_Nintendo_2DS_XL_Top_Screen_Replacement/step12_1.jpg	https://guide-images.cdn.ifixit.com/igi/3IXqcAKqTD4vQNFc.large	Chris Julian	https://www.ifixit.com/Guide/New+Nintendo+2DS+XL+Top+Screen++Replacement/117948
124798	Nintendo 3DS SD Card Replacement / Troubleshooting	Nintendo 3DS	1	1	Nintendo_3DS/124798_Nintendo_3DS_SD_Card_Replacement_Troubleshooting/step01_1.jpg	https://guide-images.cdn.ifixit.com/igi/t3JfKbIclkwVmpOh.large	Nosh Ware	https://www.ifixit.com/Guide/Nintendo+3DS+SD+Card+Replacement+-+Troubleshooting/124798
124798	Nintendo 3DS SD Card Replacement / Troubleshooting	Nintendo 3DS	1	2	Nintendo_3DS/124798_Nintendo_3DS_SD_Card_Replacement_Troubleshooting/step01_2.jpg	https://guide-images.cdn.ifixit.com/igi/YU31SlScGoTYLcWl.large	Nosh Ware	https://www.ifixit.com/Guide/Nintendo+3DS+SD+Card+Replacement+-+Troubleshooting/124798
124798	Nintendo 3DS SD Card Replacement / Troubleshooting	Nintendo 3DS	2	1	Nintendo_3DS/124798_Nintendo_3DS_SD_Card_Replacement_Troubleshooting/step02_1.jpg	https://guide-images.cdn.ifixit.com/igi/N2LWaUNieTtYnkLE.large	Nosh Ware	https://www.ifixit.com/Guide/Nintendo+3DS+SD+Card+Replacement+-+Troubleshooting/124798
124798	Nintendo 3DS SD Card Replacement / Troubleshooting	Nintendo 3DS	2	2	Nintendo_3DS/124798_Nintendo_3DS_SD_Card_Replacement_Troubleshooting/step02_2.jpg	https://guide-images.cdn.ifixit.com/igi/cZLZQrmAVDa4Fuq2.large	Nosh Ware	https://www.ifixit.com/Guide/Nintendo+3DS+SD+Card+Replacement+-+Troubleshooting/124798
124798	Nintendo 3DS SD Card Replacement / Troubleshooting	Nintendo 3DS	3	1	Nintendo_3DS/124798_Nintendo_3DS_SD_Card_Replacement_Troubleshooting/step03_1.jpg	https://guide-images.cdn.ifixit.com/igi/iK5HD1fKSUvKitwX.large	Nosh Ware	https://www.ifixit.com/Guide/Nintendo+3DS+SD+Card+Replacement+-+Troubleshooting/124798
126581	Upgrade Storage for the New Nintendo 3DS XL 2015	Nintendo 3DS XL 2015	1	1	Nintendo_3DS_XL_2015/126581_Upgrade_Storage_for_the_New_Nintendo_3DS_XL_2015/step01_1.jpg	https://guide-images.cdn.ifixit.com/igi/6alrZx6IMZBmso2L.large	Maysa Rizk	https://www.ifixit.com/Guide/Upgrade+Storage+for+the+New+Nintendo+3DS+XL+2015/126581
126581	Upgrade Storage for the New Nintendo 3DS XL 2015	Nintendo 3DS XL 2015	2	1	Nintendo_3DS_XL_2015/126581_Upgrade_Storage_for_the_New_Nintendo_3DS_XL_2015/step02_1.jpg	https://guide-images.cdn.ifixit.com/igi/c4Fr6iHK4B2YEBPr.large	Maysa Rizk	https://www.ifixit.com/Guide/Upgrade+Storage+for+the+New+Nintendo+3DS+XL+2015/126581
126581	Upgrade Storage for the New Nintendo 3DS XL 2015	Nintendo 3DS XL 2015	2	2	Nintendo_3DS_XL_2015/126581_Upgrade_Storage_for_the_New_Nintendo_3DS_XL_2015/step02_2.jpg	https://guide-images.cdn.ifixit.com/igi/CEhUVo3mKtssQhss.large	Maysa Rizk	https://www.ifixit.com/Guide/Upgrade+Storage+for+the+New+Nintendo+3DS+XL+2015/126581
126581	Upgrade Storage for the New Nintendo 3DS XL 2015	Nintendo 3DS XL 2015	3	1	Nintendo_3DS_XL_2015/126581_Upgrade_Storage_for_the_New_Nintendo_3DS_XL_2015/step03_1.jpg	https://guide-images.cdn.ifixit.com/igi/ueEUPbHrUXuER2Gc.large	Maysa Rizk	https://www.ifixit.com/Guide/Upgrade+Storage+for+the+New+Nintendo+3DS+XL+2015/126581
126581	Upgrade Storage for the New Nintendo 3DS XL 2015	Nintendo 3DS XL 2015	3	2	Nintendo_3DS_XL_2015/126581_Upgrade_Storage_for_the_New_Nintendo_3DS_XL_2015/step03_2.jpg	https://guide-images.cdn.ifixit.com/igi/RgaiTFVcB4WEMWJu.large	Maysa Rizk	https://www.ifixit.com/Guide/Upgrade+Storage+for+the+New+Nintendo+3DS+XL+2015/126581
126581	Upgrade Storage for the New Nintendo 3DS XL 2015	Nintendo 3DS XL 2015	4	1	Nintendo_3DS_XL_2015/126581_Upgrade_Storage_for_the_New_Nintendo_3DS_XL_2015/step04_1.jpg	https://guide-images.cdn.ifixit.com/igi/BWOWmrOhAYDxW5nB.large	Maysa Rizk	https://www.ifixit.com/Guide/Upgrade+Storage+for+the+New+Nintendo+3DS+XL+2015/126581
126581	Upgrade Storage for the New Nintendo 3DS XL 2015	Nintendo 3DS XL 2015	4	2	Nintendo_3DS_XL_2015/126581_Upgrade_Storage_for_the_New_Nintendo_3DS_XL_2015/step04_2.jpg	https://guide-images.cdn.ifixit.com/igi/pDp1Cg44RZipyF2A.large	Maysa Rizk	https://www.ifixit.com/Guide/Upgrade+Storage+for+the+New+Nintendo+3DS+XL+2015/126581
126581	Upgrade Storage for the New Nintendo 3DS XL 2015	Nintendo 3DS XL 2015	5	1	Nintendo_3DS_XL_2015/126581_Upgrade_Storage_for_the_New_Nintendo_3DS_XL_2015/step05_1.jpg	https://guide-images.cdn.ifixit.com/igi/Nhh6O2K1WjFRSLju.large	Maysa Rizk	https://www.ifixit.com/Guide/Upgrade+Storage+for+the+New+Nintendo+3DS+XL+2015/126581
126581	Upgrade Storage for the New Nintendo 3DS XL 2015	Nintendo 3DS XL 2015	5	2	Nintendo_3DS_XL_2015/126581_Upgrade_Storage_for_the_New_Nintendo_3DS_XL_2015/step05_2.jpg	https://guide-images.cdn.ifixit.com/igi/mSgwMjOTZwHNfo6L.large	Maysa Rizk	https://www.ifixit.com/Guide/Upgrade+Storage+for+the+New+Nintendo+3DS+XL+2015/126581
126581	Upgrade Storage for the New Nintendo 3DS XL 2015	Nintendo 3DS XL 2015	5	3	Nintendo_3DS_XL_2015/126581_Upgrade_Storage_for_the_New_Nintendo_3DS_XL_2015/step05_3.jpg	https://guide-images.cdn.ifixit.com/igi/EYEWIHfEnZ31UtZv.large	Maysa Rizk	https://www.ifixit.com/Guide/Upgrade+Storage+for+the+New+Nintendo+3DS+XL+2015/126581
126581	Upgrade Storage for the New Nintendo 3DS XL 2015	Nintendo 3DS XL 2015	6	1	Nintendo_3DS_XL_2015/126581_Upgrade_Storage_for_the_New_Nintendo_3DS_XL_2015/step06_1.jpg	https://guide-images.cdn.ifixit.com/igi/EbiYqKt2vJGeHmJq.large	Maysa Rizk	https://www.ifixit.com/Guide/Upgrade+Storage+for+the+New+Nintendo+3DS+XL+2015/126581
126581	Upgrade Storage for the New Nintendo 3DS XL 2015	Nintendo 3DS XL 2015	6	2	Nintendo_3DS_XL_2015/126581_Upgrade_Storage_for_the_New_Nintendo_3DS_XL_2015/step06_2.jpg	https://guide-images.cdn.ifixit.com/igi/ninjltIF3adpTpDE.large	Maysa Rizk	https://www.ifixit.com/Guide/Upgrade+Storage+for+the+New+Nintendo+3DS+XL+2015/126581
126581	Upgrade Storage for the New Nintendo 3DS XL 2015	Nintendo 3DS XL 2015	7	1	Nintendo_3DS_XL_2015/126581_Upgrade_Storage_for_the_New_Nintendo_3DS_XL_2015/step07_1.jpg	https://guide-images.cdn.ifixit.com/igi/XwmxtLZIdBTtJs2t.large	Maysa Rizk	https://www.ifixit.com/Guide/Upgrade+Storage+for+the+New+Nintendo+3DS+XL+2015/126581
126581	Upgrade Storage for the New Nintendo 3DS XL 2015	Nintendo 3DS XL 2015	7	2	Nintendo_3DS_XL_2015/126581_Upgrade_Storage_for_the_New_Nintendo_3DS_XL_2015/step07_2.jpg	https://guide-images.cdn.ifixit.com/igi/prEnBxihVJDgTKUX.large	Maysa Rizk	https://www.ifixit.com/Guide/Upgrade+Storage+for+the+New+Nintendo+3DS+XL+2015/126581
126581	Upgrade Storage for the New Nintendo 3DS XL 2015	Nintendo 3DS XL 2015	7	3	Nintendo_3DS_XL_2015/126581_Upgrade_Storage_for_the_New_Nintendo_3DS_XL_2015/step07_3.jpg	https://guide-images.cdn.ifixit.com/igi/NcKpu6T3SKjs5WYj.large	Maysa Rizk	https://www.ifixit.com/Guide/Upgrade+Storage+for+the+New+Nintendo+3DS+XL+2015/126581
128242	New Nintendo 2DS XL Motherboard Replacement	New Nintendo 2DS XL	1	1	New_Nintendo_2DS_XL/128242_New_Nintendo_2DS_XL_Motherboard_Replacement/step01_1.jpg	https://guide-images.cdn.ifixit.com/igi/KrgI1OCEqdI6EZnV.large	Caleb Hayhurst	https://www.ifixit.com/Guide/New+Nintendo+2DS+XL+Motherboard+Replacement/128242
128242	New Nintendo 2DS XL Motherboard Replacement	New Nintendo 2DS XL	2	1	New_Nintendo_2DS_XL/128242_New_Nintendo_2DS_XL_Motherboard_Replacement/step02_1.jpg	https://guide-images.cdn.ifixit.com/igi/AG46wwoTFSsxGg1Z.large	Caleb Hayhurst	https://www.ifixit.com/Guide/New+Nintendo+2DS+XL+Motherboard+Replacement/128242
128242	New Nintendo 2DS XL Motherboard Replacement	New Nintendo 2DS XL	3	1	New_Nintendo_2DS_XL/128242_New_Nintendo_2DS_XL_Motherboard_Replacement/step03_1.jpg	https://guide-images.cdn.ifixit.com/igi/eB4YxTTwTQ6HchXO.large	Caleb Hayhurst	https://www.ifixit.com/Guide/New+Nintendo+2DS+XL+Motherboard+Replacement/128242
128242	New Nintendo 2DS XL Motherboard Replacement	New Nintendo 2DS XL	3	2	New_Nintendo_2DS_XL/128242_New_Nintendo_2DS_XL_Motherboard_Replacement/step03_2.jpg	https://guide-images.cdn.ifixit.com/igi/MiHqoVbAY3mST6Ls.large	Caleb Hayhurst	https://www.ifixit.com/Guide/New+Nintendo+2DS+XL+Motherboard+Replacement/128242
128242	New Nintendo 2DS XL Motherboard Replacement	New Nintendo 2DS XL	4	1	New_Nintendo_2DS_XL/128242_New_Nintendo_2DS_XL_Motherboard_Replacement/step04_1.jpg	https://guide-images.cdn.ifixit.com/igi/PtophBRkCeD3tZsW.large	Caleb Hayhurst	https://www.ifixit.com/Guide/New+Nintendo+2DS+XL+Motherboard+Replacement/128242
128242	New Nintendo 2DS XL Motherboard Replacement	New Nintendo 2DS XL	4	2	New_Nintendo_2DS_XL/128242_New_Nintendo_2DS_XL_Motherboard_Replacement/step04_2.jpg	https://guide-images.cdn.ifixit.com/igi/sLnMpviSoWENSJQk.large	Caleb Hayhurst	https://www.ifixit.com/Guide/New+Nintendo+2DS+XL+Motherboard+Replacement/128242
128242	New Nintendo 2DS XL Motherboard Replacement	New Nintendo 2DS XL	4	3	New_Nintendo_2DS_XL/128242_New_Nintendo_2DS_XL_Motherboard_Replacement/step04_3.jpg	https://guide-images.cdn.ifixit.com/igi/CxaLwKZ2IuAS5cAV.large	Caleb Hayhurst	https://www.ifixit.com/Guide/New+Nintendo+2DS+XL+Motherboard+Replacement/128242
128242	New Nintendo 2DS XL Motherboard Replacement	New Nintendo 2DS XL	5	1	New_Nintendo_2DS_XL/128242_New_Nintendo_2DS_XL_Motherboard_Replacement/step05_1.jpg	https://guide-images.cdn.ifixit.com/igi/6AT5OJ1MuuBaICeA.large	Caleb Hayhurst	https://www.ifixit.com/Guide/New+Nintendo+2DS+XL+Motherboard+Replacement/128242
128242	New Nintendo 2DS XL Motherboard Replacement	New Nintendo 2DS XL	5	2	New_Nintendo_2DS_XL/128242_New_Nintendo_2DS_XL_Motherboard_Replacement/step05_2.jpg	https://guide-images.cdn.ifixit.com/igi/ua4Ruiu5ewlgVKlO.large	Caleb Hayhurst	https://www.ifixit.com/Guide/New+Nintendo+2DS+XL+Motherboard+Replacement/128242
128242	New Nintendo 2DS XL Motherboard Replacement	New Nintendo 2DS XL	6	1	New_Nintendo_2DS_XL/128242_New_Nintendo_2DS_XL_Motherboard_Replacement/step06_1.jpg	https://guide-images.cdn.ifixit.com/igi/VjSoR1r4pukqwicb.large	Caleb Hayhurst	https://www.ifixit.com/Guide/New+Nintendo+2DS+XL+Motherboard+Replacement/128242
128242	New Nintendo 2DS XL Motherboard Replacement	New Nintendo 2DS XL	6	2	New_Nintendo_2DS_XL/128242_New_Nintendo_2DS_XL_Motherboard_Replacement/step06_2.jpg	https://guide-images.cdn.ifixit.com/igi/mDsPxLStvgmPJlHp.large	Caleb Hayhurst	https://www.ifixit.com/Guide/New+Nintendo+2DS+XL+Motherboard+Replacement/128242
128242	New Nintendo 2DS XL Motherboard Replacement	New Nintendo 2DS XL	7	1	New_Nintendo_2DS_XL/128242_New_Nintendo_2DS_XL_Motherboard_Replacement/step07_1.jpg	https://guide-images.cdn.ifixit.com/igi/lENbxc1owHxJd2B5.large	Caleb Hayhurst	https://www.ifixit.com/Guide/New+Nintendo+2DS+XL+Motherboard+Replacement/128242
128242	New Nintendo 2DS XL Motherboard Replacement	New Nintendo 2DS XL	7	2	New_Nintendo_2DS_XL/128242_New_Nintendo_2DS_XL_Motherboard_Replacement/step07_2.jpg	https://guide-images.cdn.ifixit.com/igi/Ty63qp3gtGSWq2Df.large	Caleb Hayhurst	https://www.ifixit.com/Guide/New+Nintendo+2DS+XL+Motherboard+Replacement/128242
128242	New Nintendo 2DS XL Motherboard Replacement	New Nintendo 2DS XL	8	1	New_Nintendo_2DS_XL/128242_New_Nintendo_2DS_XL_Motherboard_Replacement/step08_1.jpg	https://guide-images.cdn.ifixit.com/igi/GqvOCteO2iYPDwUf.large	Caleb Hayhurst	https://www.ifixit.com/Guide/New+Nintendo+2DS+XL+Motherboard+Replacement/128242
128242	New Nintendo 2DS XL Motherboard Replacement	New Nintendo 2DS XL	8	2	New_Nintendo_2DS_XL/128242_New_Nintendo_2DS_XL_Motherboard_Replacement/step08_2.jpg	https://guide-images.cdn.ifixit.com/igi/AfDTdwEG1IjHHCef.large	Caleb Hayhurst	https://www.ifixit.com/Guide/New+Nintendo+2DS+XL+Motherboard+Replacement/128242
128243	New Nintendo 2DS XL Charging Port Replacement	New Nintendo 2DS XL	1	1	New_Nintendo_2DS_XL/128243_New_Nintendo_2DS_XL_Charging_Port_Replacement/step01_1.jpg	https://guide-images.cdn.ifixit.com/igi/KrgI1OCEqdI6EZnV.large	Abolee Diwate	https://www.ifixit.com/Guide/New+Nintendo+2DS+XL+Charging+Port+Replacement/128243
128243	New Nintendo 2DS XL Charging Port Replacement	New Nintendo 2DS XL	2	1	New_Nintendo_2DS_XL/128243_New_Nintendo_2DS_XL_Charging_Port_Replacement/step02_1.jpg	https://guide-images.cdn.ifixit.com/igi/AG46wwoTFSsxGg1Z.large	Abolee Diwate	https://www.ifixit.com/Guide/New+Nintendo+2DS+XL+Charging+Port+Replacement/128243
128243	New Nintendo 2DS XL Charging Port Replacement	New Nintendo 2DS XL	3	1	New_Nintendo_2DS_XL/128243_New_Nintendo_2DS_XL_Charging_Port_Replacement/step03_1.jpg	https://guide-images.cdn.ifixit.com/igi/eB4YxTTwTQ6HchXO.large	Abolee Diwate	https://www.ifixit.com/Guide/New+Nintendo+2DS+XL+Charging+Port+Replacement/128243
128243	New Nintendo 2DS XL Charging Port Replacement	New Nintendo 2DS XL	3	2	New_Nintendo_2DS_XL/128243_New_Nintendo_2DS_XL_Charging_Port_Replacement/step03_2.jpg	https://guide-images.cdn.ifixit.com/igi/MiHqoVbAY3mST6Ls.large	Abolee Diwate	https://www.ifixit.com/Guide/New+Nintendo+2DS+XL+Charging+Port+Replacement/128243
128243	New Nintendo 2DS XL Charging Port Replacement	New Nintendo 2DS XL	4	1	New_Nintendo_2DS_XL/128243_New_Nintendo_2DS_XL_Charging_Port_Replacement/step04_1.jpg	https://guide-images.cdn.ifixit.com/igi/PtophBRkCeD3tZsW.large	Abolee Diwate	https://www.ifixit.com/Guide/New+Nintendo+2DS+XL+Charging+Port+Replacement/128243
128243	New Nintendo 2DS XL Charging Port Replacement	New Nintendo 2DS XL	4	2	New_Nintendo_2DS_XL/128243_New_Nintendo_2DS_XL_Charging_Port_Replacement/step04_2.jpg	https://guide-images.cdn.ifixit.com/igi/sLnMpviSoWENSJQk.large	Abolee Diwate	https://www.ifixit.com/Guide/New+Nintendo+2DS+XL+Charging+Port+Replacement/128243
128243	New Nintendo 2DS XL Charging Port Replacement	New Nintendo 2DS XL	4	3	New_Nintendo_2DS_XL/128243_New_Nintendo_2DS_XL_Charging_Port_Replacement/step04_3.jpg	https://guide-images.cdn.ifixit.com/igi/CxaLwKZ2IuAS5cAV.large	Abolee Diwate	https://www.ifixit.com/Guide/New+Nintendo+2DS+XL+Charging+Port+Replacement/128243
128243	New Nintendo 2DS XL Charging Port Replacement	New Nintendo 2DS XL	5	1	New_Nintendo_2DS_XL/128243_New_Nintendo_2DS_XL_Charging_Port_Replacement/step05_1.jpg	https://guide-images.cdn.ifixit.com/igi/6AT5OJ1MuuBaICeA.large	Abolee Diwate	https://www.ifixit.com/Guide/New+Nintendo+2DS+XL+Charging+Port+Replacement/128243
128243	New Nintendo 2DS XL Charging Port Replacement	New Nintendo 2DS XL	5	2	New_Nintendo_2DS_XL/128243_New_Nintendo_2DS_XL_Charging_Port_Replacement/step05_2.jpg	https://guide-images.cdn.ifixit.com/igi/ua4Ruiu5ewlgVKlO.large	Abolee Diwate	https://www.ifixit.com/Guide/New+Nintendo+2DS+XL+Charging+Port+Replacement/128243
128243	New Nintendo 2DS XL Charging Port Replacement	New Nintendo 2DS XL	6	1	New_Nintendo_2DS_XL/128243_New_Nintendo_2DS_XL_Charging_Port_Replacement/step06_1.jpg	https://guide-images.cdn.ifixit.com/igi/VjSoR1r4pukqwicb.large	Abolee Diwate	https://www.ifixit.com/Guide/New+Nintendo+2DS+XL+Charging+Port+Replacement/128243
128243	New Nintendo 2DS XL Charging Port Replacement	New Nintendo 2DS XL	6	2	New_Nintendo_2DS_XL/128243_New_Nintendo_2DS_XL_Charging_Port_Replacement/step06_2.jpg	https://guide-images.cdn.ifixit.com/igi/mDsPxLStvgmPJlHp.large	Abolee Diwate	https://www.ifixit.com/Guide/New+Nintendo+2DS+XL+Charging+Port+Replacement/128243
128243	New Nintendo 2DS XL Charging Port Replacement	New Nintendo 2DS XL	7	1	New_Nintendo_2DS_XL/128243_New_Nintendo_2DS_XL_Charging_Port_Replacement/step07_1.jpg	https://guide-images.cdn.ifixit.com/igi/lENbxc1owHxJd2B5.large	Abolee Diwate	https://www.ifixit.com/Guide/New+Nintendo+2DS+XL+Charging+Port+Replacement/128243
128243	New Nintendo 2DS XL Charging Port Replacement	New Nintendo 2DS XL	7	2	New_Nintendo_2DS_XL/128243_New_Nintendo_2DS_XL_Charging_Port_Replacement/step07_2.jpg	https://guide-images.cdn.ifixit.com/igi/Ty63qp3gtGSWq2Df.large	Abolee Diwate	https://www.ifixit.com/Guide/New+Nintendo+2DS+XL+Charging+Port+Replacement/128243
128243	New Nintendo 2DS XL Charging Port Replacement	New Nintendo 2DS XL	8	1	New_Nintendo_2DS_XL/128243_New_Nintendo_2DS_XL_Charging_Port_Replacement/step08_1.jpg	https://guide-images.cdn.ifixit.com/igi/GqvOCteO2iYPDwUf.large	Abolee Diwate	https://www.ifixit.com/Guide/New+Nintendo+2DS+XL+Charging+Port+Replacement/128243
128243	New Nintendo 2DS XL Charging Port Replacement	New Nintendo 2DS XL	8	2	New_Nintendo_2DS_XL/128243_New_Nintendo_2DS_XL_Charging_Port_Replacement/step08_2.jpg	https://guide-images.cdn.ifixit.com/igi/AfDTdwEG1IjHHCef.large	Abolee Diwate	https://www.ifixit.com/Guide/New+Nintendo+2DS+XL+Charging+Port+Replacement/128243
128243	New Nintendo 2DS XL Charging Port Replacement	New Nintendo 2DS XL	9	1	New_Nintendo_2DS_XL/128243_New_Nintendo_2DS_XL_Charging_Port_Replacement/step09_1.jpg	https://guide-images.cdn.ifixit.com/igi/EV5nGFPL2dCOHqWK.large	Abolee Diwate	https://www.ifixit.com/Guide/New+Nintendo+2DS+XL+Charging+Port+Replacement/128243
128243	New Nintendo 2DS XL Charging Port Replacement	New Nintendo 2DS XL	10	1	New_Nintendo_2DS_XL/128243_New_Nintendo_2DS_XL_Charging_Port_Replacement/step10_1.jpg	https://guide-images.cdn.ifixit.com/igi/bNwTUX6qEHv1tZFk.large	Abolee Diwate	https://www.ifixit.com/Guide/New+Nintendo+2DS+XL+Charging+Port+Replacement/128243
128243	New Nintendo 2DS XL Charging Port Replacement	New Nintendo 2DS XL	10	2	New_Nintendo_2DS_XL/128243_New_Nintendo_2DS_XL_Charging_Port_Replacement/step10_2.jpg	https://guide-images.cdn.ifixit.com/igi/DPO2odthOFXY5uGL.large	Abolee Diwate	https://www.ifixit.com/Guide/New+Nintendo+2DS+XL+Charging+Port+Replacement/128243
131562	How to replace the Nintendo 2DS charging port	Nintendo 2DS	1	1	Nintendo_2DS/131562_How_to_replace_the_Nintendo_2DS_charging_port/step01_1.jpg	https://guide-images.cdn.ifixit.com/igi/wg4RTxdhgZNOVaab.large	Nick Myers	https://www.ifixit.com/Guide/How+to+replace+the+Nintendo+2DS+charging+port/131562
131562	How to replace the Nintendo 2DS charging port	Nintendo 2DS	2	1	Nintendo_2DS/131562_How_to_replace_the_Nintendo_2DS_charging_port/step02_1.jpg	https://guide-images.cdn.ifixit.com/igi/cdb3AdyJTrNhIjrr.large	Nick Myers	https://www.ifixit.com/Guide/How+to+replace+the+Nintendo+2DS+charging+port/131562
131562	How to replace the Nintendo 2DS charging port	Nintendo 2DS	2	2	Nintendo_2DS/131562_How_to_replace_the_Nintendo_2DS_charging_port/step02_2.jpg	https://guide-images.cdn.ifixit.com/igi/okYxlIGDUBKBdGNP.large	Nick Myers	https://www.ifixit.com/Guide/How+to+replace+the+Nintendo+2DS+charging+port/131562
131562	How to replace the Nintendo 2DS charging port	Nintendo 2DS	3	1	Nintendo_2DS/131562_How_to_replace_the_Nintendo_2DS_charging_port/step03_1.jpg	https://guide-images.cdn.ifixit.com/igi/YA2mNvc2fLpeZ4NZ.large	Nick Myers	https://www.ifixit.com/Guide/How+to+replace+the+Nintendo+2DS+charging+port/131562
131562	How to replace the Nintendo 2DS charging port	Nintendo 2DS	3	2	Nintendo_2DS/131562_How_to_replace_the_Nintendo_2DS_charging_port/step03_2.jpg	https://guide-images.cdn.ifixit.com/igi/yjKMPFAO1SC1LncE.large	Nick Myers	https://www.ifixit.com/Guide/How+to+replace+the+Nintendo+2DS+charging+port/131562
131562	How to replace the Nintendo 2DS charging port	Nintendo 2DS	3	3	Nintendo_2DS/131562_How_to_replace_the_Nintendo_2DS_charging_port/step03_3.jpg	https://guide-images.cdn.ifixit.com/igi/HRaiAoWcVXEMByll.large	Nick Myers	https://www.ifixit.com/Guide/How+to+replace+the+Nintendo+2DS+charging+port/131562
131562	How to replace the Nintendo 2DS charging port	Nintendo 2DS	4	1	Nintendo_2DS/131562_How_to_replace_the_Nintendo_2DS_charging_port/step04_1.jpg	https://guide-images.cdn.ifixit.com/igi/vkEjnCVvCfkcXpKn.large	Nick Myers	https://www.ifixit.com/Guide/How+to+replace+the+Nintendo+2DS+charging+port/131562
131562	How to replace the Nintendo 2DS charging port	Nintendo 2DS	5	1	Nintendo_2DS/131562_How_to_replace_the_Nintendo_2DS_charging_port/step05_1.jpg	https://guide-images.cdn.ifixit.com/igi/ona5d6XElywnV2F6.large	Nick Myers	https://www.ifixit.com/Guide/How+to+replace+the+Nintendo+2DS+charging+port/131562
131562	How to replace the Nintendo 2DS charging port	Nintendo 2DS	6	1	Nintendo_2DS/131562_How_to_replace_the_Nintendo_2DS_charging_port/step06_1.jpg	https://guide-images.cdn.ifixit.com/igi/fVKP4KxbkT6Fggne.large	Nick Myers	https://www.ifixit.com/Guide/How+to+replace+the+Nintendo+2DS+charging+port/131562
131562	How to replace the Nintendo 2DS charging port	Nintendo 2DS	7	1	Nintendo_2DS/131562_How_to_replace_the_Nintendo_2DS_charging_port/step07_1.jpg	https://guide-images.cdn.ifixit.com/igi/hTml2euoIMtZJkd6.large	Nick Myers	https://www.ifixit.com/Guide/How+to+replace+the+Nintendo+2DS+charging+port/131562
131562	How to replace the Nintendo 2DS charging port	Nintendo 2DS	7	2	Nintendo_2DS/131562_How_to_replace_the_Nintendo_2DS_charging_port/step07_2.jpg	https://guide-images.cdn.ifixit.com/igi/OuYdgcEvDLpnQV5M.large	Nick Myers	https://www.ifixit.com/Guide/How+to+replace+the+Nintendo+2DS+charging+port/131562
131562	How to replace the Nintendo 2DS charging port	Nintendo 2DS	8	1	Nintendo_2DS/131562_How_to_replace_the_Nintendo_2DS_charging_port/step08_1.jpg	https://guide-images.cdn.ifixit.com/igi/32gGatrJYXi2eqcW.large	Nick Myers	https://www.ifixit.com/Guide/How+to+replace+the+Nintendo+2DS+charging+port/131562
131562	How to replace the Nintendo 2DS charging port	Nintendo 2DS	9	1	Nintendo_2DS/131562_How_to_replace_the_Nintendo_2DS_charging_port/step09_1.jpg	https://guide-images.cdn.ifixit.com/igi/drj5COHLRB5bNu4x.large	Nick Myers	https://www.ifixit.com/Guide/How+to+replace+the+Nintendo+2DS+charging+port/131562
131562	How to replace the Nintendo 2DS charging port	Nintendo 2DS	9	2	Nintendo_2DS/131562_How_to_replace_the_Nintendo_2DS_charging_port/step09_2.jpg	https://guide-images.cdn.ifixit.com/igi/a5TIRFcWDcCjkH4k.large	Nick Myers	https://www.ifixit.com/Guide/How+to+replace+the+Nintendo+2DS+charging+port/131562
131562	How to replace the Nintendo 2DS charging port	Nintendo 2DS	9	3	Nintendo_2DS/131562_How_to_replace_the_Nintendo_2DS_charging_port/step09_3.jpg	https://guide-images.cdn.ifixit.com/igi/QFD1osmhxQpPJTkF.large	Nick Myers	https://www.ifixit.com/Guide/How+to+replace+the+Nintendo+2DS+charging+port/131562
131562	How to replace the Nintendo 2DS charging port	Nintendo 2DS	10	1	Nintendo_2DS/131562_How_to_replace_the_Nintendo_2DS_charging_port/step10_1.jpg	https://guide-images.cdn.ifixit.com/igi/JKQgNplHbIPXEZdK.large	Nick Myers	https://www.ifixit.com/Guide/How+to+replace+the+Nintendo+2DS+charging+port/131562
131562	How to replace the Nintendo 2DS charging port	Nintendo 2DS	10	2	Nintendo_2DS/131562_How_to_replace_the_Nintendo_2DS_charging_port/step10_2.jpg	https://guide-images.cdn.ifixit.com/igi/14GOAGZYrKXdPMfo.large	Nick Myers	https://www.ifixit.com/Guide/How+to+replace+the+Nintendo+2DS+charging+port/131562
131562	How to replace the Nintendo 2DS charging port	Nintendo 2DS	11	1	Nintendo_2DS/131562_How_to_replace_the_Nintendo_2DS_charging_port/step11_1.jpg	https://guide-images.cdn.ifixit.com/igi/MvBgZfmfBhO22gGR.large	Nick Myers	https://www.ifixit.com/Guide/How+to+replace+the+Nintendo+2DS+charging+port/131562
131562	How to replace the Nintendo 2DS charging port	Nintendo 2DS	11	2	Nintendo_2DS/131562_How_to_replace_the_Nintendo_2DS_charging_port/step11_2.jpg	https://guide-images.cdn.ifixit.com/igi/lCVKtiImPvQl5icC.large	Nick Myers	https://www.ifixit.com/Guide/How+to+replace+the+Nintendo+2DS+charging+port/131562
131562	How to replace the Nintendo 2DS charging port	Nintendo 2DS	12	1	Nintendo_2DS/131562_How_to_replace_the_Nintendo_2DS_charging_port/step12_1.jpg	https://guide-images.cdn.ifixit.com/igi/doEQOdBASqUb4XSA.large	Nick Myers	https://www.ifixit.com/Guide/How+to+replace+the+Nintendo+2DS+charging+port/131562
142174	Nintendo 2DS Wi-Fi Card Replacement	Nintendo 2DS	1	1	Nintendo_2DS/142174_Nintendo_2DS_Wi-Fi_Card_Replacement/step01_1.jpg	https://guide-images.cdn.ifixit.com/igi/3EL36ruxJSncPSp3.large	Ella	https://www.ifixit.com/Guide/Nintendo+2DS+Wi-Fi+Card+Replacement/142174
142174	Nintendo 2DS Wi-Fi Card Replacement	Nintendo 2DS	2	1	Nintendo_2DS/142174_Nintendo_2DS_Wi-Fi_Card_Replacement/step02_1.jpg	https://guide-images.cdn.ifixit.com/igi/lPJqelZj4ruWkiWZ.large	Ella	https://www.ifixit.com/Guide/Nintendo+2DS+Wi-Fi+Card+Replacement/142174
142174	Nintendo 2DS Wi-Fi Card Replacement	Nintendo 2DS	2	2	Nintendo_2DS/142174_Nintendo_2DS_Wi-Fi_Card_Replacement/step02_2.jpg	https://guide-images.cdn.ifixit.com/igi/W2hyKaXDPiEuPmtm.large	Ella	https://www.ifixit.com/Guide/Nintendo+2DS+Wi-Fi+Card+Replacement/142174
142174	Nintendo 2DS Wi-Fi Card Replacement	Nintendo 2DS	2	3	Nintendo_2DS/142174_Nintendo_2DS_Wi-Fi_Card_Replacement/step02_3.jpg	https://guide-images.cdn.ifixit.com/igi/4OtYhUdUTZopFxXp.large	Ella	https://www.ifixit.com/Guide/Nintendo+2DS+Wi-Fi+Card+Replacement/142174
142174	Nintendo 2DS Wi-Fi Card Replacement	Nintendo 2DS	3	1	Nintendo_2DS/142174_Nintendo_2DS_Wi-Fi_Card_Replacement/step03_1.jpg	https://guide-images.cdn.ifixit.com/igi/C2YptD4ZgBsNcFWg.large	Ella	https://www.ifixit.com/Guide/Nintendo+2DS+Wi-Fi+Card+Replacement/142174
142174	Nintendo 2DS Wi-Fi Card Replacement	Nintendo 2DS	4	1	Nintendo_2DS/142174_Nintendo_2DS_Wi-Fi_Card_Replacement/step04_1.jpg	https://guide-images.cdn.ifixit.com/igi/GX4Qs63WfFkTv2FF.large	Ella	https://www.ifixit.com/Guide/Nintendo+2DS+Wi-Fi+Card+Replacement/142174
142174	Nintendo 2DS Wi-Fi Card Replacement	Nintendo 2DS	4	2	Nintendo_2DS/142174_Nintendo_2DS_Wi-Fi_Card_Replacement/step04_2.jpg	https://guide-images.cdn.ifixit.com/igi/WawpAjo6NnLyoraO.large	Ella	https://www.ifixit.com/Guide/Nintendo+2DS+Wi-Fi+Card+Replacement/142174
142174	Nintendo 2DS Wi-Fi Card Replacement	Nintendo 2DS	5	1	Nintendo_2DS/142174_Nintendo_2DS_Wi-Fi_Card_Replacement/step05_1.jpg	https://guide-images.cdn.ifixit.com/igi/BTHs3miqkerkwks5.large	Ella	https://www.ifixit.com/Guide/Nintendo+2DS+Wi-Fi+Card+Replacement/142174
142174	Nintendo 2DS Wi-Fi Card Replacement	Nintendo 2DS	5	2	Nintendo_2DS/142174_Nintendo_2DS_Wi-Fi_Card_Replacement/step05_2.jpg	https://guide-images.cdn.ifixit.com/igi/vBUoGPwvZbJ6DJxo.large	Ella	https://www.ifixit.com/Guide/Nintendo+2DS+Wi-Fi+Card+Replacement/142174
142174	Nintendo 2DS Wi-Fi Card Replacement	Nintendo 2DS	6	1	Nintendo_2DS/142174_Nintendo_2DS_Wi-Fi_Card_Replacement/step06_1.jpg	https://guide-images.cdn.ifixit.com/igi/rJYrq3HOtElSQOXy.large	Ella	https://www.ifixit.com/Guide/Nintendo+2DS+Wi-Fi+Card+Replacement/142174
142174	Nintendo 2DS Wi-Fi Card Replacement	Nintendo 2DS	7	1	Nintendo_2DS/142174_Nintendo_2DS_Wi-Fi_Card_Replacement/step07_1.jpg	https://guide-images.cdn.ifixit.com/igi/g6vOebVVtShm3a1O.large	Ella	https://www.ifixit.com/Guide/Nintendo+2DS+Wi-Fi+Card+Replacement/142174
142174	Nintendo 2DS Wi-Fi Card Replacement	Nintendo 2DS	8	1	Nintendo_2DS/142174_Nintendo_2DS_Wi-Fi_Card_Replacement/step08_1.jpg	https://guide-images.cdn.ifixit.com/igi/e1ULv32oOIpEtRAP.large	Ella	https://www.ifixit.com/Guide/Nintendo+2DS+Wi-Fi+Card+Replacement/142174
142174	Nintendo 2DS Wi-Fi Card Replacement	Nintendo 2DS	9	1	Nintendo_2DS/142174_Nintendo_2DS_Wi-Fi_Card_Replacement/step09_1.jpg	https://guide-images.cdn.ifixit.com/igi/OjZTAmdOLfQjZGCP.large	Ella	https://www.ifixit.com/Guide/Nintendo+2DS+Wi-Fi+Card+Replacement/142174
142174	Nintendo 2DS Wi-Fi Card Replacement	Nintendo 2DS	10	1	Nintendo_2DS/142174_Nintendo_2DS_Wi-Fi_Card_Replacement/step10_1.jpg	https://guide-images.cdn.ifixit.com/igi/OEElOSlBGLk5FsZ4.large	Ella	https://www.ifixit.com/Guide/Nintendo+2DS+Wi-Fi+Card+Replacement/142174
142174	Nintendo 2DS Wi-Fi Card Replacement	Nintendo 2DS	11	1	Nintendo_2DS/142174_Nintendo_2DS_Wi-Fi_Card_Replacement/step11_1.jpg	https://guide-images.cdn.ifixit.com/igi/3JxILOhs5SnK1SxJ.large	Ella	https://www.ifixit.com/Guide/Nintendo+2DS+Wi-Fi+Card+Replacement/142174
143740	Nintendo 3DS Game Card Teardown/How to Open	Nintendo 3DS Game Card (Cartridge)	1	1	Nintendo_3DS_Game_Card_Cartridge/143740_Nintendo_3DS_Game_Card_Teardown_How_to_Open/step01_1.jpg	https://guide-images.cdn.ifixit.com/igi/BHF1SQq5UrtNWJRv.full	Mr. L	https://www.ifixit.com/Teardown/Nintendo+3DS+Game+Card+Teardown-How+to+Open/143740
143740	Nintendo 3DS Game Card Teardown/How to Open	Nintendo 3DS Game Card (Cartridge)	2	1	Nintendo_3DS_Game_Card_Cartridge/143740_Nintendo_3DS_Game_Card_Teardown_How_to_Open/step02_1.jpg	https://guide-images.cdn.ifixit.com/igi/vXyFCarmW4jl4OFt.full	Mr. L	https://www.ifixit.com/Teardown/Nintendo+3DS+Game+Card+Teardown-How+to+Open/143740
143740	Nintendo 3DS Game Card Teardown/How to Open	Nintendo 3DS Game Card (Cartridge)	3	1	Nintendo_3DS_Game_Card_Cartridge/143740_Nintendo_3DS_Game_Card_Teardown_How_to_Open/step03_1.jpg	https://guide-images.cdn.ifixit.com/igi/aOK66Xw5UMBUtDDV.full	Mr. L	https://www.ifixit.com/Teardown/Nintendo+3DS+Game+Card+Teardown-How+to+Open/143740
143740	Nintendo 3DS Game Card Teardown/How to Open	Nintendo 3DS Game Card (Cartridge)	4	1	Nintendo_3DS_Game_Card_Cartridge/143740_Nintendo_3DS_Game_Card_Teardown_How_to_Open/step04_1.jpg	https://guide-images.cdn.ifixit.com/igi/sFKtN2B1a1QGHnIu.full	Mr. L	https://www.ifixit.com/Teardown/Nintendo+3DS+Game+Card+Teardown-How+to+Open/143740
145933	Nintendo 3DS XL Left Bumper Replacement	Nintendo 3DS XL	1	1	Nintendo_3DS_XL/145933_Nintendo_3DS_XL_Left_Bumper_Replacement/step01_1.jpg	https://guide-images.cdn.ifixit.com/igi/D6MdUxBLJ2Jctm25.large	Jack Belcher	https://www.ifixit.com/Guide/Nintendo+3DS+XL+Left+Bumper+Replacement/145933
145933	Nintendo 3DS XL Left Bumper Replacement	Nintendo 3DS XL	2	1	Nintendo_3DS_XL/145933_Nintendo_3DS_XL_Left_Bumper_Replacement/step02_1.jpg	https://guide-images.cdn.ifixit.com/igi/hOdYpqJRAAFpWUOe.large	Jack Belcher	https://www.ifixit.com/Guide/Nintendo+3DS+XL+Left+Bumper+Replacement/145933
145933	Nintendo 3DS XL Left Bumper Replacement	Nintendo 3DS XL	2	2	Nintendo_3DS_XL/145933_Nintendo_3DS_XL_Left_Bumper_Replacement/step02_2.jpg	https://guide-images.cdn.ifixit.com/igi/gM3DF3DACFGjLIp5.large	Jack Belcher	https://www.ifixit.com/Guide/Nintendo+3DS+XL+Left+Bumper+Replacement/145933
145933	Nintendo 3DS XL Left Bumper Replacement	Nintendo 3DS XL	3	1	Nintendo_3DS_XL/145933_Nintendo_3DS_XL_Left_Bumper_Replacement/step03_1.jpg	https://guide-images.cdn.ifixit.com/igi/ah1sDO3pUDMNiKIo.large	Jack Belcher	https://www.ifixit.com/Guide/Nintendo+3DS+XL+Left+Bumper+Replacement/145933
145933	Nintendo 3DS XL Left Bumper Replacement	Nintendo 3DS XL	4	1	Nintendo_3DS_XL/145933_Nintendo_3DS_XL_Left_Bumper_Replacement/step04_1.jpg	https://guide-images.cdn.ifixit.com/igi/qPTUsVgOZAJTUdvD.large	Jack Belcher	https://www.ifixit.com/Guide/Nintendo+3DS+XL+Left+Bumper+Replacement/145933
145933	Nintendo 3DS XL Left Bumper Replacement	Nintendo 3DS XL	5	1	Nintendo_3DS_XL/145933_Nintendo_3DS_XL_Left_Bumper_Replacement/step05_1.jpg	https://guide-images.cdn.ifixit.com/igi/A2LX1HXJKWU5KKc6.large	Jack Belcher	https://www.ifixit.com/Guide/Nintendo+3DS+XL+Left+Bumper+Replacement/145933
145933	Nintendo 3DS XL Left Bumper Replacement	Nintendo 3DS XL	5	2	Nintendo_3DS_XL/145933_Nintendo_3DS_XL_Left_Bumper_Replacement/step05_2.jpg	https://guide-images.cdn.ifixit.com/igi/ZhrUQSwkYbeDVxLi.large	Jack Belcher	https://www.ifixit.com/Guide/Nintendo+3DS+XL+Left+Bumper+Replacement/145933
145933	Nintendo 3DS XL Left Bumper Replacement	Nintendo 3DS XL	6	1	Nintendo_3DS_XL/145933_Nintendo_3DS_XL_Left_Bumper_Replacement/step06_1.jpg	https://guide-images.cdn.ifixit.com/igi/euTT2ZrD3D5RAmpO.large	Jack Belcher	https://www.ifixit.com/Guide/Nintendo+3DS+XL+Left+Bumper+Replacement/145933
145933	Nintendo 3DS XL Left Bumper Replacement	Nintendo 3DS XL	6	2	Nintendo_3DS_XL/145933_Nintendo_3DS_XL_Left_Bumper_Replacement/step06_2.jpg	https://guide-images.cdn.ifixit.com/igi/4PDRlwnSc1kRHLKQ.large	Jack Belcher	https://www.ifixit.com/Guide/Nintendo+3DS+XL+Left+Bumper+Replacement/145933
145933	Nintendo 3DS XL Left Bumper Replacement	Nintendo 3DS XL	7	1	Nintendo_3DS_XL/145933_Nintendo_3DS_XL_Left_Bumper_Replacement/step07_1.jpg	https://guide-images.cdn.ifixit.com/igi/5igOFKT3Hkhgp3sO.large	Jack Belcher	https://www.ifixit.com/Guide/Nintendo+3DS+XL+Left+Bumper+Replacement/145933
145933	Nintendo 3DS XL Left Bumper Replacement	Nintendo 3DS XL	7	2	Nintendo_3DS_XL/145933_Nintendo_3DS_XL_Left_Bumper_Replacement/step07_2.jpg	https://guide-images.cdn.ifixit.com/igi/RO2XjlfTjlW3crWV.large	Jack Belcher	https://www.ifixit.com/Guide/Nintendo+3DS+XL+Left+Bumper+Replacement/145933
145933	Nintendo 3DS XL Left Bumper Replacement	Nintendo 3DS XL	8	1	Nintendo_3DS_XL/145933_Nintendo_3DS_XL_Left_Bumper_Replacement/step08_1.jpg	https://guide-images.cdn.ifixit.com/igi/gAWVQww3QceyA1M6.large	Jack Belcher	https://www.ifixit.com/Guide/Nintendo+3DS+XL+Left+Bumper+Replacement/145933
145933	Nintendo 3DS XL Left Bumper Replacement	Nintendo 3DS XL	9	1	Nintendo_3DS_XL/145933_Nintendo_3DS_XL_Left_Bumper_Replacement/step09_1.jpg	https://guide-images.cdn.ifixit.com/igi/t4WAAZSJF6KM1cyR.large	Jack Belcher	https://www.ifixit.com/Guide/Nintendo+3DS+XL+Left+Bumper+Replacement/145933
145933	Nintendo 3DS XL Left Bumper Replacement	Nintendo 3DS XL	9	2	Nintendo_3DS_XL/145933_Nintendo_3DS_XL_Left_Bumper_Replacement/step09_2.jpg	https://guide-images.cdn.ifixit.com/igi/nsDHNpEoTtpTSapC.large	Jack Belcher	https://www.ifixit.com/Guide/Nintendo+3DS+XL+Left+Bumper+Replacement/145933
154780	A Jammed SD Card Tray	Nintendo 3DS	1	1	Nintendo_3DS/154780_A_Jammed_SD_Card_Tray/step01_1.jpg	https://guide-images.cdn.ifixit.com/igi/bKMHjm6jY1hnxiSd.large	Sqwerks	https://www.ifixit.com/Guide/A+Jammed+SD+Card+Tray/154780
154780	A Jammed SD Card Tray	Nintendo 3DS	1	2	Nintendo_3DS/154780_A_Jammed_SD_Card_Tray/step01_2.jpg	https://guide-images.cdn.ifixit.com/igi/YkFvIjoUevdRvDkZ.large	Sqwerks	https://www.ifixit.com/Guide/A+Jammed+SD+Card+Tray/154780
154780	A Jammed SD Card Tray	Nintendo 3DS	2	1	Nintendo_3DS/154780_A_Jammed_SD_Card_Tray/step02_1.jpg	https://guide-images.cdn.ifixit.com/igi/bTHP4MmMSpJuAPJg.large	Sqwerks	https://www.ifixit.com/Guide/A+Jammed+SD+Card+Tray/154780
154780	A Jammed SD Card Tray	Nintendo 3DS	2	2	Nintendo_3DS/154780_A_Jammed_SD_Card_Tray/step02_2.jpg	https://guide-images.cdn.ifixit.com/igi/CL26UFF6VhSo1jRS.large	Sqwerks	https://www.ifixit.com/Guide/A+Jammed+SD+Card+Tray/154780
154780	A Jammed SD Card Tray	Nintendo 3DS	3	1	Nintendo_3DS/154780_A_Jammed_SD_Card_Tray/step03_1.jpg	https://guide-images.cdn.ifixit.com/igi/EXrtm6eFbR4XtZsn.large	Sqwerks	https://www.ifixit.com/Guide/A+Jammed+SD+Card+Tray/154780
154780	A Jammed SD Card Tray	Nintendo 3DS	3	2	Nintendo_3DS/154780_A_Jammed_SD_Card_Tray/step03_2.jpg	https://guide-images.cdn.ifixit.com/igi/LXMGbBJPYu4KvMeA.large	Sqwerks	https://www.ifixit.com/Guide/A+Jammed+SD+Card+Tray/154780
154780	A Jammed SD Card Tray	Nintendo 3DS	3	3	Nintendo_3DS/154780_A_Jammed_SD_Card_Tray/step03_3.jpg	https://guide-images.cdn.ifixit.com/igi/PPZcNNHDZWWXOpxH.large	Sqwerks	https://www.ifixit.com/Guide/A+Jammed+SD+Card+Tray/154780
154780	A Jammed SD Card Tray	Nintendo 3DS	4	1	Nintendo_3DS/154780_A_Jammed_SD_Card_Tray/step04_1.jpg	https://guide-images.cdn.ifixit.com/igi/klKLOw4YJQiifs5n.large	Sqwerks	https://www.ifixit.com/Guide/A+Jammed+SD+Card+Tray/154780
154780	A Jammed SD Card Tray	Nintendo 3DS	4	2	Nintendo_3DS/154780_A_Jammed_SD_Card_Tray/step04_2.jpg	https://guide-images.cdn.ifixit.com/igi/E2ZEHCABnOamvgSB.large	Sqwerks	https://www.ifixit.com/Guide/A+Jammed+SD+Card+Tray/154780
154780	A Jammed SD Card Tray	Nintendo 3DS	4	3	Nintendo_3DS/154780_A_Jammed_SD_Card_Tray/step04_3.jpg	https://guide-images.cdn.ifixit.com/igi/qZMqQpNT5WMwYevd.large	Sqwerks	https://www.ifixit.com/Guide/A+Jammed+SD+Card+Tray/154780
155329	Nintendo 2DS Volume Slider Replacement	Nintendo 2DS	1	1	Nintendo_2DS/155329_Nintendo_2DS_Volume_Slider_Replacement/step01_1.jpg	https://guide-images.cdn.ifixit.com/igi/x6rD14DmDZHp42GK.large	S. Leng	https://www.ifixit.com/Guide/Nintendo+2DS+Volume+Slider+Replacement/155329
155329	Nintendo 2DS Volume Slider Replacement	Nintendo 2DS	1	2	Nintendo_2DS/155329_Nintendo_2DS_Volume_Slider_Replacement/step01_2.jpg	https://guide-images.cdn.ifixit.com/igi/SGmuhUxsravWCqgY.large	S. Leng	https://www.ifixit.com/Guide/Nintendo+2DS+Volume+Slider+Replacement/155329
155329	Nintendo 2DS Volume Slider Replacement	Nintendo 2DS	1	3	Nintendo_2DS/155329_Nintendo_2DS_Volume_Slider_Replacement/step01_3.jpg	https://guide-images.cdn.ifixit.com/igi/OTUF5lUgnVeWSVRm.large	S. Leng	https://www.ifixit.com/Guide/Nintendo+2DS+Volume+Slider+Replacement/155329
155329	Nintendo 2DS Volume Slider Replacement	Nintendo 2DS	2	1	Nintendo_2DS/155329_Nintendo_2DS_Volume_Slider_Replacement/step02_1.jpg	https://guide-images.cdn.ifixit.com/igi/ntAmOlbZijVMBPlr.large	S. Leng	https://www.ifixit.com/Guide/Nintendo+2DS+Volume+Slider+Replacement/155329
155329	Nintendo 2DS Volume Slider Replacement	Nintendo 2DS	2	2	Nintendo_2DS/155329_Nintendo_2DS_Volume_Slider_Replacement/step02_2.jpg	https://guide-images.cdn.ifixit.com/igi/DLiJy553HYgWDNrJ.large	S. Leng	https://www.ifixit.com/Guide/Nintendo+2DS+Volume+Slider+Replacement/155329
155329	Nintendo 2DS Volume Slider Replacement	Nintendo 2DS	2	3	Nintendo_2DS/155329_Nintendo_2DS_Volume_Slider_Replacement/step02_3.jpg	https://guide-images.cdn.ifixit.com/igi/CVnfsVAnJqi4nnPK.large	S. Leng	https://www.ifixit.com/Guide/Nintendo+2DS+Volume+Slider+Replacement/155329
155329	Nintendo 2DS Volume Slider Replacement	Nintendo 2DS	3	1	Nintendo_2DS/155329_Nintendo_2DS_Volume_Slider_Replacement/step03_1.jpg	https://guide-images.cdn.ifixit.com/igi/GaEdeEP3PFy2i2gT.large	S. Leng	https://www.ifixit.com/Guide/Nintendo+2DS+Volume+Slider+Replacement/155329
155329	Nintendo 2DS Volume Slider Replacement	Nintendo 2DS	3	2	Nintendo_2DS/155329_Nintendo_2DS_Volume_Slider_Replacement/step03_2.jpg	https://guide-images.cdn.ifixit.com/igi/5XKYUXXOM5WOOwN1.large	S. Leng	https://www.ifixit.com/Guide/Nintendo+2DS+Volume+Slider+Replacement/155329
155329	Nintendo 2DS Volume Slider Replacement	Nintendo 2DS	3	3	Nintendo_2DS/155329_Nintendo_2DS_Volume_Slider_Replacement/step03_3.jpg	https://guide-images.cdn.ifixit.com/igi/EuUcFUla2QWUkYTl.large	S. Leng	https://www.ifixit.com/Guide/Nintendo+2DS+Volume+Slider+Replacement/155329
155329	Nintendo 2DS Volume Slider Replacement	Nintendo 2DS	4	1	Nintendo_2DS/155329_Nintendo_2DS_Volume_Slider_Replacement/step04_1.jpg	https://guide-images.cdn.ifixit.com/igi/DTO2WGnyXLgCF5uY.large	S. Leng	https://www.ifixit.com/Guide/Nintendo+2DS+Volume+Slider+Replacement/155329
155329	Nintendo 2DS Volume Slider Replacement	Nintendo 2DS	4	2	Nintendo_2DS/155329_Nintendo_2DS_Volume_Slider_Replacement/step04_2.jpg	https://guide-images.cdn.ifixit.com/igi/6VNH5xvN4jKxvShx.large	S. Leng	https://www.ifixit.com/Guide/Nintendo+2DS+Volume+Slider+Replacement/155329
155329	Nintendo 2DS Volume Slider Replacement	Nintendo 2DS	4	3	Nintendo_2DS/155329_Nintendo_2DS_Volume_Slider_Replacement/step04_3.jpg	https://guide-images.cdn.ifixit.com/igi/JXHPsLribcvdfUS5.large	S. Leng	https://www.ifixit.com/Guide/Nintendo+2DS+Volume+Slider+Replacement/155329
155329	Nintendo 2DS Volume Slider Replacement	Nintendo 2DS	5	1	Nintendo_2DS/155329_Nintendo_2DS_Volume_Slider_Replacement/step05_1.jpg	https://guide-images.cdn.ifixit.com/igi/DXDqEmf2U26uH2YK.large	S. Leng	https://www.ifixit.com/Guide/Nintendo+2DS+Volume+Slider+Replacement/155329
155329	Nintendo 2DS Volume Slider Replacement	Nintendo 2DS	5	2	Nintendo_2DS/155329_Nintendo_2DS_Volume_Slider_Replacement/step05_2.jpg	https://guide-images.cdn.ifixit.com/igi/TpeZPweRnPqHJY32.large	S. Leng	https://www.ifixit.com/Guide/Nintendo+2DS+Volume+Slider+Replacement/155329
155329	Nintendo 2DS Volume Slider Replacement	Nintendo 2DS	5	3	Nintendo_2DS/155329_Nintendo_2DS_Volume_Slider_Replacement/step05_3.jpg	https://guide-images.cdn.ifixit.com/igi/pHUNssuNtWUtOT2x.large	S. Leng	https://www.ifixit.com/Guide/Nintendo+2DS+Volume+Slider+Replacement/155329
155329	Nintendo 2DS Volume Slider Replacement	Nintendo 2DS	6	1	Nintendo_2DS/155329_Nintendo_2DS_Volume_Slider_Replacement/step06_1.jpg	https://guide-images.cdn.ifixit.com/igi/rV2u2OaQlyPKZn2C.large	S. Leng	https://www.ifixit.com/Guide/Nintendo+2DS+Volume+Slider+Replacement/155329
155329	Nintendo 2DS Volume Slider Replacement	Nintendo 2DS	6	2	Nintendo_2DS/155329_Nintendo_2DS_Volume_Slider_Replacement/step06_2.jpg	https://guide-images.cdn.ifixit.com/igi/WBNe3btWebsaURDE.large	S. Leng	https://www.ifixit.com/Guide/Nintendo+2DS+Volume+Slider+Replacement/155329
155329	Nintendo 2DS Volume Slider Replacement	Nintendo 2DS	6	3	Nintendo_2DS/155329_Nintendo_2DS_Volume_Slider_Replacement/step06_3.jpg	https://guide-images.cdn.ifixit.com/igi/wDNrv6ipJ6iq4QVy.large	S. Leng	https://www.ifixit.com/Guide/Nintendo+2DS+Volume+Slider+Replacement/155329
155329	Nintendo 2DS Volume Slider Replacement	Nintendo 2DS	7	1	Nintendo_2DS/155329_Nintendo_2DS_Volume_Slider_Replacement/step07_1.jpg	https://guide-images.cdn.ifixit.com/igi/SbhKUp1RcQfIDIbO.large	S. Leng	https://www.ifixit.com/Guide/Nintendo+2DS+Volume+Slider+Replacement/155329
155329	Nintendo 2DS Volume Slider Replacement	Nintendo 2DS	7	2	Nintendo_2DS/155329_Nintendo_2DS_Volume_Slider_Replacement/step07_2.jpg	https://guide-images.cdn.ifixit.com/igi/VNYetKvL3gSsEThJ.large	S. Leng	https://www.ifixit.com/Guide/Nintendo+2DS+Volume+Slider+Replacement/155329
155329	Nintendo 2DS Volume Slider Replacement	Nintendo 2DS	7	3	Nintendo_2DS/155329_Nintendo_2DS_Volume_Slider_Replacement/step07_3.jpg	https://guide-images.cdn.ifixit.com/igi/sXQeGoYddBGRvsHe.large	S. Leng	https://www.ifixit.com/Guide/Nintendo+2DS+Volume+Slider+Replacement/155329
158770	New Nintendo 3DS XL Top and Bottom Outer Casing Replacement	Nintendo 3DS XL 2015	1	1	Nintendo_3DS_XL_2015/158770_New_Nintendo_3DS_XL_Top_and_Bottom_Outer_Casing_Replacement/step01_1.jpg	https://guide-images.cdn.ifixit.com/igi/rt1O6SmgZyYaruHX.large	Jan De La Cruz	https://www.ifixit.com/Guide/New+Nintendo+3DS+XL+Top+and+Bottom+Outer+Casing+Replacement/158770
158770	New Nintendo 3DS XL Top and Bottom Outer Casing Replacement	Nintendo 3DS XL 2015	1	2	Nintendo_3DS_XL_2015/158770_New_Nintendo_3DS_XL_Top_and_Bottom_Outer_Casing_Replacement/step01_2.jpg	https://guide-images.cdn.ifixit.com/igi/KKatSdXwIwpmRmop.large	Jan De La Cruz	https://www.ifixit.com/Guide/New+Nintendo+3DS+XL+Top+and+Bottom+Outer+Casing+Replacement/158770
158770	New Nintendo 3DS XL Top and Bottom Outer Casing Replacement	Nintendo 3DS XL 2015	2	1	Nintendo_3DS_XL_2015/158770_New_Nintendo_3DS_XL_Top_and_Bottom_Outer_Casing_Replacement/step02_1.jpg	https://guide-images.cdn.ifixit.com/igi/OHUTHA1IshLZ2yYy.large	Jan De La Cruz	https://www.ifixit.com/Guide/New+Nintendo+3DS+XL+Top+and+Bottom+Outer+Casing+Replacement/158770
158770	New Nintendo 3DS XL Top and Bottom Outer Casing Replacement	Nintendo 3DS XL 2015	2	2	Nintendo_3DS_XL_2015/158770_New_Nintendo_3DS_XL_Top_and_Bottom_Outer_Casing_Replacement/step02_2.jpg	https://guide-images.cdn.ifixit.com/igi/WZSiQoVrrHOMESer.large	Jan De La Cruz	https://www.ifixit.com/Guide/New+Nintendo+3DS+XL+Top+and+Bottom+Outer+Casing+Replacement/158770
158770	New Nintendo 3DS XL Top and Bottom Outer Casing Replacement	Nintendo 3DS XL 2015	2	3	Nintendo_3DS_XL_2015/158770_New_Nintendo_3DS_XL_Top_and_Bottom_Outer_Casing_Replacement/step02_3.jpg	https://guide-images.cdn.ifixit.com/igi/W3IcWZcgtuuMNHyS.large	Jan De La Cruz	https://www.ifixit.com/Guide/New+Nintendo+3DS+XL+Top+and+Bottom+Outer+Casing+Replacement/158770
158770	New Nintendo 3DS XL Top and Bottom Outer Casing Replacement	Nintendo 3DS XL 2015	3	1	Nintendo_3DS_XL_2015/158770_New_Nintendo_3DS_XL_Top_and_Bottom_Outer_Casing_Replacement/step03_1.jpg	https://guide-images.cdn.ifixit.com/igi/BuUXQmfQ5MB2WoUY.large	Jan De La Cruz	https://www.ifixit.com/Guide/New+Nintendo+3DS+XL+Top+and+Bottom+Outer+Casing+Replacement/158770
158770	New Nintendo 3DS XL Top and Bottom Outer Casing Replacement	Nintendo 3DS XL 2015	3	2	Nintendo_3DS_XL_2015/158770_New_Nintendo_3DS_XL_Top_and_Bottom_Outer_Casing_Replacement/step03_2.jpg	https://guide-images.cdn.ifixit.com/igi/HmB4RCYNfMlMGH4i.large	Jan De La Cruz	https://www.ifixit.com/Guide/New+Nintendo+3DS+XL+Top+and+Bottom+Outer+Casing+Replacement/158770
158770	New Nintendo 3DS XL Top and Bottom Outer Casing Replacement	Nintendo 3DS XL 2015	4	1	Nintendo_3DS_XL_2015/158770_New_Nintendo_3DS_XL_Top_and_Bottom_Outer_Casing_Replacement/step04_1.jpg	https://guide-images.cdn.ifixit.com/igi/hBtbUT1aR3KiQcgx.large	Jan De La Cruz	https://www.ifixit.com/Guide/New+Nintendo+3DS+XL+Top+and+Bottom+Outer+Casing+Replacement/158770
158770	New Nintendo 3DS XL Top and Bottom Outer Casing Replacement	Nintendo 3DS XL 2015	4	2	Nintendo_3DS_XL_2015/158770_New_Nintendo_3DS_XL_Top_and_Bottom_Outer_Casing_Replacement/step04_2.jpg	https://guide-images.cdn.ifixit.com/igi/6qxLJDAyhq4vVp15.large	Jan De La Cruz	https://www.ifixit.com/Guide/New+Nintendo+3DS+XL+Top+and+Bottom+Outer+Casing+Replacement/158770
158770	New Nintendo 3DS XL Top and Bottom Outer Casing Replacement	Nintendo 3DS XL 2015	4	3	Nintendo_3DS_XL_2015/158770_New_Nintendo_3DS_XL_Top_and_Bottom_Outer_Casing_Replacement/step04_3.jpg	https://guide-images.cdn.ifixit.com/igi/bFyqtZ6FfUQdjn4o.large	Jan De La Cruz	https://www.ifixit.com/Guide/New+Nintendo+3DS+XL+Top+and+Bottom+Outer+Casing+Replacement/158770
158770	New Nintendo 3DS XL Top and Bottom Outer Casing Replacement	Nintendo 3DS XL 2015	5	1	Nintendo_3DS_XL_2015/158770_New_Nintendo_3DS_XL_Top_and_Bottom_Outer_Casing_Replacement/step05_1.jpg	https://guide-images.cdn.ifixit.com/igi/ZPODtvIZfClfSVhd.large	Jan De La Cruz	https://www.ifixit.com/Guide/New+Nintendo+3DS+XL+Top+and+Bottom+Outer+Casing+Replacement/158770
158770	New Nintendo 3DS XL Top and Bottom Outer Casing Replacement	Nintendo 3DS XL 2015	5	2	Nintendo_3DS_XL_2015/158770_New_Nintendo_3DS_XL_Top_and_Bottom_Outer_Casing_Replacement/step05_2.jpg	https://guide-images.cdn.ifixit.com/igi/ZeDMOkTcROpw4UDF.large	Jan De La Cruz	https://www.ifixit.com/Guide/New+Nintendo+3DS+XL+Top+and+Bottom+Outer+Casing+Replacement/158770
158770	New Nintendo 3DS XL Top and Bottom Outer Casing Replacement	Nintendo 3DS XL 2015	6	1	Nintendo_3DS_XL_2015/158770_New_Nintendo_3DS_XL_Top_and_Bottom_Outer_Casing_Replacement/step06_1.jpg	https://guide-images.cdn.ifixit.com/igi/ILQAJESMYXURlDPH.large	Jan De La Cruz	https://www.ifixit.com/Guide/New+Nintendo+3DS+XL+Top+and+Bottom+Outer+Casing+Replacement/158770
158770	New Nintendo 3DS XL Top and Bottom Outer Casing Replacement	Nintendo 3DS XL 2015	7	1	Nintendo_3DS_XL_2015/158770_New_Nintendo_3DS_XL_Top_and_Bottom_Outer_Casing_Replacement/step07_1.jpg	https://guide-images.cdn.ifixit.com/igi/aCqqFEDisLFgTNZN.large	Jan De La Cruz	https://www.ifixit.com/Guide/New+Nintendo+3DS+XL+Top+and+Bottom+Outer+Casing+Replacement/158770
160383	ABXY/D-pad Conductive Sticker Replacement	New Nintendo 2DS XL	1	1	New_Nintendo_2DS_XL/160383_ABXY_D-pad_Conductive_Sticker_Replacement/step01_1.jpg	https://guide-images.cdn.ifixit.com/igi/KrgI1OCEqdI6EZnV.large	darth mango	https://www.ifixit.com/Guide/ABXY-D-pad+Conductive+Sticker+Replacement/160383
160383	ABXY/D-pad Conductive Sticker Replacement	New Nintendo 2DS XL	2	1	New_Nintendo_2DS_XL/160383_ABXY_D-pad_Conductive_Sticker_Replacement/step02_1.jpg	https://guide-images.cdn.ifixit.com/igi/AG46wwoTFSsxGg1Z.large	darth mango	https://www.ifixit.com/Guide/ABXY-D-pad+Conductive+Sticker+Replacement/160383
160383	ABXY/D-pad Conductive Sticker Replacement	New Nintendo 2DS XL	3	1	New_Nintendo_2DS_XL/160383_ABXY_D-pad_Conductive_Sticker_Replacement/step03_1.jpg	https://guide-images.cdn.ifixit.com/igi/eB4YxTTwTQ6HchXO.large	darth mango	https://www.ifixit.com/Guide/ABXY-D-pad+Conductive+Sticker+Replacement/160383
160383	ABXY/D-pad Conductive Sticker Replacement	New Nintendo 2DS XL	3	2	New_Nintendo_2DS_XL/160383_ABXY_D-pad_Conductive_Sticker_Replacement/step03_2.jpg	https://guide-images.cdn.ifixit.com/igi/MiHqoVbAY3mST6Ls.large	darth mango	https://www.ifixit.com/Guide/ABXY-D-pad+Conductive+Sticker+Replacement/160383
160383	ABXY/D-pad Conductive Sticker Replacement	New Nintendo 2DS XL	4	1	New_Nintendo_2DS_XL/160383_ABXY_D-pad_Conductive_Sticker_Replacement/step04_1.jpg	https://guide-images.cdn.ifixit.com/igi/PtophBRkCeD3tZsW.large	darth mango	https://www.ifixit.com/Guide/ABXY-D-pad+Conductive+Sticker+Replacement/160383
160383	ABXY/D-pad Conductive Sticker Replacement	New Nintendo 2DS XL	4	2	New_Nintendo_2DS_XL/160383_ABXY_D-pad_Conductive_Sticker_Replacement/step04_2.jpg	https://guide-images.cdn.ifixit.com/igi/sLnMpviSoWENSJQk.large	darth mango	https://www.ifixit.com/Guide/ABXY-D-pad+Conductive+Sticker+Replacement/160383
160383	ABXY/D-pad Conductive Sticker Replacement	New Nintendo 2DS XL	4	3	New_Nintendo_2DS_XL/160383_ABXY_D-pad_Conductive_Sticker_Replacement/step04_3.jpg	https://guide-images.cdn.ifixit.com/igi/CxaLwKZ2IuAS5cAV.large	darth mango	https://www.ifixit.com/Guide/ABXY-D-pad+Conductive+Sticker+Replacement/160383
160383	ABXY/D-pad Conductive Sticker Replacement	New Nintendo 2DS XL	5	1	New_Nintendo_2DS_XL/160383_ABXY_D-pad_Conductive_Sticker_Replacement/step05_1.jpg	https://guide-images.cdn.ifixit.com/igi/6AT5OJ1MuuBaICeA.large	darth mango	https://www.ifixit.com/Guide/ABXY-D-pad+Conductive+Sticker+Replacement/160383
160383	ABXY/D-pad Conductive Sticker Replacement	New Nintendo 2DS XL	5	2	New_Nintendo_2DS_XL/160383_ABXY_D-pad_Conductive_Sticker_Replacement/step05_2.jpg	https://guide-images.cdn.ifixit.com/igi/ua4Ruiu5ewlgVKlO.large	darth mango	https://www.ifixit.com/Guide/ABXY-D-pad+Conductive+Sticker+Replacement/160383
160383	ABXY/D-pad Conductive Sticker Replacement	New Nintendo 2DS XL	6	1	New_Nintendo_2DS_XL/160383_ABXY_D-pad_Conductive_Sticker_Replacement/step06_1.jpg	https://guide-images.cdn.ifixit.com/igi/VjSoR1r4pukqwicb.large	darth mango	https://www.ifixit.com/Guide/ABXY-D-pad+Conductive+Sticker+Replacement/160383
160383	ABXY/D-pad Conductive Sticker Replacement	New Nintendo 2DS XL	6	2	New_Nintendo_2DS_XL/160383_ABXY_D-pad_Conductive_Sticker_Replacement/step06_2.jpg	https://guide-images.cdn.ifixit.com/igi/mDsPxLStvgmPJlHp.large	darth mango	https://www.ifixit.com/Guide/ABXY-D-pad+Conductive+Sticker+Replacement/160383
160383	ABXY/D-pad Conductive Sticker Replacement	New Nintendo 2DS XL	7	1	New_Nintendo_2DS_XL/160383_ABXY_D-pad_Conductive_Sticker_Replacement/step07_1.jpg	https://guide-images.cdn.ifixit.com/igi/lENbxc1owHxJd2B5.large	darth mango	https://www.ifixit.com/Guide/ABXY-D-pad+Conductive+Sticker+Replacement/160383
160383	ABXY/D-pad Conductive Sticker Replacement	New Nintendo 2DS XL	7	2	New_Nintendo_2DS_XL/160383_ABXY_D-pad_Conductive_Sticker_Replacement/step07_2.jpg	https://guide-images.cdn.ifixit.com/igi/Ty63qp3gtGSWq2Df.large	darth mango	https://www.ifixit.com/Guide/ABXY-D-pad+Conductive+Sticker+Replacement/160383
160383	ABXY/D-pad Conductive Sticker Replacement	New Nintendo 2DS XL	8	1	New_Nintendo_2DS_XL/160383_ABXY_D-pad_Conductive_Sticker_Replacement/step08_1.jpg	https://guide-images.cdn.ifixit.com/igi/GqvOCteO2iYPDwUf.large	darth mango	https://www.ifixit.com/Guide/ABXY-D-pad+Conductive+Sticker+Replacement/160383
160383	ABXY/D-pad Conductive Sticker Replacement	New Nintendo 2DS XL	8	2	New_Nintendo_2DS_XL/160383_ABXY_D-pad_Conductive_Sticker_Replacement/step08_2.jpg	https://guide-images.cdn.ifixit.com/igi/AfDTdwEG1IjHHCef.large	darth mango	https://www.ifixit.com/Guide/ABXY-D-pad+Conductive+Sticker+Replacement/160383
160383	ABXY/D-pad Conductive Sticker Replacement	New Nintendo 2DS XL	9	1	New_Nintendo_2DS_XL/160383_ABXY_D-pad_Conductive_Sticker_Replacement/step09_1.jpg	https://guide-images.cdn.ifixit.com/igi/eVWcrc34WSgF1CON.large	darth mango	https://www.ifixit.com/Guide/ABXY-D-pad+Conductive+Sticker+Replacement/160383
160620	Using the 3DS's Safe Mode	Nintendo 3DS	1	1	Nintendo_3DS/160620_Using_the_3DS_s_Safe_Mode/step01_1.jpg	https://guide-images.cdn.ifixit.com/igi/Gw3IbGDq5eJr6MLp.large	darth mango	https://www.ifixit.com/Guide/Using+the+3DS's+Safe+Mode/160620
160620	Using the 3DS's Safe Mode	Nintendo 3DS	2	1	Nintendo_3DS/160620_Using_the_3DS_s_Safe_Mode/step02_1.jpg	https://guide-images.cdn.ifixit.com/igi/5qLeCQxvLMhRoVRg.large	darth mango	https://www.ifixit.com/Guide/Using+the+3DS's+Safe+Mode/160620
160620	Using the 3DS's Safe Mode	Nintendo 3DS	2	2	Nintendo_3DS/160620_Using_the_3DS_s_Safe_Mode/step02_2.jpg	https://guide-images.cdn.ifixit.com/igi/Uy24ASbfUg3HX4l4.large	darth mango	https://www.ifixit.com/Guide/Using+the+3DS's+Safe+Mode/160620
160620	Using the 3DS's Safe Mode	Nintendo 3DS	2	3	Nintendo_3DS/160620_Using_the_3DS_s_Safe_Mode/step02_3.jpg	https://guide-images.cdn.ifixit.com/igi/CqMSEWLBXr1jOCmZ.large	darth mango	https://www.ifixit.com/Guide/Using+the+3DS's+Safe+Mode/160620
160620	Using the 3DS's Safe Mode	Nintendo 3DS	3	1	Nintendo_3DS/160620_Using_the_3DS_s_Safe_Mode/step03_1.jpg	https://guide-images.cdn.ifixit.com/igi/UMPxqG5EALnS1mNj.large	darth mango	https://www.ifixit.com/Guide/Using+the+3DS's+Safe+Mode/160620
165826	3DS XL SD Card Cover Replacement	Nintendo 3DS XL	1	1	Nintendo_3DS_XL/165826_3DS_XL_SD_Card_Cover_Replacement/step01_1.jpg	https://guide-images.cdn.ifixit.com/igi/pS62Ej2JRcVFjBLO.large	Ben	https://www.ifixit.com/Guide/3DS+XL+SD+Card+Cover+Replacement/165826
165826	3DS XL SD Card Cover Replacement	Nintendo 3DS XL	1	2	Nintendo_3DS_XL/165826_3DS_XL_SD_Card_Cover_Replacement/step01_2.jpg	https://guide-images.cdn.ifixit.com/igi/ENwMVTCWSTlyGbbc.large	Ben	https://www.ifixit.com/Guide/3DS+XL+SD+Card+Cover+Replacement/165826
165826	3DS XL SD Card Cover Replacement	Nintendo 3DS XL	2	1	Nintendo_3DS_XL/165826_3DS_XL_SD_Card_Cover_Replacement/step02_1.jpg	https://guide-images.cdn.ifixit.com/igi/xQjMeUXv2xUCAGUc.large	Ben	https://www.ifixit.com/Guide/3DS+XL+SD+Card+Cover+Replacement/165826
165826	3DS XL SD Card Cover Replacement	Nintendo 3DS XL	3	1	Nintendo_3DS_XL/165826_3DS_XL_SD_Card_Cover_Replacement/step03_1.jpg	https://guide-images.cdn.ifixit.com/igi/AQE42e65MgAynXfx.large	Ben	https://www.ifixit.com/Guide/3DS+XL+SD+Card+Cover+Replacement/165826
165826	3DS XL SD Card Cover Replacement	Nintendo 3DS XL	3	2	Nintendo_3DS_XL/165826_3DS_XL_SD_Card_Cover_Replacement/step03_2.jpg	https://guide-images.cdn.ifixit.com/igi/lQQsriUCuMWbLpZa.large	Ben	https://www.ifixit.com/Guide/3DS+XL+SD+Card+Cover+Replacement/165826
165826	3DS XL SD Card Cover Replacement	Nintendo 3DS XL	4	1	Nintendo_3DS_XL/165826_3DS_XL_SD_Card_Cover_Replacement/step04_1.jpg	https://guide-images.cdn.ifixit.com/igi/RFAWiDLeUeYCbeOi.large	Ben	https://www.ifixit.com/Guide/3DS+XL+SD+Card+Cover+Replacement/165826
165826	3DS XL SD Card Cover Replacement	Nintendo 3DS XL	4	2	Nintendo_3DS_XL/165826_3DS_XL_SD_Card_Cover_Replacement/step04_2.jpg	https://guide-images.cdn.ifixit.com/igi/eSYGWDRFsOAUvXbp.large	Ben	https://www.ifixit.com/Guide/3DS+XL+SD+Card+Cover+Replacement/165826
165826	3DS XL SD Card Cover Replacement	Nintendo 3DS XL	5	1	Nintendo_3DS_XL/165826_3DS_XL_SD_Card_Cover_Replacement/step05_1.jpg	https://guide-images.cdn.ifixit.com/igi/CCIXLBKmHmYrOuK1.large	Ben	https://www.ifixit.com/Guide/3DS+XL+SD+Card+Cover+Replacement/165826
165826	3DS XL SD Card Cover Replacement	Nintendo 3DS XL	5	2	Nintendo_3DS_XL/165826_3DS_XL_SD_Card_Cover_Replacement/step05_2.jpg	https://guide-images.cdn.ifixit.com/igi/ZZHmVETtlwvpPEuj.large	Ben	https://www.ifixit.com/Guide/3DS+XL+SD+Card+Cover+Replacement/165826
165826	3DS XL SD Card Cover Replacement	Nintendo 3DS XL	6	1	Nintendo_3DS_XL/165826_3DS_XL_SD_Card_Cover_Replacement/step06_1.jpg	https://guide-images.cdn.ifixit.com/igi/e5JyWxLoFGNpHpXF.large	Ben	https://www.ifixit.com/Guide/3DS+XL+SD+Card+Cover+Replacement/165826
165826	3DS XL SD Card Cover Replacement	Nintendo 3DS XL	6	2	Nintendo_3DS_XL/165826_3DS_XL_SD_Card_Cover_Replacement/step06_2.jpg	https://guide-images.cdn.ifixit.com/igi/5LySyp4OeT61bbk4.large	Ben	https://www.ifixit.com/Guide/3DS+XL+SD+Card+Cover+Replacement/165826
165826	3DS XL SD Card Cover Replacement	Nintendo 3DS XL	7	1	Nintendo_3DS_XL/165826_3DS_XL_SD_Card_Cover_Replacement/step07_1.jpg	https://guide-images.cdn.ifixit.com/igi/P3nHTuZntiKNQuJZ.large	Ben	https://www.ifixit.com/Guide/3DS+XL+SD+Card+Cover+Replacement/165826
165826	3DS XL SD Card Cover Replacement	Nintendo 3DS XL	7	2	Nintendo_3DS_XL/165826_3DS_XL_SD_Card_Cover_Replacement/step07_2.jpg	https://guide-images.cdn.ifixit.com/igi/dZDJKjBB2XIoaoCD.large	Ben	https://www.ifixit.com/Guide/3DS+XL+SD+Card+Cover+Replacement/165826
165826	3DS XL SD Card Cover Replacement	Nintendo 3DS XL	8	1	Nintendo_3DS_XL/165826_3DS_XL_SD_Card_Cover_Replacement/step08_1.jpg	https://guide-images.cdn.ifixit.com/igi/GNQvHxxsTkZNosfD.large	Ben	https://www.ifixit.com/Guide/3DS+XL+SD+Card+Cover+Replacement/165826
165826	3DS XL SD Card Cover Replacement	Nintendo 3DS XL	8	2	Nintendo_3DS_XL/165826_3DS_XL_SD_Card_Cover_Replacement/step08_2.jpg	https://guide-images.cdn.ifixit.com/igi/lVoSErLeU2nNv3M1.large	Ben	https://www.ifixit.com/Guide/3DS+XL+SD+Card+Cover+Replacement/165826
165826	3DS XL SD Card Cover Replacement	Nintendo 3DS XL	9	1	Nintendo_3DS_XL/165826_3DS_XL_SD_Card_Cover_Replacement/step09_1.jpg	https://guide-images.cdn.ifixit.com/igi/YQI44nJCkPCMTTEQ.large	Ben	https://www.ifixit.com/Guide/3DS+XL+SD+Card+Cover+Replacement/165826
165826	3DS XL SD Card Cover Replacement	Nintendo 3DS XL	9	2	Nintendo_3DS_XL/165826_3DS_XL_SD_Card_Cover_Replacement/step09_2.jpg	https://guide-images.cdn.ifixit.com/igi/UgaWmTajWKJqTb1x.large	Ben	https://www.ifixit.com/Guide/3DS+XL+SD+Card+Cover+Replacement/165826
165826	3DS XL SD Card Cover Replacement	Nintendo 3DS XL	10	1	Nintendo_3DS_XL/165826_3DS_XL_SD_Card_Cover_Replacement/step10_1.jpg	https://guide-images.cdn.ifixit.com/igi/mdkHLxmRKOYCrVoo.large	Ben	https://www.ifixit.com/Guide/3DS+XL+SD+Card+Cover+Replacement/165826
165826	3DS XL SD Card Cover Replacement	Nintendo 3DS XL	10	2	Nintendo_3DS_XL/165826_3DS_XL_SD_Card_Cover_Replacement/step10_2.jpg	https://guide-images.cdn.ifixit.com/igi/qL3IDZIhExmGOKeX.large	Ben	https://www.ifixit.com/Guide/3DS+XL+SD+Card+Cover+Replacement/165826
167236	Nintendo 3DS XL Hinge/Midframe Replacement	Nintendo 3DS XL	1	1	Nintendo_3DS_XL/167236_Nintendo_3DS_XL_Hinge_Midframe_Replacement/step01_1.jpg	https://guide-images.cdn.ifixit.com/igi/2CApGhVE2Lpo61kj.large	FixitKevin	https://www.ifixit.com/Guide/Nintendo+3DS+XL+Hinge-Midframe+Replacement/167236
167236	Nintendo 3DS XL Hinge/Midframe Replacement	Nintendo 3DS XL	1	2	Nintendo_3DS_XL/167236_Nintendo_3DS_XL_Hinge_Midframe_Replacement/step01_2.jpg	https://guide-images.cdn.ifixit.com/igi/g5jKjATeuZxY4mVm.large	FixitKevin	https://www.ifixit.com/Guide/Nintendo+3DS+XL+Hinge-Midframe+Replacement/167236
167236	Nintendo 3DS XL Hinge/Midframe Replacement	Nintendo 3DS XL	2	1	Nintendo_3DS_XL/167236_Nintendo_3DS_XL_Hinge_Midframe_Replacement/step02_1.jpg	https://guide-images.cdn.ifixit.com/igi/qqjOXDMqt2EdMDLS.large	FixitKevin	https://www.ifixit.com/Guide/Nintendo+3DS+XL+Hinge-Midframe+Replacement/167236
167236	Nintendo 3DS XL Hinge/Midframe Replacement	Nintendo 3DS XL	3	1	Nintendo_3DS_XL/167236_Nintendo_3DS_XL_Hinge_Midframe_Replacement/step03_1.jpg	https://guide-images.cdn.ifixit.com/igi/IPboyyTsyCrYd2Ec.large	FixitKevin	https://www.ifixit.com/Guide/Nintendo+3DS+XL+Hinge-Midframe+Replacement/167236
167236	Nintendo 3DS XL Hinge/Midframe Replacement	Nintendo 3DS XL	4	1	Nintendo_3DS_XL/167236_Nintendo_3DS_XL_Hinge_Midframe_Replacement/step04_1.jpg	https://guide-images.cdn.ifixit.com/igi/oZSBijQNv6GiPaAf.large	FixitKevin	https://www.ifixit.com/Guide/Nintendo+3DS+XL+Hinge-Midframe+Replacement/167236
167236	Nintendo 3DS XL Hinge/Midframe Replacement	Nintendo 3DS XL	4	2	Nintendo_3DS_XL/167236_Nintendo_3DS_XL_Hinge_Midframe_Replacement/step04_2.jpg	https://guide-images.cdn.ifixit.com/igi/pKQDAxhQuPrixGpD.large	FixitKevin	https://www.ifixit.com/Guide/Nintendo+3DS+XL+Hinge-Midframe+Replacement/167236
167236	Nintendo 3DS XL Hinge/Midframe Replacement	Nintendo 3DS XL	5	1	Nintendo_3DS_XL/167236_Nintendo_3DS_XL_Hinge_Midframe_Replacement/step05_1.jpg	https://guide-images.cdn.ifixit.com/igi/wuDgjAn1CqGlJWUT.large	FixitKevin	https://www.ifixit.com/Guide/Nintendo+3DS+XL+Hinge-Midframe+Replacement/167236
167236	Nintendo 3DS XL Hinge/Midframe Replacement	Nintendo 3DS XL	6	1	Nintendo_3DS_XL/167236_Nintendo_3DS_XL_Hinge_Midframe_Replacement/step06_1.jpg	https://guide-images.cdn.ifixit.com/igi/regqaNsDtJNi2DIc.large	FixitKevin	https://www.ifixit.com/Guide/Nintendo+3DS+XL+Hinge-Midframe+Replacement/167236
167236	Nintendo 3DS XL Hinge/Midframe Replacement	Nintendo 3DS XL	6	2	Nintendo_3DS_XL/167236_Nintendo_3DS_XL_Hinge_Midframe_Replacement/step06_2.jpg	https://guide-images.cdn.ifixit.com/igi/tuQgIvYZaCaUY1BF.large	FixitKevin	https://www.ifixit.com/Guide/Nintendo+3DS+XL+Hinge-Midframe+Replacement/167236
167236	Nintendo 3DS XL Hinge/Midframe Replacement	Nintendo 3DS XL	6	3	Nintendo_3DS_XL/167236_Nintendo_3DS_XL_Hinge_Midframe_Replacement/step06_3.jpg	https://guide-images.cdn.ifixit.com/igi/fokmDTLSgNkXoHPa.large	FixitKevin	https://www.ifixit.com/Guide/Nintendo+3DS+XL+Hinge-Midframe+Replacement/167236
167236	Nintendo 3DS XL Hinge/Midframe Replacement	Nintendo 3DS XL	7	1	Nintendo_3DS_XL/167236_Nintendo_3DS_XL_Hinge_Midframe_Replacement/step07_1.jpg	https://guide-images.cdn.ifixit.com/igi/ifouZeuIbBuOoyhN.large	FixitKevin	https://www.ifixit.com/Guide/Nintendo+3DS+XL+Hinge-Midframe+Replacement/167236
167236	Nintendo 3DS XL Hinge/Midframe Replacement	Nintendo 3DS XL	7	2	Nintendo_3DS_XL/167236_Nintendo_3DS_XL_Hinge_Midframe_Replacement/step07_2.jpg	https://guide-images.cdn.ifixit.com/igi/5F2g4upbnTXwhiil.large	FixitKevin	https://www.ifixit.com/Guide/Nintendo+3DS+XL+Hinge-Midframe+Replacement/167236
167236	Nintendo 3DS XL Hinge/Midframe Replacement	Nintendo 3DS XL	8	1	Nintendo_3DS_XL/167236_Nintendo_3DS_XL_Hinge_Midframe_Replacement/step08_1.jpg	https://guide-images.cdn.ifixit.com/igi/t3rMtxsM6eJVlEQu.large	FixitKevin	https://www.ifixit.com/Guide/Nintendo+3DS+XL+Hinge-Midframe+Replacement/167236
167236	Nintendo 3DS XL Hinge/Midframe Replacement	Nintendo 3DS XL	8	2	Nintendo_3DS_XL/167236_Nintendo_3DS_XL_Hinge_Midframe_Replacement/step08_2.jpg	https://guide-images.cdn.ifixit.com/igi/u4PRKtAEcxy4aQGW.large	FixitKevin	https://www.ifixit.com/Guide/Nintendo+3DS+XL+Hinge-Midframe+Replacement/167236
167236	Nintendo 3DS XL Hinge/Midframe Replacement	Nintendo 3DS XL	9	1	Nintendo_3DS_XL/167236_Nintendo_3DS_XL_Hinge_Midframe_Replacement/step09_1.jpg	https://guide-images.cdn.ifixit.com/igi/erOogJHGutpv2MRJ.large	FixitKevin	https://www.ifixit.com/Guide/Nintendo+3DS+XL+Hinge-Midframe+Replacement/167236
167236	Nintendo 3DS XL Hinge/Midframe Replacement	Nintendo 3DS XL	10	1	Nintendo_3DS_XL/167236_Nintendo_3DS_XL_Hinge_Midframe_Replacement/step10_1.jpg	https://guide-images.cdn.ifixit.com/igi/SxREI4YXGTNEI3yP.large	FixitKevin	https://www.ifixit.com/Guide/Nintendo+3DS+XL+Hinge-Midframe+Replacement/167236
167236	Nintendo 3DS XL Hinge/Midframe Replacement	Nintendo 3DS XL	10	2	Nintendo_3DS_XL/167236_Nintendo_3DS_XL_Hinge_Midframe_Replacement/step10_2.jpg	https://guide-images.cdn.ifixit.com/igi/v3635LjqW4STAWrf.large	FixitKevin	https://www.ifixit.com/Guide/Nintendo+3DS+XL+Hinge-Midframe+Replacement/167236
167236	Nintendo 3DS XL Hinge/Midframe Replacement	Nintendo 3DS XL	11	1	Nintendo_3DS_XL/167236_Nintendo_3DS_XL_Hinge_Midframe_Replacement/step11_1.jpg	https://guide-images.cdn.ifixit.com/igi/KlAqUktqA3qBMWwy.large	FixitKevin	https://www.ifixit.com/Guide/Nintendo+3DS+XL+Hinge-Midframe+Replacement/167236
167236	Nintendo 3DS XL Hinge/Midframe Replacement	Nintendo 3DS XL	12	1	Nintendo_3DS_XL/167236_Nintendo_3DS_XL_Hinge_Midframe_Replacement/step12_1.jpg	https://guide-images.cdn.ifixit.com/igi/fYwPkmvCyWK2adtP.large	FixitKevin	https://www.ifixit.com/Guide/Nintendo+3DS+XL+Hinge-Midframe+Replacement/167236
167236	Nintendo 3DS XL Hinge/Midframe Replacement	Nintendo 3DS XL	12	2	Nintendo_3DS_XL/167236_Nintendo_3DS_XL_Hinge_Midframe_Replacement/step12_2.jpg	https://guide-images.cdn.ifixit.com/igi/HZbURyPPqK6hjVId.large	FixitKevin	https://www.ifixit.com/Guide/Nintendo+3DS+XL+Hinge-Midframe+Replacement/167236
167236	Nintendo 3DS XL Hinge/Midframe Replacement	Nintendo 3DS XL	13	1	Nintendo_3DS_XL/167236_Nintendo_3DS_XL_Hinge_Midframe_Replacement/step13_1.jpg	https://guide-images.cdn.ifixit.com/igi/U6jBQdH3VOFuYMn6.large	FixitKevin	https://www.ifixit.com/Guide/Nintendo+3DS+XL+Hinge-Midframe+Replacement/167236
167236	Nintendo 3DS XL Hinge/Midframe Replacement	Nintendo 3DS XL	13	2	Nintendo_3DS_XL/167236_Nintendo_3DS_XL_Hinge_Midframe_Replacement/step13_2.jpg	https://guide-images.cdn.ifixit.com/igi/rBjKXNorkVkgwUK3.large	FixitKevin	https://www.ifixit.com/Guide/Nintendo+3DS+XL+Hinge-Midframe+Replacement/167236
167236	Nintendo 3DS XL Hinge/Midframe Replacement	Nintendo 3DS XL	14	1	Nintendo_3DS_XL/167236_Nintendo_3DS_XL_Hinge_Midframe_Replacement/step14_1.jpg	https://guide-images.cdn.ifixit.com/igi/KuZtWFnvP6mFohPx.large	FixitKevin	https://www.ifixit.com/Guide/Nintendo+3DS+XL+Hinge-Midframe+Replacement/167236
167236	Nintendo 3DS XL Hinge/Midframe Replacement	Nintendo 3DS XL	14	2	Nintendo_3DS_XL/167236_Nintendo_3DS_XL_Hinge_Midframe_Replacement/step14_2.jpg	https://guide-images.cdn.ifixit.com/igi/CeIKYMuwCO4jtjVS.large	FixitKevin	https://www.ifixit.com/Guide/Nintendo+3DS+XL+Hinge-Midframe+Replacement/167236
167236	Nintendo 3DS XL Hinge/Midframe Replacement	Nintendo 3DS XL	15	1	Nintendo_3DS_XL/167236_Nintendo_3DS_XL_Hinge_Midframe_Replacement/step15_1.jpg	https://guide-images.cdn.ifixit.com/igi/m46PRK6ZdOp1EGLu.large	FixitKevin	https://www.ifixit.com/Guide/Nintendo+3DS+XL+Hinge-Midframe+Replacement/167236
167236	Nintendo 3DS XL Hinge/Midframe Replacement	Nintendo 3DS XL	15	2	Nintendo_3DS_XL/167236_Nintendo_3DS_XL_Hinge_Midframe_Replacement/step15_2.jpg	https://guide-images.cdn.ifixit.com/igi/Xu3wgVefD3SaRAtb.large	FixitKevin	https://www.ifixit.com/Guide/Nintendo+3DS+XL+Hinge-Midframe+Replacement/167236
167236	Nintendo 3DS XL Hinge/Midframe Replacement	Nintendo 3DS XL	16	1	Nintendo_3DS_XL/167236_Nintendo_3DS_XL_Hinge_Midframe_Replacement/step16_1.jpg	https://guide-images.cdn.ifixit.com/igi/PCYRZ1AoB4l2LCcM.large	FixitKevin	https://www.ifixit.com/Guide/Nintendo+3DS+XL+Hinge-Midframe+Replacement/167236
167236	Nintendo 3DS XL Hinge/Midframe Replacement	Nintendo 3DS XL	16	2	Nintendo_3DS_XL/167236_Nintendo_3DS_XL_Hinge_Midframe_Replacement/step16_2.jpg	https://guide-images.cdn.ifixit.com/igi/32XxWGFmoB2JLR5n.large	FixitKevin	https://www.ifixit.com/Guide/Nintendo+3DS+XL+Hinge-Midframe+Replacement/167236
167236	Nintendo 3DS XL Hinge/Midframe Replacement	Nintendo 3DS XL	17	1	Nintendo_3DS_XL/167236_Nintendo_3DS_XL_Hinge_Midframe_Replacement/step17_1.jpg	https://guide-images.cdn.ifixit.com/igi/XmvjmSyipPtWlRcM.large	FixitKevin	https://www.ifixit.com/Guide/Nintendo+3DS+XL+Hinge-Midframe+Replacement/167236
167236	Nintendo 3DS XL Hinge/Midframe Replacement	Nintendo 3DS XL	17	2	Nintendo_3DS_XL/167236_Nintendo_3DS_XL_Hinge_Midframe_Replacement/step17_2.jpg	https://guide-images.cdn.ifixit.com/igi/hVARFFZeX3WpPAsa.large	FixitKevin	https://www.ifixit.com/Guide/Nintendo+3DS+XL+Hinge-Midframe+Replacement/167236
167236	Nintendo 3DS XL Hinge/Midframe Replacement	Nintendo 3DS XL	18	1	Nintendo_3DS_XL/167236_Nintendo_3DS_XL_Hinge_Midframe_Replacement/step18_1.jpg	https://guide-images.cdn.ifixit.com/igi/3uP2FYOLAG3FKNfU.large	FixitKevin	https://www.ifixit.com/Guide/Nintendo+3DS+XL+Hinge-Midframe+Replacement/167236
167236	Nintendo 3DS XL Hinge/Midframe Replacement	Nintendo 3DS XL	18	2	Nintendo_3DS_XL/167236_Nintendo_3DS_XL_Hinge_Midframe_Replacement/step18_2.jpg	https://guide-images.cdn.ifixit.com/igi/vRDlAMWLglGv6tag.large	FixitKevin	https://www.ifixit.com/Guide/Nintendo+3DS+XL+Hinge-Midframe+Replacement/167236
167236	Nintendo 3DS XL Hinge/Midframe Replacement	Nintendo 3DS XL	19	1	Nintendo_3DS_XL/167236_Nintendo_3DS_XL_Hinge_Midframe_Replacement/step19_1.jpg	https://guide-images.cdn.ifixit.com/igi/QQA3buVrIXFEHAr6.large	FixitKevin	https://www.ifixit.com/Guide/Nintendo+3DS+XL+Hinge-Midframe+Replacement/167236
167236	Nintendo 3DS XL Hinge/Midframe Replacement	Nintendo 3DS XL	19	2	Nintendo_3DS_XL/167236_Nintendo_3DS_XL_Hinge_Midframe_Replacement/step19_2.jpg	https://guide-images.cdn.ifixit.com/igi/gVSQUyxTuKdvEUGC.large	FixitKevin	https://www.ifixit.com/Guide/Nintendo+3DS+XL+Hinge-Midframe+Replacement/167236
167236	Nintendo 3DS XL Hinge/Midframe Replacement	Nintendo 3DS XL	20	1	Nintendo_3DS_XL/167236_Nintendo_3DS_XL_Hinge_Midframe_Replacement/step20_1.jpg	https://guide-images.cdn.ifixit.com/igi/JNGwW665j21WpIWk.large	FixitKevin	https://www.ifixit.com/Guide/Nintendo+3DS+XL+Hinge-Midframe+Replacement/167236
167236	Nintendo 3DS XL Hinge/Midframe Replacement	Nintendo 3DS XL	20	2	Nintendo_3DS_XL/167236_Nintendo_3DS_XL_Hinge_Midframe_Replacement/step20_2.jpg	https://guide-images.cdn.ifixit.com/igi/Hm25d1wB1v3Ie2Wf.large	FixitKevin	https://www.ifixit.com/Guide/Nintendo+3DS+XL+Hinge-Midframe+Replacement/167236
167236	Nintendo 3DS XL Hinge/Midframe Replacement	Nintendo 3DS XL	20	3	Nintendo_3DS_XL/167236_Nintendo_3DS_XL_Hinge_Midframe_Replacement/step20_3.jpg	https://guide-images.cdn.ifixit.com/igi/fkE3moNWvY4buQdR.large	FixitKevin	https://www.ifixit.com/Guide/Nintendo+3DS+XL+Hinge-Midframe+Replacement/167236
167236	Nintendo 3DS XL Hinge/Midframe Replacement	Nintendo 3DS XL	21	1	Nintendo_3DS_XL/167236_Nintendo_3DS_XL_Hinge_Midframe_Replacement/step21_1.jpg	https://guide-images.cdn.ifixit.com/igi/ueBUuEWOwrSGVHpI.large	FixitKevin	https://www.ifixit.com/Guide/Nintendo+3DS+XL+Hinge-Midframe+Replacement/167236
167236	Nintendo 3DS XL Hinge/Midframe Replacement	Nintendo 3DS XL	22	1	Nintendo_3DS_XL/167236_Nintendo_3DS_XL_Hinge_Midframe_Replacement/step22_1.jpg	https://guide-images.cdn.ifixit.com/igi/oxhSeHEdUNNwXQF1.large	FixitKevin	https://www.ifixit.com/Guide/Nintendo+3DS+XL+Hinge-Midframe+Replacement/167236
167236	Nintendo 3DS XL Hinge/Midframe Replacement	Nintendo 3DS XL	22	2	Nintendo_3DS_XL/167236_Nintendo_3DS_XL_Hinge_Midframe_Replacement/step22_2.jpg	https://guide-images.cdn.ifixit.com/igi/s2lBQA225eDnPMX3.large	FixitKevin	https://www.ifixit.com/Guide/Nintendo+3DS+XL+Hinge-Midframe+Replacement/167236
167236	Nintendo 3DS XL Hinge/Midframe Replacement	Nintendo 3DS XL	22	3	Nintendo_3DS_XL/167236_Nintendo_3DS_XL_Hinge_Midframe_Replacement/step22_3.jpg	https://guide-images.cdn.ifixit.com/igi/2fW5YOYgDPVyiYPJ.large	FixitKevin	https://www.ifixit.com/Guide/Nintendo+3DS+XL+Hinge-Midframe+Replacement/167236
167236	Nintendo 3DS XL Hinge/Midframe Replacement	Nintendo 3DS XL	23	1	Nintendo_3DS_XL/167236_Nintendo_3DS_XL_Hinge_Midframe_Replacement/step23_1.jpg	https://guide-images.cdn.ifixit.com/igi/NdV2MJBq2QYSbG5K.large	FixitKevin	https://www.ifixit.com/Guide/Nintendo+3DS+XL+Hinge-Midframe+Replacement/167236
167236	Nintendo 3DS XL Hinge/Midframe Replacement	Nintendo 3DS XL	23	2	Nintendo_3DS_XL/167236_Nintendo_3DS_XL_Hinge_Midframe_Replacement/step23_2.jpg	https://guide-images.cdn.ifixit.com/igi/NARnajqfLKcAoBKr.large	FixitKevin	https://www.ifixit.com/Guide/Nintendo+3DS+XL+Hinge-Midframe+Replacement/167236
167236	Nintendo 3DS XL Hinge/Midframe Replacement	Nintendo 3DS XL	24	1	Nintendo_3DS_XL/167236_Nintendo_3DS_XL_Hinge_Midframe_Replacement/step24_1.jpg	https://guide-images.cdn.ifixit.com/igi/njSw1XiPdQ1YeJT4.large	FixitKevin	https://www.ifixit.com/Guide/Nintendo+3DS+XL+Hinge-Midframe+Replacement/167236
167236	Nintendo 3DS XL Hinge/Midframe Replacement	Nintendo 3DS XL	24	2	Nintendo_3DS_XL/167236_Nintendo_3DS_XL_Hinge_Midframe_Replacement/step24_2.jpg	https://guide-images.cdn.ifixit.com/igi/L4yWZLgZlb4XjlRR.large	FixitKevin	https://www.ifixit.com/Guide/Nintendo+3DS+XL+Hinge-Midframe+Replacement/167236
167236	Nintendo 3DS XL Hinge/Midframe Replacement	Nintendo 3DS XL	25	1	Nintendo_3DS_XL/167236_Nintendo_3DS_XL_Hinge_Midframe_Replacement/step25_1.jpg	https://guide-images.cdn.ifixit.com/igi/GqcDSQfAZJsNr5uL.large	FixitKevin	https://www.ifixit.com/Guide/Nintendo+3DS+XL+Hinge-Midframe+Replacement/167236
167236	Nintendo 3DS XL Hinge/Midframe Replacement	Nintendo 3DS XL	25	2	Nintendo_3DS_XL/167236_Nintendo_3DS_XL_Hinge_Midframe_Replacement/step25_2.jpg	https://guide-images.cdn.ifixit.com/igi/RM6jbgLWGYTdQZPR.large	FixitKevin	https://www.ifixit.com/Guide/Nintendo+3DS+XL+Hinge-Midframe+Replacement/167236
167236	Nintendo 3DS XL Hinge/Midframe Replacement	Nintendo 3DS XL	26	1	Nintendo_3DS_XL/167236_Nintendo_3DS_XL_Hinge_Midframe_Replacement/step26_1.jpg	https://guide-images.cdn.ifixit.com/igi/5HLRl6qtZeRCDE5h.large	FixitKevin	https://www.ifixit.com/Guide/Nintendo+3DS+XL+Hinge-Midframe+Replacement/167236
167236	Nintendo 3DS XL Hinge/Midframe Replacement	Nintendo 3DS XL	26	2	Nintendo_3DS_XL/167236_Nintendo_3DS_XL_Hinge_Midframe_Replacement/step26_2.jpg	https://guide-images.cdn.ifixit.com/igi/vBJy5iZV5VC4ItIS.large	FixitKevin	https://www.ifixit.com/Guide/Nintendo+3DS+XL+Hinge-Midframe+Replacement/167236
167236	Nintendo 3DS XL Hinge/Midframe Replacement	Nintendo 3DS XL	26	3	Nintendo_3DS_XL/167236_Nintendo_3DS_XL_Hinge_Midframe_Replacement/step26_3.jpg	https://guide-images.cdn.ifixit.com/igi/KGE4OFFRxJGuwMlD.large	FixitKevin	https://www.ifixit.com/Guide/Nintendo+3DS+XL+Hinge-Midframe+Replacement/167236
167236	Nintendo 3DS XL Hinge/Midframe Replacement	Nintendo 3DS XL	27	1	Nintendo_3DS_XL/167236_Nintendo_3DS_XL_Hinge_Midframe_Replacement/step27_1.jpg	https://guide-images.cdn.ifixit.com/igi/wVUsm5pdxLUhnLLA.large	FixitKevin	https://www.ifixit.com/Guide/Nintendo+3DS+XL+Hinge-Midframe+Replacement/167236
167236	Nintendo 3DS XL Hinge/Midframe Replacement	Nintendo 3DS XL	27	2	Nintendo_3DS_XL/167236_Nintendo_3DS_XL_Hinge_Midframe_Replacement/step27_2.jpg	https://guide-images.cdn.ifixit.com/igi/fpr4LZKFA2ZhlZBA.large	FixitKevin	https://www.ifixit.com/Guide/Nintendo+3DS+XL+Hinge-Midframe+Replacement/167236
171913	Nintendo 3DS Cartridge Reader Replacement	Nintendo 3DS	1	1	Nintendo_3DS/171913_Nintendo_3DS_Cartridge_Reader_Replacement/step01_1.jpg	https://guide-images.cdn.ifixit.com/igi/ItMZCwD5GHHMMALY.large	Abraham Zapata	https://www.ifixit.com/Guide/Nintendo+3DS+Cartridge+Reader+Replacement/171913
171913	Nintendo 3DS Cartridge Reader Replacement	Nintendo 3DS	2	1	Nintendo_3DS/171913_Nintendo_3DS_Cartridge_Reader_Replacement/step02_1.jpg	https://guide-images.cdn.ifixit.com/igi/264rNpPbIEaP1BBB.large	Abraham Zapata	https://www.ifixit.com/Guide/Nintendo+3DS+Cartridge+Reader+Replacement/171913
171913	Nintendo 3DS Cartridge Reader Replacement	Nintendo 3DS	2	2	Nintendo_3DS/171913_Nintendo_3DS_Cartridge_Reader_Replacement/step02_2.jpg	https://guide-images.cdn.ifixit.com/igi/TWKLEJcSlwVMrRS1.large	Abraham Zapata	https://www.ifixit.com/Guide/Nintendo+3DS+Cartridge+Reader+Replacement/171913
171913	Nintendo 3DS Cartridge Reader Replacement	Nintendo 3DS	3	1	Nintendo_3DS/171913_Nintendo_3DS_Cartridge_Reader_Replacement/step03_1.jpg	https://guide-images.cdn.ifixit.com/igi/foncqFATJoSORHWA.large	Abraham Zapata	https://www.ifixit.com/Guide/Nintendo+3DS+Cartridge+Reader+Replacement/171913
171913	Nintendo 3DS Cartridge Reader Replacement	Nintendo 3DS	3	2	Nintendo_3DS/171913_Nintendo_3DS_Cartridge_Reader_Replacement/step03_2.jpg	https://guide-images.cdn.ifixit.com/igi/CyWxkodvpevkB2g6.large	Abraham Zapata	https://www.ifixit.com/Guide/Nintendo+3DS+Cartridge+Reader+Replacement/171913
171913	Nintendo 3DS Cartridge Reader Replacement	Nintendo 3DS	3	3	Nintendo_3DS/171913_Nintendo_3DS_Cartridge_Reader_Replacement/step03_3.jpg	https://guide-images.cdn.ifixit.com/igi/NaE6rFYKpm4YVj55.large	Abraham Zapata	https://www.ifixit.com/Guide/Nintendo+3DS+Cartridge+Reader+Replacement/171913
171913	Nintendo 3DS Cartridge Reader Replacement	Nintendo 3DS	4	1	Nintendo_3DS/171913_Nintendo_3DS_Cartridge_Reader_Replacement/step04_1.jpg	https://guide-images.cdn.ifixit.com/igi/DCbFfmOGATaFDqFD.large	Abraham Zapata	https://www.ifixit.com/Guide/Nintendo+3DS+Cartridge+Reader+Replacement/171913
171913	Nintendo 3DS Cartridge Reader Replacement	Nintendo 3DS	5	1	Nintendo_3DS/171913_Nintendo_3DS_Cartridge_Reader_Replacement/step05_1.jpg	https://guide-images.cdn.ifixit.com/igi/buf2MD5NHrDdU3C5.large	Abraham Zapata	https://www.ifixit.com/Guide/Nintendo+3DS+Cartridge+Reader+Replacement/171913
